"","ID","Monkey","Sample","Week","K120E","K120Q","K120*","K120R","K120T","K120I","K120N","K120N.1","T132A","T132P","T132S","T132I","T132K","T132R","P135S","P135T","P135A","P135L","P135Q","P135R","N136D","N136H","N136Y","N136S","N136T","N136I","N136K","N136K.1","T138A","T138P","T138S","T138I","T138K","T138R","S139P","S139T","S139A","S139L","S139*","S139*.1","N198D","N198H","N198Y","N198S","N198T","N198I","N198K","N198K.1","D201N","D201H","D201Y","D201G","D201A","D201V","D201E","D201E.1","N202D","N202H","N202Y","N202S","N202T","N202I","N202K","N202K.1"
"1","Run_4_01_Animal_16314","16314","plasma",3,0.00181900118808636,2.45810971363022e-05,0.000258101519931173,0.00196465265843345,8.61329975513619e-05,0.000360938275453326,6.57618926272698e-05,0.000184955323014196,0,0,0,0,0,0,0,0,0,0,0,0,0,0.00851063829787234,0,0,0,0,0,0,0,0,0,0,0,0,0,0,0.00418410041841004,0,0,0,0.00275425219941349,9.3841642228739e-05,0.00044574780058651,0.00239836127533094,8.8655377881883e-05,0.000321959003886838,0.000274694576877235,4.19025625744934e-05,0.00242694252913414,3.90044335039416e-05,0.000151683908070884,0.00189313266127124,0.000103261781523886,0.000447467719936838,0.000119356667561842,9.37802387985899e-05,0.00133222033912596,8.01018558335231e-05,0.000219226131754905,0.00122808929424684,5.02971724606215e-05,0.000247294431264722,0.000213138527505318,0.000167167472553191
"2","Run_4_02_Animal_16314","16314","plasma",8,0.0014010612293567,2.98098133905682e-05,0.000298098133905682,0.00148224784377705,0.000263621260805985,0.000263621260805985,6.48628151459663e-05,0.000169641208843296,0,0,0,0.00114155251141553,0,0.00114155251141553,0.00271370420624152,0,0,0.00135869565217391,0,0.00135869565217391,0.00137362637362637,0.00137362637362637,0.00137362637362637,0.00136612021857923,0,0,0,0,0.00140252454417952,0,0,0,0,0,0,0,0.00863309352517986,0,0,0,0.00162623171995085,3.61384826655745e-05,0.000542077239983617,0.00187502620843342,4.79239925478192e-05,0.000730840886354242,0.000286865161421417,0.000113550793062644,0.00227408208773983,7.17550173315965e-05,0.00023734351886605,0.00255788095720616,0.000115022484157022,0.000460089936628089,0.000141049079654755,0.000124774185848437,0.00170264713441275,3.74796539021674e-05,0.000214169450869528,0.00121833136485034,2.12808972026261e-05,0.000191528074823635,0.000185645861953737,0.000121995852141027
"3","Run_4_03_Animal_16314","16314","L ing LN",8,0.00124902719996925,5.76474092293502e-05,0.000297844947684976,0.00157816740122019,7.69837756692777e-05,0.000307935102677111,0.000135023050363598,0.000115734043168798,0,0,0,0,0,0,0,0,0,0,0,0,0,0,0,0,0,0,0,0,0,0,0,0,0,0,0,0,0,0,0,0,0.00402294226503144,8.04588453006287e-05,0.000505741313318238,0.00313010498417812,5.71187040908416e-05,0.000228474816363366,0.000284858083702699,7.97602634367558e-05,0.000503730755910966,5.24719537407256e-05,0.000199393424214757,0.00169622044622045,7.28438228438228e-05,0.000426656676656677,6.18161587438957e-05,6.18161587438957e-05,0.00139322506177987,5.08476299919661e-05,0.000162712415974291,0.00166686871135895,0.000101022346142967,0.000252555865357417,0.00021142074742268,5.03382731958763e-05
"4","Run_4_04_Animal_16314","16314","L cran HLN 1",8,0.0027570235174106,0.00013785117587053,0.000220561881392848,0.00135286240837118,4.14141553583015e-05,0.000400336835130248,2.76690231451379e-05,0.000110676092580551,0,0,0,0,0,0,NA,NA,NA,NA,NA,NA,NA,NA,NA,NA,NA,NA,NA,NA,NA,NA,NA,NA,NA,NA,NA,NA,NA,NA,NA,NA,0.00342618063219621,0.000312968423133308,0.000312968423133308,0.00209688252543289,6.55275789197779e-05,0.000278492210409056,0.000261549024095204,4.90404420178507e-05,0.00074180607069866,7.56944970100674e-05,0.000181666792824162,0.00129263050307376,3.00611744900873e-05,0.000360734093881048,0.000134058240857973,7.44768004766515e-05,0.00127959994116782,0.000102956317105457,8.82482718046772e-05,0.00244112788878981,5.84701290728099e-05,0.00159331101723407,5.8282700237502e-05,0.000145706750593755
"5","Run_4_05_Animal_16314","16314","R carinal LN gran ",8,0.00132429161814736,6.8497842317967e-05,0.000502317510331758,0.00148574824567419,0.000114288326590322,0.000320007314452902,6.87426960885406e-05,0.000183313856236108,0,0,0,0,0,0,0,0,0,0,0,0,0,0,0,0,0,0,0,0,0,0,0,0,0,0,0,0,0,0,0,0,0.00184429665232214,0.000195607220700833,0.000558877773430951,0.00527470086893756,8.32847505621721e-05,0.00013880791760362,0.000913317834606443,0,0.000814000814000814,7.63125763125763e-05,0.000330687830687831,0.00184231778719968,7.57116898849182e-05,0.000353321219462952,2.4997500249975e-05,0,0.0011100421816029,2.466760403562e-05,7.40028121068601e-05,0.00117537587541016,2.44869974043783e-05,0.000881531906557618,0.000170881749829118,2.44116785470169e-05
"6","Run_4_06_Animal_20615","20615","plasma",3,0.00167118140510311,8.19206571128976e-05,0.000273068857042992,0.00187581349054437,4.37507519660494e-05,0.000278911043783565,0.000142465753424658,0.000164383561643836,0,0,0,0,0,0,0,0,0,0,0,0,0,0,0,0,0,0,0,0,0,0.0135135135135135,0,0,0,0,0,0,0,0.0181818181818182,0,0,0.00219732488470432,5.11005787140539e-05,0.000619594516907904,0.00290930341874913,8.89306721888379e-05,0.000190565726118938,0.000272536554757664,6.33805941296894e-05,0.00465236799641944,0.000135448688503351,0.000194339422635243,0.00146701267124889,8.18254079581054e-05,0.000461729087763595,0.000695289414218669,0.000110087490584623,0.00143205746560198,9.16516777985267e-05,0.000189031585459461,0.00222625846234435,9.67938461888846e-05,0.000284687782908484,0.000136277688503274,9.08517923355157e-05
"7","Run_4_07_Animal_20615","20615","plasma",6,0.00173661817291981,4.73623138069038e-05,0.000197342974195433,0.00245036044011635,5.53307196155305e-05,0.000292462375110661,3.95936111749008e-05,0.000126699555759683,0,0,0,0,0,0,0,0,0,0,0,0,0,0,0,0,0,0,0,0,0,0,0,0,0,0,0,0,0,0,0,0,0.00299689412790381,7.26519788582741e-05,0.000345096899576802,0.00227699869885789,9.03570912245193e-05,0.000262035564551106,0.000440841737816124,0.000233916024147331,0.00203623321992995,0.000125693408637651,0.000192729893244398,0.0017720465890183,8.31946755407654e-05,0.000399334442595674,5.7648279610627e-05,9.88256221896464e-05,0.00159540263567027,5.69786655596526e-05,0.000187215615410287,0.00210451337175419,6.47542575924367e-05,0.000267111312568801,9.68405762014284e-05,8.0700480167857e-05
"8","Run_4_08_Animal_20615","20615","R ing LN",6,0.00151458515042018,5.2608990599604e-05,0.000188284808461741,0.00167733135195679,0.000108125492109612,0.000196843844609806,6.66850050430535e-05,0.000186162305745191,0,0,0,0,0,0,0,0,0,0,0,0,0,0,0,0.0303030303030303,0,0,0,0,0,0,0.00341296928327645,0,0,0,0.00749063670411985,0,0,0,0,0,0.00158981316876449,5.6376353502287e-05,0.000379600780248732,0.00173273982015356,4.10778836674335e-05,0.00016804588773041,0.000238359490804538,2.97949363505672e-05,0.00268428311768019,5.05832245794005e-05,0.000131516383906441,0.00170897948557047,5.34056089240773e-05,0.000443934124181392,9.892207907831e-05,0.000122003897529916,0.00105642817098582,2.26840404812905e-05,0.000372666379335487,0.0025045976568026,6.43028923440976e-05,0.000215414689352727,0.00160428834921611,0.000131289066502715
"9","Run_4_09_Animal_20615","20615","L cran HLN 1",6,0.00183783069947616,5.50248712418013e-05,9.90447682352423e-05,0.00191765120789984,0.000297566566743079,0.00058411214953271,6.62675885224537e-05,0.00027611495217689,0,0.0102040816326531,0,0,0,0,0,0,0,0,0,0,0,0,0,0,0,0,0,0,0,0,0,0,0,0,0,0,0,0,0,0,0.00203971194272156,4.16267743412563e-05,0.000444018926306734,0.0020950201921354,0.000261877524016926,0.000206745413697573,0.00159432639709723,1.37441930784244e-05,0.00193759436336185,3.77453447408153e-05,0.000150981378963261,0.00173379401529231,7.48400294370782e-05,0.000349253470706365,7.4036598758653e-05,4.93577325057687e-05,0.00209037213485331,1.21533263654262e-05,0.00035244646459736,0.00133975449904045,0.000615562877937502,0.00025346706738603,0.000120294963249889,9.6235970599911e-05
"10","Run_4_10_Animal_20615","20615","central carinal LN gran",6,0.00140818901025827,5.86745420940944e-05,0.00020536089732933,0.00349472365252462,9.78914188382246e-05,0.000254517688979384,1.96113039556e-05,0.000196113039556,0,0,0,0.0138888888888889,0,0,0,0,0,0,0,0,0,0,0,0,0,0,0,0,0,0,0,0,0,0,0,0,0,0,0,0,0.00256609642301711,3.33259275716507e-05,0.000411019773383693,0.0023326258070222,5.52754930573981e-05,0.000442203944459185,0.000331008915173449,6.62017830346897e-05,0.0017400974042689,2.05928686895728e-05,0.000133853646482223,0.00193332583189272,7.16046604404709e-05,0.000337564827790792,6.08630378770972e-05,7.10068775232801e-05,0.00135449692980696,5.01665529558133e-05,0.000180599590640928,0.00232618505650733,4.99181342598139e-05,0.000259574298151032,0.000826421594495833,0.0001095257534874
"11","Run_4_11_Animal_3516","3516","plasma",3,0.00220982178343747,6.35919937679846e-05,0.000174877982861958,0.00157583089265249,6.36699350566662e-05,0.000350184642811664,4.78613934047e-05,0.000255260764825067,0,0,0,0,0,0,0,0,0,0,0,0,0,0,0,0,0,0,0,0,0,0,0,0,0,0,0,0,0,0,0,0,0.00158769203246942,8.94474384489814e-05,0.000357789753795926,0.00235403850851673,4.44158209154101e-05,0.000199871194119345,0.000265627766955906,0.000110678236231627,0.00221119942628339,0.000179286439968924,0.000199207155521026,0.00210816668308541,3.94049847305684e-05,0.000315239877844547,5.83873416243358e-05,9.73122360405597e-05,0.00114582537621267,9.54854480177221e-05,0.000324650523260255,0.00158538426694851,5.66208666767326e-05,0.000358598822285973,0.000150347679007705,0.000112760759255779
"12","Run_4_12_Animal_3516","3516","plasma",8,0.00129175026867347,5.55876140207845e-05,0.000230291543800393,0.0459511397538939,7.96288235106756e-05,0.000273392294053319,9.04541596941585e-05,0.000239437481543361,0,0,0,0.00145985401459854,0,0,0.00183823529411765,0,0,0.00183823529411765,0,0,0.00371747211895911,0,0,0,0,0.00185185185185185,0,0,0.00186915887850467,0,0,0,0,0,0.00192678227360308,0,0.00192678227360308,0.0248565965583174,0,0,0.00216444276746819,4.45923232600418e-05,0.000456213768737351,0.00278142309331061,5.7946314443971e-05,0.000248828291435876,0.000227788109460686,6.11968055267515e-05,0.00150412858434774,4.04001479266955e-05,0.000105661925346742,0.00176824854057884,6.16114474069282e-05,0.000375829829182262,0.000155405837774588,0.000103603891849726,0.00172300451163028,3.60210002431417e-05,0.000177103251195447,0.00286849599065877,3.5744498325966e-05,0.000184679908017491,0.000142460712006767,0.000988321189546945
"13","Run_4_13_Animal_3516","3516","L ing LN",9,0.00140536804515609,4.60776408247898e-05,0.000230388204123949,0.0522764039750404,9.24428010168708e-05,0.000369771204067483,0.000138982187116351,0.000347455467790878,0,0,0,0,0,0,0,0,0,0,0,0,0,0,0,0,0,0,0,0,0,0,0,0,0,0,0,0,0,0,0,0,0.00387124144879885,0,0.000238638171501299,0.00208410278056244,0,0.000184667334986546,0.000368527731711811,2.63234094079865e-05,0.000956937799043062,0.000196294933137038,0.000245368666421298,0.0024858646909729,0.00017059855722363,0.000414310781828817,7.24515178592992e-05,0.000169053541671698,0.000978940833771071,4.77532114034669e-05,0.000191012845613868,0.00244562636527685,0.00011871972646975,0.000308671288821351,0.000142055543717594,2.36759239529323e-05
"14","Run_4_14_Animal_3516","3516","L cran HLN 1",9,0.00111146820933098,1.33911832449515e-05,0.000120520649204564,0.197645408816906,1.34856310601055e-05,0.000552910873464324,4.05668541756815e-05,0.000121700562527045,0,0,0,0,0,0,0,0,0,0,0,0,0,0,0,0,0,0,0,0,0,0,0,0,0,0,0,0,0,0,0,0,0.00186086458631549,4.7714476572192e-05,0.000524859242294112,0.00248476695418216,9.49592466566432e-05,0.000269051198860489,0.000268397038159744,4.73641832046606e-05,0.000525900604785696,8.76501007976159e-05,0.000262950302392848,0.00342078562110451,0.000115958834613712,0.000333381649514422,5.74333055739023e-05,0.00012922493754128,0.000666298076241512,5.67062192545967e-05,0.000184295212577439,0.00131008057699893,4.2260663774159e-05,0.000169042655096636,0.000140435631328381,8.42613787970284e-05
"15","Run_4_15_Animal_3516","3516","R carinal LN w/ gran ",9,0.00185335132703554,5.39811066126856e-05,0.000179937022042285,0.0814730530270192,0.000108365843086259,0.000325097529258778,0.000126726650614624,7.24152289226424e-05,0,0,0,0,0,0,0,0,0,0,0,0,NA,NA,NA,NA,NA,NA,NA,NA,NA,NA,NA,NA,NA,NA,NA,NA,NA,NA,NA,NA,0.00380855935188447,2.20147939415287e-05,0.000814547375836562,0.00122570478024864,6.56627560847487e-05,0.000196988268254246,0.000502205336477575,4.36700292589196e-05,0.00267395806107883,8.04197913106416e-05,0.000201049478276604,0.00139572906904871,7.97559468027835e-05,0.000458596694116005,5.92311792927797e-05,7.89749057237063e-05,0.00116975025831985,1.94958376386641e-05,0.000604370966798588,0.00230521870520321,7.74863430320406e-05,0.000251830614854132,0.000173788788692143,9.65493270511905e-05
"16","Run_4_16_Animal_30816","30816","plasma",5,0.00240886242071827,9.25167643803604e-05,0.000219298997049743,0.00157410646309595,0.000144035885512048,0.000445825359918242,7.21565177951717e-05,0.000134004961619605,0,0,0,0,0,0,0,0,0,0,0,0,0,0,0,0,0,0,0,0,0,0,0,0,0,0,0,0,0,0,0,0,0.00521219677719733,2.36738687836366e-05,0.000489259954861824,0.00266082697560516,9.41885655081473e-05,0.000247244984458887,0.000399459554720085,6.26603223090329e-05,0.00199967278081768,7.27153738479158e-05,0.000145430747695832,0.00202917388792605,3.97169266320046e-05,0.000368284228769497,0.000103764875947302,8.22962809237221e-05,0.00112819315798595,3.18299010090079e-05,0.000123782948368364,0.00137845669114131,7.03294230174136e-05,0.000270768278617042,0.000284020182965101,6.66220182263816e-05
"17","Run_4_17_Animal_30816","30816","plasma",8,0.00211057174277685,7.77579063128312e-05,0.000222165446608089,0.00308126988364591,0.00030034038577054,0.000266969231796036,5.57208607758573e-05,0.000100297549396543,0,0,0,0,0,0,0,0,0,0,0,0,0,0,0,0,0,0,0,0,0,0,0,0,0,0,0,0,0.0192307692307692,0,0,0,0.00245161709312898,4.87076243668009e-05,0.000422132744512274,0.00257806709419613,6.44516773549032e-05,0.000193355032064709,0.000224823754235519,8.02941979412568e-05,0.00102278947823331,4.32164568267596e-05,0.000216082284133798,0.00210868264326219,0.000185222124070327,0.000541418516513265,0.000112555574314818,0.000154763914682875,0.00157456388723913,5.52478556926009e-05,0.000220991422770404,0.00139683930870149,0.000136945030264852,0.000191723042370792,0.000109086942293008,9.54510745063816e-05
"18","Run_4_18_Animal_30816","30816","R ing LN",8,0.00102550078621727,0,0.000136733438162303,0.000958378970427163,6.84556407447974e-05,0.000273822562979189,0.000137164803511419,6.85824017557095e-05,0,0.2,0,0,0,0,0,0,0,0,0,0,0,0,0,0,0,0,0,0,0,0,0,0,0,0,0,0,0,0,0,0,0.00175628208592272,0.000270197243988111,0.000810591731964334,0.00307199145184987,0,0,0.000265745415891576,0,0.00240082313936207,0,0.000457299645592775,0.00168653024510906,0,0,0,0.000330797221303341,0.00118216012896292,0,0.000214938205265986,0.00212089077412513,0,0,0.000421674045962471,0.000316255534471853
"19","Run_4_19_Animal_30816","30816","L cran HLN 1",8,0.00554244072667556,0,0.000102637791234733,0.00102870075095155,0,0.000102870075095155,0,0,0,0,0,0,0,0,0,0.0714285714285714,0,0,0,0,0,0,0,0,0,0,0,0,0,0,0,0,0,0,0,0,0,0,0,0,0.00198065944308517,0,0.00337877199114529,0.00185356811862836,0.000231696014828545,0,0.000115580212667591,0,0.0021577300679685,0,0.000107886503398425,0.00182032337509369,0.000107077845593747,0.000107077845593747,0,0,0.000630914826498423,0.00010515247108307,0,0.00230390616818515,0.00010472300764478,0.000209446015289559,0.00010443864229765,0.00010443864229765
"20","Run_4_20_Animal_30816","30816","L cran HLN 2 gran",8,0.00209643605870021,0,0.000524109014675052,0.00473684210526316,0,0.000263157894736842,0.000263713080168776,0.000527426160337553,0,0,0,0,0,0,0,0,0,0,0,0,0,0,0,0,0,0,0,0,0,0,0,0,0,0,0,0,0,0,0,0,0.00287631831255992,0,0.00159795461808885,0.0025388765471279,0,0,0.00031675641431739,0,0.000294031167303734,0,0.00117612466921494,0.00261780104712042,0,0.00174520069808028,0,0,0.00158102766798419,0,0.000263504611330698,0.00104959328260299,0.000524796641301496,0,0,0
"21","Run_4_21_Animal_3216","3216","plasma",3,0.00147938509037113,8.44214317874831e-05,0.000293464977166013,0.0031281956309937,4.83119016369683e-05,0.000197273598350954,4.43695092732274e-05,8.87390185464549e-05,0,0,0,0.00181488203266788,0,0,0,0,0,0.00194931773879142,0,0,0.00389863547758285,0,0,0,0,0,0,0,0.00194931773879142,0,0,0,0,0,0,0,0.00198412698412698,0,0,0,0.00241367781294226,5.95404394084428e-05,0.000435103211061698,0.00252501082473052,5.01355939928443e-05,0.000278024657596682,0.000241119522492357,5.00436744795458e-05,0.00130009177118385,4.67353251079161e-05,0.000131708643485945,0.00146869526683408,6.3305830466986e-05,0.000447361201966701,8.37426254150494e-05,8.79297566858019e-05,0.00154934070167735,5.38540885609773e-05,0.000161562265682932,0.00181645934590988,9.4735974956751e-05,0.000218304637943817,0.000127336731717937,6.98298206195137e-05
"22","Run_4_22_Animal_3216","3216","plasma",8,0.00294154659283961,4.71905870509029e-05,0.000204492543887246,0.00204782458019596,0.000141772470936643,0.000267792445102549,0.000142049938445027,0.000126266611951135,0,0,0,0,0,0,0,0,0,0,0,0,0,0,0,0,0,0,0,0,0,0,0,0,0,0,0.0476190476190476,0,0,0,0,0,0.00309479396303205,0.000105986094624385,0.00036035272172291,0.00240121324458674,0.00185356811862836,0.000147442918527256,0.000377952755905512,8.3989501312336e-05,0.00260843075282739,9.51982026579338e-05,0.000152317124252694,0.00424248138022061,9.42773640049024e-05,0.000301687564815688,7.45253665716468e-05,0.000149050733143294,0.00197838431947243,3.66367466568969e-05,3.66367466568969e-05,0.00134089550075199,0.000253682932574701,0.000181202094696215,0.000144448657530289,0.000144448657530289
"23","Run_4_23_Animal_3216","3216","R ing LN",9,0.00164047660162321,3.4536349507857e-05,0.000189949922293214,0.00176403445055515,0.000121061187783197,0.000276711286361592,1.73283196728413e-05,0.000277253114765461,0,0,0,0,0,0,0,0,0,0,0,0,0,0,0,0,0,0,0,0,0,0,0,0,0,0,0,0,0,0,0,0,0.00263517862890248,4.02317347924043e-05,0.000563244287093659,0.00384199783887622,8.00416216432545e-05,0.000160083243286509,0.000439393636781242,0,0.00112990164298813,0,0.000203752755292941,0.00178289159283903,0,0.00053302944528177,3.64305360753384e-05,0.000236798484489699,0.00178246700635567,9.00235861795791e-05,0.000162042455123242,0.00187879113210586,0.000107359493263192,0.000214718986526384,0.000160605303544024,8.92251686355687e-05
"24","Run_4_24_Animal_3216","3216","R cran HLN 1 gran",9,0.00271892370901474,4.02803512446629e-05,0.00028196245871264,0.00189546701080819,0.000120987256009034,0.000403290853363446,0,0.000222285090732732,0,0,0,0,0,0,0,0,0,0,0,0,0,0,0,0,0,0,0,0,0,0,0,0,0,0,0,0,0,0,0,0,0.0027002700270027,0.000165806054289639,0.000521104742053153,0.00228584894544598,4.71309060916696e-05,0.000282785436550018,0.000282240045158407,4.70400075264012e-05,0.00298740096116379,0.000108239165259558,0.000324717495778673,0.00281423875915702,0.000107413693097596,0.000429654772390384,0.000127711202400971,0.000127711202400971,0.00197653391648093,0.000168215652466462,0.000441566087724463,0.00503857331019632,0.000104534715979177,0.000104534715979177,0.000125067745028557,6.25338725142786e-05
"25","Run_5_01_Animal_stock_virus","stock_virus","stock_virus",NA,0.000853591914777383,5.1215514886643e-05,0.000187790221251024,0.00139576304567485,7.70666712335805e-05,0.00019694815981915,0.000111971473113927,0.000146424234072058,0,0,0,0,0,0,0,0,0,0,0,0,0,0,0,0,0,0,0,0,0,0,0,0,0,0,0,0,0,0,0,0,0.00204090971491328,9.15206150185329e-06,0.000347778337070425,0.00229380762964109,2.73072336862035e-05,0.000254867514404566,0.000244860202961902,2.72066892179891e-05,0.000603188964816623,3.17467876219275e-05,0.000158733938109638,0.00208171313207488,7.85552125311275e-05,0.000502753360199216,6.99262666366243e-05,0.000279705066546497,0.000748525862332345,2.29140570101738e-05,0.000183312456081391,0.00087407936640647,0.000273624845135938,0.000228020704279949,0.000242411387274917,7.57535585234116e-05
"26","Run_5_02_Animal_3816","3816","plasma",8,0.00134493631477487,3.98499648822184e-05,0.000273968508565252,0.00290217038387572,4.99512974849522e-05,0.000264741876670247,7.03015938375632e-05,0.000150646272509064,0,0.0036231884057971,0,0,0,0,0,0,0,0,0,0,0,0,0,0,0,0,0.00423728813559322,0,0,0,0,0.00429184549356223,0,0,0.0171673819742489,0,0,0,0,0,0.0166993657891135,0.000342200118629374,0.00274900761965597,0.0384833178554441,0.00154023873700424,0.000520963102222021,0.00194966923241635,0.00281180620513225,0.0193455563548694,8.74924659265452e-05,0.000155542161647192,0.0106987822211978,4.32177019707272e-05,0.000417771119050363,0.000550951103089601,0.000109240304922938,0.0167251877031116,0.00119999252922939,0.000182100033618468,0.0562760719969932,0.00244073333364268,0.00064498466421356,0.00546294418115768,0.0152363126740305
"27","Run_5_03_Animal_3816","3816","L ing LN",8,0.00119082047530749,4.25293026895531e-05,0.000297705118826872,0.00190307136944333,4.26697616467114e-05,0.000435231568796457,3.43385957231279e-05,9.44311382386017e-05,0,0,0,0,0,0,0,0,0,0,0,0,0,0,0,0,0,0,0,0,0,0,0,0,0,0,0,0,0,0,0,0,0.00223311595298891,4.44843815336435e-05,0.000613884465164281,0.0281905807171117,0.000115063594763721,0.000230127189527443,0.000308609318237929,5.29044545550735e-05,0.00309464057520285,4.6188665301535e-05,0.000200150882973318,0.00164518782561009,5.33162721262529e-05,0.000472229838832526,6.78380028491961e-05,5.27628911049303e-05,0.00107610672010093,5.19499795910794e-05,0.000608556903781216,0.0013063694737619,2.21418554874899e-05,0.000332127832312348,0.00042676555854782,8.09382955866555e-05
"28","Run_5_04_Animal_3816","3816","L cran HLN 1",8,0.00122524244484877,5.51359100181949e-05,0.000226669852297023,0.00471909698112976,9.83145204402033e-05,0.000208918355935432,6.79431747992588e-05,0.000259419394688079,0,0,0,0,0,0,0,0,0,0,0,0,0,0,0,0,0,0,0,0,0,0,0,0,0,0,0,0,0,0,0,0,0.00497876066489612,7.9602278072467e-05,0.000542742805039548,0.00602270928375092,2.15867716263474e-05,0.000309410393310979,0.000315412186379928,7.16845878136201e-05,0.00856989823245849,4.92522886922902e-05,0.000184696082596088,0.00520678098065097,9.73230089841303e-05,0.000517028485228192,0.00011423967483781,0.000156327976093845,0.00417497140026654,5.30716703423712e-05,0.000312533169793964,0.00293674566375728,2.93088389596535e-05,0.000222747176093366,0.000198587691067642,0.000110975474420153
"29","Run_5_05_Animal_16314","16314","*RLL gran 6",8,0.000982714307312402,2.51978027516001e-05,0.000277175830267601,0.00176950883490483,0.000227508278773478,0.000252786976414975,5.08026823816298e-05,0.00010160536476326,0,0,0,0,0,0,NA,NA,NA,NA,NA,NA,NA,NA,NA,NA,NA,NA,NA,NA,NA,NA,NA,NA,NA,NA,NA,NA,NA,NA,NA,NA,0.00158668480020724,0.000161906612266045,0.000712389093970598,0.00238125884927275,9.65375209164629e-05,0.000128716694555284,0.000384344372557812,3.2028697713151e-05,0.00040358382436032,0,0.000215244706325504,0.00108825481088255,5.3085600530856e-05,0.00039814200398142,0.00010468737731948,0.000366405820618179,0.00117861077660201,5.12439468087832e-05,0.000102487893617566,0.00165339709510849,2.54368783862844e-05,0.000178058148703991,0.000202695854869768,0.000101347927434884
"30","Run_5_06_Animal_16314","16314","RLL gran 4",8,0.00151176301552993,4.99756368770224e-05,0.000262372093604368,0.00189178015259525,0.000100226763051404,0.000175396835339957,7.55876943233641e-05,0.000100783592431152,0,0,0,0,0,0,0,0,0,0,0,0,0,0,0,0,0,0,0,0,0,0,0,0,0,0,0,0,0,NA,NA,NA,0.00175095130425192,9.65091270060111e-05,0.000454971598742624,0.001715642542445,1.372514033956e-05,0.000260777666451639,0.000341959840236363,4.10351808283635e-05,0.00229964906397097,5.98866943742439e-05,0.000155705405373034,0.00189724070055613,2.37155087569516e-05,0.000284586105083419,5.86868236343576e-05,0.000117373647268715,0.00107425033498129,4.62043154830661e-05,0.000219470498544564,0.00104573661227304,8.0441277867157e-05,0.000183865777982073,8.01961368375226e-05,8.01961368375226e-05
"31","Run_5_07_Animal_16314","16314","RLL gran D",8,0.00136431679941385,6.9479096266446e-05,0.000246334977671945,0.00178004700337639,0.000101354989516093,0.000291395594858768,4.45865552427419e-05,0.000121020649944585,0,0,0,0,0,0,0,0,0,0,0,0,0,0,0,0,0,0,0,0,0,0,0,0,0,0,0,0,0,0,0,0,0.00810024700593975,2.57969649870693e-05,0.000477243852260782,0.002548891200226,4.49426659989471e-05,0.000192611425709773,0.000537689471528062,5.76095862351495e-05,0.00894362293097401,5.65694050029982e-05,0.000186679036509894,0.0015699907482688,4.48568785219659e-05,0.000409319016512938,9.44974680237244e-05,0.000105614817202986,0.00124968483825351,3.28864431119345e-05,0.000126064698595749,0.00135320950738809,6.54778793897462e-05,0.000311019927101294,0.00021218485108976,9.24908325263055e-05
"32","Run_5_08_Animal_20615","20615","*RLL gran A",6,0.00110969632733196,4.26806279743063e-05,0.000213403139871531,0.00137611408199643,7.1301247771836e-05,0.000313725490196078,0.00010034259829991,0.000250856495749774,0,0,0,0,0,0,0,0,0,0,0,0,0,0,0,0,0,0,0,0,0,0,0,0,0,0,0,0,0,0,0,0,0.00424281181592346,3.68940157906388e-05,0.000750178321076321,0.00215951099886534,3.66018813367007e-05,0.000280614423581372,0.000351770984958758,2.42600679281902e-05,0.000429834416060177,9.76896400136766e-06,0.000253993064035559,0.00200423862906242,4.79482925613019e-05,0.000489072584125279,0.000103666006973895,0.000245028743756479,0.000923057238687979,1.82783611621382e-05,0.000146226889297106,0.00131247850250729,0.000162928365828491,0.000316805155777621,0.000269932247006001,0.000134966123503001
"33","Run_5_09_Animal_31316","31316","*RUL 2",8,0.00600400266844563,0.000103355288502194,0.000253690253596294,0.00105533935756217,0.000254412166555165,0.000282680185061294,8.52547221643332e-05,0.000246291419585852,0,0.0416666666666667,0,0,0,0,0,0,0,0,0,0,0,0,0,0,0,0,0,0,0.333333333333333,0,0,0,0,0,0,0,0,0,0,0,0.00213041262040752,2.61400321522395e-05,0.000248330305446276,0.00187102893598223,5.19730259995063e-05,0.000207892103998025,0.000297468927430515,0.000129334316274137,0.00265785038247115,1.08042698474437e-05,0.000194476857253987,0.00144882762147248,0.000106531442755329,0.000458085203847916,8.40150807069869e-05,0.000189033931590721,0.00120901639344262,1.02459016393443e-05,0.000256147540983607,0.00242081493988649,0.000152572370160913,0.000152572370160913,0.000273406646819369,7.08832047309476e-05
"34","Run_5_10_Animal_31316","31316","*RUL 3",8,0.00108339101387342,9.0282584489452e-05,0.000541695506936712,0.00455642727821364,6.03500301750151e-05,0.000181050090525045,3.03499347476403e-05,9.10498042429209e-05,0,0,0,0,0,0,0,0,0,0,0,0,0,0,0,0,0,0,0,0,0,0,0,0,0,0,NA,NA,NA,NA,NA,NA,0.00232384924772829,2.97929390734396e-05,0.000506479964248473,0.00421752947815498,0,0.000297009118179928,0.00032601286268931,8.89125989152663e-05,0.000530757390796667,5.30757390796667e-05,0.0002388408258585,0.00110619469026549,0.000210703750526759,0.000474083438685209,0.000156756191869579,7.83780959347894e-05,0.00110799041459455,0,0.000438042722049009,0.00166786410756441,7.69783434260495e-05,0.000230935030278148,0.000179188531933956,0.000511967234097018
"35","Run_5_11_Animal_20615","20615","LML",6,0.00152757456128243,2.76067691798029e-05,0.000202449640651888,0.00198412698412698,0.000129198966408269,0.000212255444813584,0.00010211280680257,0.000129961754112361,0,0,0,0,0,0,0,0,0,0,0,0,0,0,0,0,0,0,0,0,0,0,0,0,0.00671140939597315,0,0.00680272108843537,0,0,0.00680272108843537,0,0,0.00205795508289341,2.55646594148249e-05,0.000536857847711324,0.00233529210188981,7.61508294094503e-05,0.000266527902933076,0.000467348743210812,6.31552355690287e-05,0.00427023113806381,8.39357471855295e-05,0.000230823304760206,0.00222029452465043,0.000103269512774439,0.000619617076646632,6.10109514657881e-05,8.13479352877175e-05,0.0017746140957895,5.9484271367246e-05,0.000208194949785361,0.00144552722409605,4.91675926563284e-05,0.00022617092621911,0.000136986301369863,0.00012720156555773
"36","Run_5_12_Animal_3516","3516","RLL gran 13",9,0.00530179445350734,0,0,0.0488505747126437,0,0.000410509031198686,0,0.000412711514651259,0,0,0,0,0,0,0,0,0,0,0,0,0,0,0,0,0,0,0,0,0,0,0,0,0,0,0,0,0,0,0,0,0.00239377618192699,0,0.000598444045481747,0.00238095238095238,0.000595238095238095,0,0,0,0.00347394540942928,0,0.000496277915632754,0.000981836033382425,0.000490918016691213,0,0.000483558994197292,0,0.000949667616334283,0,0,0.00141242937853107,0,0,0,0
"37","Run_5_13_Animal_3516","3516","RLL gran 38",9,0.00211613643700011,3.58667192711883e-05,0.000107600157813565,0.0207321023647554,7.19864665442897e-05,0.000395925565993593,7.2311808518331e-05,0,0,0,0,0,0,0,NA,NA,NA,NA,NA,NA,NA,NA,NA,NA,NA,NA,NA,NA,NA,NA,NA,NA,NA,NA,NA,NA,NA,NA,NA,NA,0.00157633078695283,4.04187381269957e-05,0.000404187381269957,0.00168966488313151,4.0230116265036e-05,0.000160920465060144,0.000240529164161155,0,0.00450418994413408,3.49162011173184e-05,0.000349162011173184,0.00159037477527313,6.91467293597013e-05,0.000622320564237312,3.42676992666712e-05,0.000102803097800014,0.00127911673623266,0,0.000100982900228895,0.0015737485350745,3.34840113845639e-05,0.000368324125230203,0.0001668724760538,0
"38","Run_5_14_Animal_3616","3616","plasma",2,0.00131665569453588,2.39391944461069e-05,0.000251361541684122,0.00226868968166323,7.20218946559754e-05,0.000492149613482499,4.82765279521097e-05,0.000168967847832384,0,0,0,0,0,0,0,0,0,0,0,0,0,0,0,0,0,0,0,0,0,0,0,0,0,0,0,0,0,0,0,0,0.00162286820601885,2.84713720354184e-05,0.00052672038265524,0.00303094681679768,9.9143120175625e-05,0.000297429360526875,0.000268149486282037,8.46787851416958e-05,0.0056841645006923,7.28739038550295e-05,0.000279349964777613,0.00175377482011796,0.0001081094067196,0.00049249840838929,3.56256457148286e-05,8.31265066679334e-05,0.00198052099352253,4.6600493965236e-05,0.000151451605387017,0.0012163195329333,4.63359822069828e-05,0.000196927924379677,0.000207753834789534,0.000207753834789534
"39","Run_5_15_Animal_3616","3616","plasma",7,0.00143400014340001,3.58500035850004e-05,0.000262900026290003,0.00295971433364488,3.5947947372205e-05,0.000239652982481367,4.8172457397483e-05,0.000120431143493707,0,0,0,0,0,0,0,0,0,0,0,0,0,0,0,0,0,0,0,0,0,0,0,0,0,0,0,0,0,0,0,0,0.0014843833687851,3.06058426553629e-05,0.000397875954519718,0.00219018068990692,6.08383524974144e-05,0.000654012289347204,0.000302929326588107,3.02929326588107e-05,0.00259117205639006,7.69655066254474e-05,0.000256551688751491,0.00127998783377901,5.06925874763963e-05,0.000494252727894864,0.000137660029784625,0.000125145481622386,0.00132377275234418,6.12857755714899e-05,0.000110314396028682,0.00138787436084733,1.21743364986608e-05,0.000353055758461164,0.000278872385571385,0.000145498635950288
"40","Run_5_16_Animal_3616","3616","R ing LN",7,0.00102257330572385,5.11286652861927e-05,0.000357900657003349,0.00174327684774528,0.000102545696926193,0.000307637090778578,0.000360815442900956,7.73175949073478e-05,0,0,0,NA,NA,NA,NA,NA,NA,NA,NA,NA,NA,NA,NA,NA,NA,NA,NA,NA,NA,NA,NA,NA,NA,NA,NA,NA,NA,NA,NA,NA,0.00272299931208438,2.86631506535198e-05,0.000343957807842238,0.00213912894669291,0.000142608596446194,0.000114086877156955,0.000483105515928273,0,0.00208162961861572,2.47813049835204e-05,0.000272594354818725,0.00223367697594502,4.90918016691213e-05,0.000368188512518409,4.85967683149071e-05,0.000121491920787268,0.00231874357564602,4.78091458896087e-05,0.000215141156503239,0.000951406892942939,7.13555169707204e-05,0.000190281378588588,0.000474001042802294,7.11001564203441e-05
"41","Run_5_17_Animal_3616","3616","L cran HLN 1",7,0.00173821558447499,0.000160098803833223,0.000526038926880589,0.00330449549074053,0.000137687312114189,0.000688436560570943,0.000138389150290617,0.000184518867054156,0,0,0,0,0,0,0,0,0,0,0,0,0,0,0,0,0,0,0,0,0,0,0,0,0,0,0,0,0,0,0,0,0.0028725726760887,0,0.000344708721130645,0.00299696509863429,3.79362670713202e-05,0.000341426403641882,0.000377273070248246,0.000188636535124123,0.00107187700976939,0,0.000306250574219827,0.00168664538280826,6.02373351002952e-05,0.000421661345702066,2.96226079744061e-05,0.000296226079744061,0.00152605816297149,2.87935502447452e-05,0.000143967751223726,0.00134097977117749,0.000399440782903934,0.000171188906958829,0.000283712088972111,8.51136266916333e-05
"42","Run_5_18_Animal_3316","3316","plasma",7,0.00101223888837766,4.60108585626208e-05,0.000138032575687862,0.00161491256401975,2.30701794859964e-05,0.00025377197434596,4.64037122969838e-05,9.28074245939675e-05,NA,NA,NA,NA,NA,NA,NA,NA,NA,NA,NA,NA,NA,NA,NA,NA,NA,NA,NA,NA,NA,NA,NA,NA,NA,NA,NA,NA,NA,NA,NA,NA,0.000966183574879227,0,0.000351339481774264,0.00155898146544258,0.000173220162826953,0,0,8.56971462850287e-05,0.000431912136731042,6.17017338187203e-05,0.000308508669093602,0.00210008400336013,0,0.000600024000960038,0.000116380564445738,0.000174570846668606,0.000832085205525046,5.5472347035003e-05,0.000110944694070006,0.00136106271777003,5.44425087108014e-05,0.000163327526132404,0.000323397833234517,0.0106182288578667
"43","Run_5_19_Animal_3316","3316","L ing LN",7,0.00136727489683289,2.48595435787799e-05,0.000223735892209019,0.00157064146992097,0.000124654084914363,0.000349031437760215,0.000125328988595062,0.000125328988595062,0,0,0,0,0,0,0,0,0,0,0,0,0,0,0,0,0,0,0,0,0,0,0,0,0,0,0,0,0,0,0,0,0.00163636363636364,2.5974025974026e-05,0.000311688311688312,0.00307803729856962,0.000181061017562919,0.000310390315822146,0.000232012580237684,0.000154675053491789,0.0010664851372816,2.2691173133651e-05,0.000294985250737463,0.00186454004268224,0.000134786027181849,0.000292036392227339,0.000489617875503527,0.00086795896111989,0.00116037219485495,0.00013136288998358,0.000262725779967159,0.0029635440500316,2.17907650737617e-05,0.000326861476106426,0.000130378096479791,0.000434593654932638
"44","Run_5_20_Animal_3316","3316","L cran HLN 1",7,0.000998513839866246,6.96637562697381e-05,0.00025543377298904,0.00274802049371216,0.000884955752212389,0.000209594783418724,0,0.000187226473823399,0,0,0,0,0,0,0,0,0,0,0,0,0,0,0,0,0,0,0,0,0,0,0,0,0.0526315789473684,0,0,0,0,0,0,0,0.00252467873463102,0.000100987149385241,0.000277714660809412,0.00316519292604502,0.00010048231511254,0.000351688102893891,0.000325382324230971,0.000225264686006057,0.00168878166465621,0,0.000416712358811273,0.00143372290046487,6.51692227484034e-05,0.000521353781987227,0.000107510697314383,4.30042789257531e-05,0.00122678624307289,4.23029738990651e-05,0.000380726765091586,0.00128407536048837,6.31512472371329e-05,0.000463109146405642,0.000125846844390377,0.000104872370325314
"45","Run_5_21_Animal_3816","3816","RLL",8,0.000879447977269652,6.76498444053579e-05,0.00030442429982411,0.00135616206136633,0.000101712154602475,0.000169520257670792,0.000102252973857323,0.000204505947714646,0,0,0,0,0,0,0,0,0,0,0,0,0,0,0,0,0,0,0,0,0,0,0,0,0,0,0,0,0,0,0,0,0.00310994156043881,3.41751819828441e-05,0.000341751819828441,0.00459339911534536,6.80503572643756e-05,0.000204151071793127,0.000169681338446398,3.39362676892795e-05,0.00310971559688425,3.0191413561983e-05,0.000543445444115693,0.00128757935082046,5.98874116660678e-05,0.000359324469996407,5.93542260208927e-05,0.000118708452041785,0.00184783246319,2.9330674018889e-05,0.00029330674018889,0.0077992638897003,8.76321785359584e-05,0.000233685809429222,0.00011648223645894,2.9120559114735e-05
"46","Run_5_22_Animal_4016","4016","plasma",8,0.0013782991202346,0,0.000205278592375367,0.00129263491876965,5.87561326713476e-05,0.000205646464349717,8.85713442177674e-05,0.00011809512562369,0,0,0,0,0,0,0,0,0,0,0,0,0,0,0,0,0,0,0,0,0,0,0,0,0,0,0,0,0,0,0,0,0.0025585141665877,9.47597839476926e-05,0.000331659243816924,0.00220937338410191,0.000141023833027782,4.70079443425939e-05,0.000280649235230834,4.67748725384723e-05,0.00122394339261809,3.82482310193154e-05,0.000382482310193154,0.00187955792797534,7.51823171190136e-05,0.000601458536952109,0.0001476450612727,0.000184556326590876,0.00100531380152233,3.59040643400833e-05,0.000394944707740916,0.00181397830339676,0.000177841010136938,0.00014227280810955,0.000141482739105829,7.07413695529145e-05
"47","Run_5_23_Animal_4016","4016","L cran HLN 1",8,0.00139889279123757,8.92910292279302e-05,0.000267873087683791,0.00176103632510521,5.96961466137361e-05,0.000507417246216757,3.00102034691795e-05,0.000150051017345898,0,0,0,0,0,0,0,0,0,0,0,0,0,0,0,0,0,0,0,0,0.0866666666666667,0,0,0,0,0,0,0,0.00657894736842105,0.00649350649350649,0,0,0.00163205222567122,6.40020480655381e-05,0.000640020480655381,0.0027066615717743,3.18430773149917e-05,0.000318430773149917,0.000317248818248152,0.000158624409124076,0.00250480086833097,8.34933622776989e-05,0.000473129052906961,0.00203957885452842,0.000137809382062731,0.000468551899013285,8.1953778069169e-05,0.000109271704092225,0.00131993642755165,0.000134687390566495,0.00026937478113299,0.00211853043711451,0.000134084204880665,0.000187717886832931,0.000347658652689006,8.02289198513091e-05
"48","Run_5_24_Animal_4016","4016","LUL",8,0.00121612890966442,3.80040284270133e-05,0.00022802417056208,0.0019415997258918,3.80705828606236e-05,0.000723341074351848,0.00011482374555058,0.00034447123665174,0,0,0,0,0,0,0,0,0,0,0,0,0,0,0,0,0,0,0,0,0,0,0,0,0,0,NA,NA,NA,NA,NA,NA,0.00216988382080376,4.52059129334117e-05,0.000723294606934587,0.00256364127012683,4.49761626338041e-05,0.000494737788971845,0.000268901537220454,4.48169228700757e-05,0.000849683299860961,7.72439363509964e-05,0.00042484164993048,0.00183269061891489,0.000152724218242908,0.000801802145775266,0.000188771850341677,7.55087401366708e-05,0.00215165454815254,0.00011129247662858,0.000148389968838107,0.00147519822976212,0,0.000258159690208372,0.000220409962530306,0.000183674968775255
"49","Run_6_01_Animal_stock_virus","stock_virus","stock_virus",NA,0.00139984345836595,9.03124811848998e-05,0.000195677042567283,0.00178368981936362,0.0002116242158567,0.000408132416295065,0.000106775679550932,0.000259312364623692,0,0,0,0,0,0,0,0,0,0,0,0,0,0,0,0,0,0,0,0,1,0,0,0,0,0,0,0,0,0,0,0,0.00179910694932154,4.33519746824468e-05,0.000780335544284042,2.15308429325008e-05,0.00025837011519001,2.15308429325008e-05,0.000804804061165109,0.000226996017251697,0.00112124383315892,5.60621916579459e-05,0.00108386903872029,0.00196642240979501,1.85511548093869e-05,0.000556534644281606,0.000110711320232494,0.000405941507519144,0.00232703019642334,1.83230724127822e-05,0.000366461448255643,0.999238702894742,3.62522431075423e-05,9.06306077688557e-05,0.000289362317792166,9.04257243100517e-05
"50","Run_6_02_Animal_31316","31316","plasma",5,0.00138302076050944,7.59901516763427e-05,0.000167178333687954,0.00162223378531419,0.000107128646199994,0.000336690030914266,9.25026594514592e-05,0.000215839538720072,0,0,0,0,0,0,0,0.00520833333333333,0,0,0,0,0,0,0,0,0,0,0,0.00595238095238095,0,0,0,0,0,0,0.0126582278481013,0,0,0,0,0,0.00306448180463928,4.25622472866567e-05,0.000276654607363269,0.00217441786822605,6.333255926872e-05,0.000147775971627013,0.000293895373247124,2.09925266605089e-05,0.00251278512148077,1.76956698695829e-05,0.00030082638778291,0.00217212325047734,0.000105102737926323,0.000595582181582497,6.9159880353407e-05,0.000190189670971869,0.00122744774939889,1.68143527314916e-05,0.000201772232777899,0.0019651927720876,4.99625281039221e-05,0.000199850112415688,0.000165961331009875,0
"51","Run_6_03_Animal_31316","31316","plasma",8,0.00144912798088168,0.000114404840595922,0.000177963085371434,0.00431426267074623,5.12078655281451e-05,0.000281643260404798,0.000116241524055538,0.000193735873425896,0,0,0,0,0,0,0,0,0,0,0,0,0,0,0,0,0,0,0,0,0,0,0,0,0,0,0,0,0,0,0,0,0.00264484077343722,3.57410915329354e-05,0.000375281461095822,0.00207057657593884,5.30917070753548e-05,0.000159275121226064,0.000492428905576757,5.2760239883224e-05,0.00182069127536487,8.809796493701e-05,0.000234927906498693,0.00869312822001306,2.90254698497932e-05,0.000507945722371381,7.14867820939908e-05,0.000142973564187982,0.00112423489569598,0.000124914988410665,0.00024982997682133,0.00122157102268828,0.00023333379085057,0.000247059307959427,0.000191353553025436,8.20086655823299e-05
"52","Run_6_04_Animal_31316","31316","R ing LN",8,0.00192843368330834,0,0.000214270409256482,0.00129087779690189,0,0,0.000651748859439496,0.000217249619813165,0,0,0,0,0,0,0,0,0,0,0,0,0,0,0,0,0,0,0,0,0,0,0,0,0,0,0,0,0,0,0,0,0.0010848928668294,0,0,0.00134517083669626,0,0,0.000803212851405623,0,0.000228362639872117,0.000228362639872117,0.000228362639872117,0.00135869565217391,0,0.000452898550724638,0,0.000224315836698071,0.00218388294387421,0,0,0.00303095908205239,0,0.000216497077289457,0.000431592576607682,0.000215796288303841
"53","Run_6_05_Animal_31316","31316","L carin LN gran",8,0.00219028062970568,0,0.00027378507871321,0.00344305192122297,0.000137722076848919,0.000275444153697838,0,0.000138715494520738,0,0,0,0,0,0,0,0,0,0,0,0,0,0,0,0,0,0,0,0,0.2,0,0,0,0,0,0,0,0,0,0,0,0.00301488599962314,0,0.000942151874882231,0.00224508886810103,0.000187090739008419,0,0.000371816322736568,0.000371816322736568,0.00124785524879114,0.000155981906098893,0,0.00216082728816175,0,0.00077172403148634,0.000758840491728639,0,0.000887705281846427,0,0.000591803521230951,0.00146113383985973,0.000146113383985973,0.000146113383985973,0,0.000145623998835008
"54","Run_6_06_Animal_31316","31316","L cran HLN 1",8,0.00105973900142308,9.08347715505496e-05,0.000635843400853847,0.00185664282453203,0.000152183838076396,0.00042611474661391,0.000582536178562669,0.000245278390973755,0,0,0,0,0,0,0,0,0,0,0,0,0,0,0,0,0,0,0,0,0,0,0,0,0,0,0,0,0,0,0,0,0.00225028128516064,4.16718756511231e-05,0.000458390632162354,0.00206893698017958,8.27574792071834e-05,0.000124136218810775,0.00061705541157596,0.000123411082315192,0.00181697473706279,0.000104825465599776,3.49418218665921e-05,0.00159180566129144,3.460447089764e-05,0.00041525365077168,0.000102564102564103,0.000170940170940171,0.00119517944291358,0.00019919657381893,9.95982869094652e-05,0.00161131206839855,0.000131535679052943,0.00023018743834265,0.000295159386068477,0
"55","Run_6_07_Animal_16314","16314","RLL gran E",8,0.00138600138600139,0,0,0.0016309412861137,0.000465983224603914,0.000232991612301957,0,0.00023441162681669,NA,NA,NA,NA,NA,NA,NA,NA,NA,NA,NA,NA,NA,NA,NA,NA,NA,NA,NA,NA,NA,NA,NA,NA,NA,NA,NA,NA,NA,NA,NA,NA,0.00246078129806213,0,0.000615195324515534,0.00701219512195122,0,0,0.000302846759539673,0,0.000514006682086867,0,0.000514006682086867,0.00178026449643947,0,0.000254323499491353,0,0,0.00194410692588092,0,0.000243013365735115,0.00120163422254266,0,0.000240326844508532,0.000239348970799426,0
"56","Run_6_08_Animal_16314","16314","R cran HLN ",8,0.00117233294255569,0,0,0.00137443549970548,0.000196347928529354,0.000196347928529354,0.000197628458498024,0.000790513833992095,NA,NA,NA,NA,NA,NA,NA,NA,NA,NA,NA,NA,NA,NA,NA,NA,NA,NA,NA,NA,NA,NA,NA,NA,NA,NA,NA,NA,NA,NA,NA,NA,0.00243968555164001,0.000271076172404446,0.000813228517213337,0.00349462365591398,0,0.000268817204301075,0.000534188034188034,0.000267094017094017,0.00269299820466786,0.000224416517055655,0.00157091561938959,0.00465528707603636,0,0.000665041010862337,0.000656311529205863,0,0.00212901852246115,0,0.000212901852246115,0.00294798905032638,0.000210570646451885,0.000210570646451885,0,0
"57","Run_6_09_Animal_20615","20615","RLL gran 10",6,0.000994485127926951,9.04077389024501e-05,0.0003616309556098,0.00136326456420976,0.000181768608561301,0.000272652912841952,0.000274649821477616,0,0,0,0,0,0,0,0,0,0,0,0,0,0,0,0,0,0,0,0,0,0,0,0,NA,NA,NA,NA,NA,NA,NA,NA,NA,0.00150254276467869,0,0.000346740638002774,0.00160624139513538,0,0.000344194584671868,0.000342348510783978,0,0.00224477845012688,0.000195198126097989,0.000195198126097989,0.00174351026733824,0,0.000678031770631538,0,9.55748829207684e-05,0.00167301793847012,0,0.000185890882052235,0.00248618784530387,0.000184162062615101,0.000184162062615101,0.000183587295759133,9.17936478795667e-05
"58","Run_6_10_Animal_20615","20615","RLL gran 14",6,0.00126645431170127,0.000307019227079096,0.000115132210154661,0.00125572319996909,0.000154550547688503,0.00305237331684794,3.89089918680207e-05,0.000116726975604062,0,0,0,0,0,0,NA,NA,NA,NA,NA,NA,NA,NA,NA,NA,NA,NA,NA,NA,NA,NA,NA,NA,NA,NA,NA,NA,NA,NA,NA,NA,0.00368253394482977,0.0001355533967422,0.00153627182974493,0.00222102571005519,4.48692062637412e-05,0.000246780634450577,0.000290062028649203,0.000133874782453479,0.000963131332588512,7.70505066070809e-05,0.000154101013214162,0.00208257704579759,5.7318634288007e-05,0.000477655285733392,0.000132232653909364,0.000113342274779455,0.000883489784649365,7.36241487207804e-05,0.000184060371801951,0.00129571501569458,7.29980290532156e-05,0.000218994087159647,9.10232837559848e-05,1.8204656751197e-05
"59","Run_6_11_Animal_20615","20615","*RLL gran 6",6,0.000964242667738047,8.03535556448373e-05,0.000160707111289675,0.00153671950824976,8.08799741184083e-05,0.000808799741184083,8.13868316106454e-05,8.13868316106454e-05,NA,NA,NA,NA,NA,NA,NA,NA,NA,NA,NA,NA,NA,NA,NA,NA,NA,NA,NA,NA,NA,NA,NA,NA,NA,NA,NA,NA,NA,NA,NA,NA,0.00209588682211161,0,0.000654964631909877,0.00207441981070919,0,0.000388953714507974,0.000385802469135802,0,0.000420477241669295,0.000105119310417324,0,0.0020755500207555,0,0.0004151100041511,0,0.000204081632653061,0.00286306644288676,0,0.000394905716260243,0.000780411667154424,9.7551458394303e-05,0.000195102916788606,9.71250971250971e-05,0
"60","Run_6_13_Animal_3516","3516","*RLL gran 30",9,0.00756200846944949,0,0,0.00121988411100945,0,0.000304971027752364,0,0,NA,NA,NA,NA,NA,NA,NA,NA,NA,NA,NA,NA,NA,NA,NA,NA,NA,NA,NA,NA,NA,NA,NA,NA,NA,NA,NA,NA,NA,NA,NA,NA,0.00245901639344262,0,0.00040983606557377,0.00203583061889251,0,0,0.00161877782274383,0,0.00137693631669535,0.000688468158347676,0,0.00136100714528751,0,0.000680503572643756,0,0,0.00065252854812398,0,0.00032626427406199,0.00161707632600259,0.000323415265200517,0,0,0.000322788896061975
"61","Run_6_14_Animal_3516","3516","RLL gran 47",9,0.00260999254287845,0,0.000745712155108128,0.027027027027027,0,0,0.00151457781143506,0,NA,NA,NA,NA,NA,NA,NA,NA,NA,NA,NA,NA,NA,NA,NA,NA,NA,NA,NA,NA,NA,NA,NA,NA,NA,NA,NA,NA,NA,NA,NA,NA,0.00244618395303327,0,0,0.00827250608272506,0,0,0.000968054211035818,0,0.00123253903040263,0.000410846343467543,0,0.00121802679658952,0,0.00121802679658952,0,0,0.00117004680187207,0,0.000390015600624025,0.00115785411038209,0,0,0.000384467512495194,0
"62","Run_6_15_Animal_3116","3116","plasma",3,0.00138887211507107,8.45400417869349e-05,0.000301928720667625,0.00188371979971805,6.07651548296145e-05,0.000401050021875456,2.44908955095943e-05,0.000159190820812363,0,0,0,0,0,0,0,0,0,0,0,0,0,0,0,0,0,0,0,0,0,0,0,0,0,0,0,0,0,0,0,0,0.00207319860263149,8.16219922295863e-05,0.000473407554931601,0.0040189929829679,4.86168506004181e-05,0.000372729187936539,0.000451176281018369,0.000128907508862391,0.00513770969896019,6.8139385927854e-05,0.000272557543711416,0.00205269483720239,0.00016205485556861,0.000499669138003214,0.000226708985677326,0.000213373162990425,0.00278771847933198,6.48306623100462e-05,0.000427882371246305,0.00182392683741362,0.000115600996737483,0.000192668327895805,0.000256068831301854,0.000256068831301854
"63","Run_6_16_Animal_3116","3116","plasma",NA,0.0014718570776024,3.38357948874114e-05,0.00023685056421188,0.00737913052369672,6.81674875168289e-05,0.00030675369382573,0.000274824370051014,0.000223294800666449,0,0,0,0,0,0,0,0,0,0,0,0,0,0,0,0,0,0,0,0,0.0476190476190476,0,0,0,0,0,0,0,0,0,0,0,0.00397826086956522,0.000130434782608696,0.000521739130434783,0.00215740421125302,2.15740421125302e-05,0.000323610631687953,0.000407541665772935,4.28991227129405e-05,0.00193862248070522,0.000109733347964446,0.000310911152565931,0.00195676988023844,5.43547188955121e-05,0.000543547188955121,8.94934669769107e-05,0.000125290853767675,0.00306593502308161,0.000191620938942601,0.000261301280376274,0.00141498852478818,6.90238304774723e-05,0.000172559576193681,0.000120411463171294,0.0019609866859325
"64","Run_6_17_Animal_3116","3116","L ing LN",NA,0.00386789645938709,0,0.000892591490627789,0.000598623166716552,0,0.000897934750074828,0.000302023557837511,0,NA,NA,NA,NA,NA,NA,NA,NA,NA,NA,NA,NA,NA,NA,NA,NA,NA,NA,NA,NA,NA,NA,NA,NA,NA,NA,NA,NA,NA,NA,NA,NA,0.000999500249875062,0,0.000499750124937531,0.00099009900990099,0,0,0,0,0.0028,0,8e-04,0.00237812128418549,0,0,0,0,0.00189609404626469,0,0.000379218809252939,0.00298953662182362,0,0,0,0
"65","Run_6_18_Animal_3116","3116","R carin LN w/gran",NA,0.00247524752475248,0,0,0,0,0,0,0,NA,NA,NA,NA,NA,NA,NA,NA,NA,NA,NA,NA,NA,NA,NA,NA,NA,NA,NA,NA,NA,NA,NA,NA,NA,NA,NA,NA,NA,NA,NA,NA,0,0,0,0,0,0,0,0,0,0,0,0.00166944908180301,0,0.00166944908180301,0,0.00166389351081531,0.00321027287319422,0,0,0,0,0.00158982511923688,0,0
"66","Run_6_19_Animal_3116","3116","LUL",NA,0.00202205882352941,0,0.000183823529411765,0.0170900692840647,0,0.00092378752886836,0.000372127639780445,0.000186063819890222,0,0,0,0,0,0,NA,NA,NA,NA,NA,NA,NA,NA,NA,NA,NA,NA,NA,NA,NA,NA,NA,NA,NA,NA,NA,NA,NA,NA,NA,NA,0.00442838829973197,0,0.000466146136813891,0.00196531791907514,0,0,0,0.000115008625646924,0.000393120393120393,9.82800982800983e-05,9.82800982800983e-05,0.00165530671859786,0.000292112950340798,0.000194741966893866,9.60707080411183e-05,0.000192141416082237,0.00121700056169257,0,0.00018723085564501,0.00185666542888971,0,0.000278499814333457,0,0
"67","Run_6_20_Animal_3116","3116","R cran HLN ",NA,0.00148038490007402,0.00074019245003701,0,0.00299625468164794,0,0,0,0,NA,NA,NA,NA,NA,NA,NA,NA,NA,NA,NA,NA,NA,NA,NA,NA,NA,NA,NA,NA,NA,NA,NA,NA,NA,NA,NA,NA,NA,NA,NA,NA,0,0,0,0.00288739172281039,0,0,0,0,0,0,0,0.000816326530612245,0,0,0.000807754442649435,0.00161550888529887,0.00470588235294118,0,0,0.000773993808049536,0,0,0,0
"68","Run_6_21_Animal_3216","3216","R cran HLN 2",9,0.00159562343286984,0,0.000113973102347846,0.0016056887257713,0.000114692051840807,0.000344076155522422,0,0.000462695199537305,0,0,0,0,0,0,NA,NA,NA,NA,NA,NA,NA,NA,NA,NA,NA,NA,NA,NA,NA,NA,NA,NA,NA,NA,NA,NA,NA,NA,NA,NA,0.00161266676440405,0,0.000586424277965108,0.00291332847778587,0,0,0.000434341971912552,0,0.00234741784037559,0.000123548307388189,0.000370644922164566,0.00146699266503667,0,0.000244498777506112,0.000241662638956017,0.000362493958434026,0.00117522623104948,0,0.000117522623104948,0.00186263096623981,0,0.000465657741559953,0.000348068221371389,0
"69","Run_6_22_Animal_3216","3216","RML",9,0.00106076678284589,0,0.00022730716775269,0.00061012812690665,7.62660158633313e-05,0.000305064063453325,0.000153621629925494,0.000153621629925494,0,0,0,0,0,0,0,0,0,0,0,0,0,0,0,NA,NA,NA,NA,NA,NA,NA,NA,NA,NA,NA,NA,NA,NA,NA,NA,NA,0.00179249261914804,0.000105440742302826,0.000105440742302826,0.00177898702385936,0,0.000313938886563416,0.000207986688851913,0.000207986688851913,0.000526223469566743,0,0.000438519557972286,0.00156168662155128,0,0.000173520735727919,0,0.000256893303647885,0.00291084497671324,0,0.000166333998669328,0.000822639025995393,8.22639025995393e-05,0.000411319512997697,0.000409701737135365,0
"70","Run_6_23_Animal_30816","30816","LMS Br LN post gran",8,0.00271370420624152,0,0.00135685210312076,0.00272479564032698,0,0.00136239782016349,0,0,NA,NA,NA,NA,NA,NA,NA,NA,NA,NA,NA,NA,NA,NA,NA,NA,NA,NA,NA,NA,NA,NA,NA,NA,NA,NA,NA,NA,NA,NA,NA,NA,0,0,0,0.00179533213644524,0,0.00359066427289048,0,0,0,0,0,0,0,0,0,0,0,0,0,0.00142247510668563,0,0,0,0
"71","Run_6_24_Animal_4016","4016","L ing LN",8,0.00156343556649591,0,0.000332645865211895,0.00173889780631354,0.000100321027287319,0.000267522739432852,0.000101084978772154,0.000101084978772154,0,0,0,0,0,0,0,0,0,0,0,0,0,0,0,0,0,0,0,0,0,0,0,0,0,0,0,0,0,0,0,0,0.00208112125716713,4.24718623911659e-05,0.000382246761520493,0.00291188386225523,8.44024307900068e-05,0.000211006076975017,0.00037729521254297,0,0.00194167775340693,7.19139908669232e-05,0.000575311926935385,0.00206648377097659,0,0.000534435458011188,3.51852503430562e-05,0.000105555751029169,0.0018174336465263,0,0.000274329607022838,0.00197124698365225,6.79740339190429e-05,0.000203922101757129,0.000135505945323351,0.000135505945323351
