"","AA.pos","AA.sub","count","tissue","Cohort","min.freq","max.freq","mean.freq","stock","range","freq_percent"
"1","120","K120E",2,"Lung","Latent R",0.00600400266844563,0.00756200846944949,0.00678300556894756,0.000853591914777383,"(0.006 - 0.0076)",0.678300556894756
"2","120","K120R",9,"plasma, pLN, Thoracic LN, Lung","Latent R,Latent NR",0.00737913052369672,0.197645408816906,0.0553805454983386,0.00139576304567485,"(0.0074 - 0.1976)",5.53805454983386
"3","132","T132P",14,"plasma, pLN, Thoracic LN, Lung","Latent R,Latent NR,SIV only",0.989130434782609,1,0.998080720650377,NA,"(0.9891 - 1)",99.8080720650377
"4","132","T132S",2,"plasma","SIV only,Latent R",0.0072463768115942,0.00980392156862745,0.00852514919011083,NA,"(0.0072 - 0.0098)",0.852514919011083
"5","136","N136H",1,"plasma","Latent R",0.00851063829787234,0.00851063829787234,0.00851063829787234,NA,"(0.0085 - 0.0085)",0.851063829787234
"6","136","N136S",1,"pLN","Latent R",0.0303030303030303,0.0303030303030303,0.0303030303030303,NA,"(0.0303 - 0.0303)",3.03030303030303
"7","138","T138A",1,"Thoracic LN","SIV only",0.0866666666666667,0.0866666666666667,0.0866666666666667,NA,"(0.0867 - 0.0867)",8.66666666666667
"8","138","T138K",1,"Lung","Latent R",0.00671140939597315,0.00671140939597315,0.00671140939597315,NA,"(0.0067 - 0.0067)",0.671140939597315
"9","139","S139P",4,"pLN, plasma, Lung","Latent R,SIV only",0.00680272108843537,0.0171673819742489,0.0110297419037264,NA,"(0.0068 - 0.0172)",1.10297419037264
"10","139","S139A",2,"plasma, Thoracic LN","Latent R,SIV only",0.00657894736842105,0.00863309352517986,0.00760602044680045,NA,"(0.0066 - 0.0086)",0.760602044680045
"11","139","S139L",3,"plasma, Lung, Thoracic LN","Latent R,SIV only",0.00649350649350649,0.0248565965583174,0.0127176080467531,NA,"(0.0065 - 0.0249)",1.27176080467531
"12","198","N198D",2,"plasma, Lung","SIV only,Latent R",0.00810024700593975,0.0166993657891135,0.0123998063975266,0.00204090971491328,"(0.0081 - 0.0167)",1.23998063975266
"13","198","N198S",5,"plasma, pLN, Thoracic LN, Lung","SIV only,Latent R",0.00602270928375092,0.0384833178554441,0.0175962618121966,0.00229380762964109,"(0.006 - 0.0385)",1.75962618121966
"14","201","D201N",3,"plasma, Thoracic LN, Lung","SIV only,Latent R",0.00856989823245849,0.0193455563548694,0.0122863591727673,0.000603188964816623,"(0.0086 - 0.0193)",1.22863591727673
"15","201","D201G",2,"plasma","SIV only,Latent R",0.00869312822001306,0.0106987822211978,0.00969595522060543,0.00208171313207488,"(0.0087 - 0.0107)",0.969595522060543
"16","202","N202D",1,"plasma","SIV only",0.0167251877031116,0.0167251877031116,0.0167251877031116,0.000748525862332345,"(0.0167 - 0.0167)",1.67251877031116
"17","202","N202S",2,"plasma, Lung","SIV only",0.0077992638897003,0.0562760719969932,0.0320376679433468,0.00087407936640647,"(0.0078 - 0.0563)",3.20376679433468
"18","202","N202K.1",2,"plasma","SIV only",0.0106182288578667,0.0152363126740305,0.0129272707659486,7.57535585234116e-05,"(0.0106 - 0.0152)",1.29272707659486
