"","Run_6_23_Animal_30816.pos","merged.pos","ref251.pos","ref239.pos","ref251","a","c","g","t","N","deletion","insertion","TotalReads","MajNt","transition.maj","transition.ref","freq.Ts","freq.Ts.ref","freq.transv","freq.transv.ref","freq.transv1","freq.transv2","freq.transv1.ref","freq.transv2.ref","freq.mutations.ref","freq.mutations"
"1",94,94,94,94,"g",NA,NA,NA,NA,NA,NA,NA,NA,NA,NA,"a",NA,NA,NA,NA,NA,NA,NA,NA,NA,NA
"2",95,95,95,95,"t",1,0,3,1218,0,0,0,1222,"t","c","c",0,0,0.00327332242225859,0.00327332242225859,0.000818330605564648,0.00245499181669394,0.000818330605564648,0.00245499181669394,0.00327332242225859,0.00327332242225859
"3",96,96,96,96,"a",1222,5,1,0,0,0,0,1228,"a","g","g",0.000814332247557003,0.000814332247557003,0.00407166123778502,0.00407166123778502,0.00407166123778502,0,0.00407166123778502,0,0.00488599348534202,0.00488599348534202
"4",97,97,97,97,"c",0,1235,0,0,0,0,0,1235,"c","t","t",0,0,0,0,0,0,0,0,0,0
"5",98,98,98,98,"c",0,1240,1,1,0,0,0,1242,"c","t","t",0.000805152979066023,0.000805152979066023,0.000805152979066023,0.000805152979066023,0,0.000805152979066023,0,0.000805152979066023,0.00161030595813205,0.00161030595813205
"6",99,99,99,99,"a",1242,1,0,0,0,0,0,1243,"a","g","g",0,0,0.00080450522928399,0.00080450522928399,0.00080450522928399,0,0.00080450522928399,0,0.00080450522928399,0.00080450522928399
"7",100,100,100,100,"g",1,0,1246,0,0,0,0,1247,"g","a","a",0.000801924619085806,0.000801924619085806,0,0,0,0,0,0,0.000801924619085806,0.000801924619085806
"8",101,101,101,101,"c",0,1250,0,0,0,0,0,1250,"c","t","t",0,0,0,0,0,0,0,0,0,0
"9",102,102,102,102,"t",1,2,0,1247,0,0,0,1250,"t","c","c",0.0016,0.0016,8e-04,8e-04,8e-04,0,8e-04,0,0.0024,0.0024
"10",103,103,103,103,"t",0,0,0,1257,0,0,0,1257,"t","c","c",0,0,0,0,0,0,0,0,0,0
"11",104,104,104,104,"g",3,1,1253,0,0,0,0,1257,"g","a","a",0.00238663484486874,0.00238663484486874,0.000795544948289578,0.000795544948289578,0.000795544948289578,0,0.000795544948289578,0,0.00318217979315831,0.00318217979315831
"12",105,105,105,105,"g",2,0,1255,0,0,0,0,1257,"g","a","a",0.00159108989657916,0.00159108989657916,0,0,0,0,0,0,0.00159108989657916,0.00159108989657916
"13",106,106,106,106,"a",1256,0,1,0,0,0,0,1257,"a","g","g",0.000795544948289578,0.000795544948289578,0,0,0,0,0,0,0.000795544948289578,0.000795544948289578
"14",107,107,107,107,"g",0,0,1254,0,0,3,0,1254,"g","a","a",0,0,0,0,0,0,0,0,0,0
"15",108,108,108,108,"g",1,0,1258,0,0,0,0,1259,"g","a","a",0.00079428117553614,0.00079428117553614,0,0,0,0,0,0,0.00079428117553614,0.00079428117553614
"16",109,109,109,109,"a",1266,0,0,1,0,0,0,1267,"a","g","g",0,0,0.000789265982636148,0.000789265982636148,0,0.000789265982636148,0,0.000789265982636148,0.000789265982636148,0.000789265982636148
"17",110,110,110,110,"a",1275,1,0,0,0,0,0,1276,"a","g","g",0,0,0.000783699059561128,0.000783699059561128,0.000783699059561128,0,0.000783699059561128,0,0.000783699059561128,0.000783699059561128
"18",111,111,111,111,"t",0,0,1,1280,0,0,0,1281,"t","c","c",0,0,0.00078064012490242,0.00078064012490242,0,0.00078064012490242,0,0.00078064012490242,0.00078064012490242,0.00078064012490242
"19",112,112,112,112,"g",0,0,1290,0,0,0,1,1290,"g","a","a",0,0,0,0,0,0,0,0,0,0
"20",113,113,113,113,"c",0,1305,0,2,0,0,0,1307,"c","t","t",0.00153022188217292,0.00153022188217292,0,0,0,0,0,0,0.00153022188217292,0.00153022188217292
"21",114,114,114,114,"g",1,1,1311,0,0,0,0,1313,"g","a","a",0.000761614623000762,0.000761614623000762,0.000761614623000762,0.000761614623000762,0.000761614623000762,0,0.000761614623000762,0,0.00152322924600152,0.00152322924600152
"22",115,115,115,115,"a",1319,0,0,1,0,0,0,1320,"a","g","g",0,0,0.000757575757575758,0.000757575757575758,0,0.000757575757575758,0,0.000757575757575758,0.000757575757575758,0.000757575757575758
"23",116,116,116,116,"c",0,1327,0,0,0,0,0,1327,"c","t","t",0,0,0,0,0,0,0,0,0,0
"24",117,117,117,117,"a",1327,0,0,1,0,0,0,1328,"a","g","g",0,0,0.000753012048192771,0.000753012048192771,0,0.000753012048192771,0,0.000753012048192771,0.000753012048192771,0.000753012048192771
"25",118,118,118,118,"a",1328,0,4,0,0,0,0,1332,"a","g","g",0.003003003003003,0.003003003003003,0,0,0,0,0,0,0.003003003003003,0.003003003003003
"26",119,119,119,119,"t",3,5,0,1324,0,0,0,1332,"t","c","c",0.00375375375375375,0.00375375375375375,0.00225225225225225,0.00225225225225225,0.00225225225225225,0,0.00225225225225225,0,0.00600600600600601,0.00600600600600601
"27",120,120,120,120,"t",0,0,0,1335,0,0,0,1335,"t","c","c",0,0,0,0,0,0,0,0,0,0
"28",121,121,121,121,"c",0,1335,0,0,0,0,0,1335,"c","t","t",0,0,0,0,0,0,0,0,0,0
"29",122,122,122,122,"c",0,1333,0,3,0,0,0,1336,"c","t","t",0.00224550898203593,0.00224550898203593,0,0,0,0,0,0,0.00224550898203593,0.00224550898203593
"30",123,123,123,123,"c",0,1337,0,1,0,0,0,1338,"c","t","t",0.000747384155455904,0.000747384155455904,0,0,0,0,0,0,0.000747384155455904,0.000747384155455904
"31",124,124,124,124,"c",1,1336,0,1,0,0,0,1338,"c","t","t",0.000747384155455904,0.000747384155455904,0.000747384155455904,0.000747384155455904,0.000747384155455904,0,0.000747384155455904,0,0.00149476831091181,0.00149476831091181
"32",125,125,125,125,"t",2,2,0,1335,0,0,0,1339,"t","c","c",0.00149365197908887,0.00149365197908887,0.00149365197908887,0.00149365197908887,0.00149365197908887,0,0.00149365197908887,0,0.00298730395817774,0.00298730395817774
"33",126,126,126,126,"c",0,1337,0,1,0,0,0,1338,"c","t","t",0.000747384155455904,0.000747384155455904,0,0,0,0,0,0,0.000747384155455904,0.000747384155455904
"34",127,127,127,127,"t",0,7,0,1330,0,0,0,1337,"t","c","c",0.00523560209424084,0.00523560209424084,0,0,0,0,0,0,0.00523560209424084,0.00523560209424084
"35",128,128,128,128,"t",0,3,0,1333,0,0,0,1336,"t","c","c",0.00224550898203593,0.00224550898203593,0,0,0,0,0,0,0.00224550898203593,0.00224550898203593
"36",129,129,129,129,"c",0,1333,0,3,0,0,0,1336,"c","t","t",0.00224550898203593,0.00224550898203593,0,0,0,0,0,0,0.00224550898203593,0.00224550898203593
"37",130,130,130,130,"t",0,1,0,1332,0,0,0,1333,"t","c","c",0.000750187546886722,0.000750187546886722,0,0,0,0,0,0,0.000750187546886722,0.000750187546886722
"38",131,131,131,131,"g",2,0,1331,0,0,0,0,1333,"g","a","a",0.00150037509377344,0.00150037509377344,0,0,0,0,0,0,0.00150037509377344,0.00150037509377344
"39",132,132,132,132,"t",0,8,0,1326,0,0,0,1334,"t","c","c",0.00599700149925037,0.00599700149925037,0,0,0,0,0,0,0.00599700149925037,0.00599700149925037
"40",133,133,133,133,"g",1,0,1333,0,0,0,0,1334,"g","a","a",0.000749625187406297,0.000749625187406297,0,0,0,0,0,0,0.000749625187406297,0.000749625187406297
"41",134,134,134,134,"c",0,1329,2,1,0,0,0,1332,"c","t","t",0.000750750750750751,0.000750750750750751,0.0015015015015015,0.0015015015015015,0,0.0015015015015015,0,0.0015015015015015,0.00225225225225225,0.00225225225225225
"42",135,135,135,135,"a",1329,0,2,1,0,0,0,1332,"a","g","g",0.0015015015015015,0.0015015015015015,0.000750750750750751,0.000750750750750751,0,0.000750750750750751,0,0.000750750750750751,0.00225225225225225,0.00225225225225225
"43",136,136,136,136,"a",1331,1,1,0,0,0,0,1333,"a","g","g",0.000750187546886722,0.000750187546886722,0.000750187546886722,0.000750187546886722,0.000750187546886722,0,0.000750187546886722,0,0.00150037509377344,0.00150037509377344
"44",137,137,137,137,"c",0,1329,0,4,0,0,0,1333,"c","t","t",0.00300075018754689,0.00300075018754689,0,0,0,0,0,0,0.00300075018754689,0.00300075018754689
"45",138,138,138,138,"c",0,1332,0,1,0,0,0,1333,"c","t","t",0.000750187546886722,0.000750187546886722,0,0,0,0,0,0,0.000750187546886722,0.000750187546886722
"46",139,139,139,139,"a",1331,0,2,0,0,0,0,1333,"a","g","g",0.00150037509377344,0.00150037509377344,0,0,0,0,0,0,0.00150037509377344,0.00150037509377344
"47",140,140,140,140,"a",1331,0,3,1,0,0,0,1335,"a","g","g",0.00224719101123596,0.00224719101123596,0.000749063670411985,0.000749063670411985,0,0.000749063670411985,0,0.000749063670411985,0.00299625468164794,0.00299625468164794
"48",141,141,141,141,"g",1,0,1334,0,0,0,0,1335,"g","a","a",0.000749063670411985,0.000749063670411985,0,0,0,0,0,0,0.000749063670411985,0.000749063670411985
"49",142,142,142,142,"a",1333,0,1,0,0,0,0,1334,"a","g","g",0.000749625187406297,0.000749625187406297,0,0,0,0,0,0,0.000749625187406297,0.000749625187406297
"50",143,143,143,143,"a",1334,0,2,0,0,0,0,1336,"a","g","g",0.00149700598802395,0.00149700598802395,0,0,0,0,0,0,0.00149700598802395,0.00149700598802395
"51",144,144,144,144,"t",1,0,1,1322,0,0,0,1324,"t","c","c",0,0,0.00151057401812689,0.00151057401812689,0.000755287009063444,0.000755287009063444,0.000755287009063444,0.000755287009063444,0.00151057401812689,0.00151057401812689
"52",145,145,145,145,"a",1323,0,3,0,0,0,0,1326,"a","g","g",0.00226244343891403,0.00226244343891403,0,0,0,0,0,0,0.00226244343891403,0.00226244343891403
"53",146,146,146,146,"g",0,0,1326,0,0,0,0,1326,"g","a","a",0,0,0,0,0,0,0,0,0,0
"54",147,147,147,147,"g",2,1,1322,0,0,0,0,1325,"g","a","a",0.00150943396226415,0.00150943396226415,0.000754716981132075,0.000754716981132075,0.000754716981132075,0,0.000754716981132075,0,0.00226415094339623,0.00226415094339623
"55",148,148,148,148,"g",0,1,1327,0,0,0,0,1328,"g","a","a",0,0,0.000753012048192771,0.000753012048192771,0.000753012048192771,0,0.000753012048192771,0,0.000753012048192771,0.000753012048192771
"56",149,149,149,149,"a",1329,0,3,0,0,0,0,1332,"a","g","g",0.00225225225225225,0.00225225225225225,0,0,0,0,0,0,0.00225225225225225,0.00225225225225225
"57",150,150,150,150,"t",0,2,0,1330,0,0,0,1332,"t","c","c",0.0015015015015015,0.0015015015015015,0,0,0,0,0,0,0.0015015015015015,0.0015015015015015
"58",151,151,151,151,"a",1329,0,0,4,0,0,0,1333,"a","g","g",0,0,0.00300075018754689,0.00300075018754689,0,0.00300075018754689,0,0.00300075018754689,0.00300075018754689,0.00300075018754689
"59",152,152,152,152,"c",0,1333,0,1,0,0,0,1334,"c","t","t",0.000749625187406297,0.000749625187406297,0,0,0,0,0,0,0.000749625187406297,0.000749625187406297
"60",153,153,153,153,"t",0,4,0,1329,0,0,0,1333,"t","c","c",0.00300075018754689,0.00300075018754689,0,0,0,0,0,0,0.00300075018754689,0.00300075018754689
"61",154,154,154,154,"t",0,2,0,1335,0,0,0,1337,"t","c","c",0.00149588631264024,0.00149588631264024,0,0,0,0,0,0,0.00149588631264024,0.00149588631264024
"62",155,155,155,155,"g",0,0,1336,0,0,1,0,1336,"g","a","a",0,0,0,0,0,0,0,0,0,0
"63",156,156,156,156,"g",0,0,1337,0,0,0,0,1337,"g","a","a",0,0,0,0,0,0,0,0,0,0
"64",157,157,157,157,"g",0,0,1333,3,0,0,0,1336,"g","a","a",0,0,0.00224550898203593,0.00224550898203593,0,0.00224550898203593,0,0.00224550898203593,0.00224550898203593,0.00224550898203593
"65",158,158,158,158,"g",0,0,1340,0,0,0,0,1340,"g","a","a",0,0,0,0,0,0,0,0,0,0
"66",159,159,159,159,"a",1337,2,4,0,0,0,0,1343,"a","g","g",0.00297840655249442,0.00297840655249442,0.00148920327624721,0.00148920327624721,0.00148920327624721,0,0.00148920327624721,0,0.00446760982874162,0.00446760982874162
"67",160,160,160,160,"a",1338,0,7,0,0,0,0,1345,"a","g","g",0.00520446096654275,0.00520446096654275,0,0,0,0,0,0,0.00520446096654275,0.00520446096654275
"68",161,161,161,161,"c",0,1344,1,2,0,0,0,1347,"c","t","t",0.00148478099480327,0.00148478099480327,0.000742390497401633,0.000742390497401633,0,0.000742390497401633,0,0.000742390497401633,0.0022271714922049,0.0022271714922049
"69",162,162,162,162,"a",1346,0,1,0,0,0,0,1347,"a","g","g",0.000742390497401633,0.000742390497401633,0,0,0,0,0,0,0.000742390497401633,0.000742390497401633
"70",163,163,163,163,"a",1341,0,2,3,0,0,0,1346,"a","g","g",0.00148588410104012,0.00148588410104012,0.00222882615156018,0.00222882615156018,0,0.00222882615156018,0,0.00222882615156018,0.0037147102526003,0.0037147102526003
"71",164,164,164,164,"c",1,1342,0,1,0,0,0,1344,"c","t","t",0.000744047619047619,0.000744047619047619,0.000744047619047619,0.000744047619047619,0.000744047619047619,0,0.000744047619047619,0,0.00148809523809524,0.00148809523809524
"72",165,165,165,165,"t",0,1,0,1343,0,0,0,1344,"t","c","c",0.000744047619047619,0.000744047619047619,0,0,0,0,0,0,0.000744047619047619,0.000744047619047619
"73",166,166,166,166,"c",0,1341,0,2,0,0,0,1343,"c","t","t",0.00148920327624721,0.00148920327624721,0,0,0,0,0,0,0.00148920327624721,0.00148920327624721
"74",167,167,167,167,"a",1338,0,3,2,0,0,0,1343,"a","g","g",0.00223380491437081,0.00223380491437081,0.00148920327624721,0.00148920327624721,0,0.00148920327624721,0,0.00148920327624721,0.00372300819061802,0.00372300819061802
"75",168,168,168,168,"g",0,0,1337,1,0,0,0,1338,"g","a","a",0,0,0.000747384155455904,0.000747384155455904,0,0.000747384155455904,0,0.000747384155455904,0.000747384155455904,0.000747384155455904
"76",169,169,169,169,"t",2,5,0,1335,0,0,0,1342,"t","c","c",0.003725782414307,0.003725782414307,0.0014903129657228,0.0014903129657228,0.0014903129657228,0,0.0014903129657228,0,0.00521609538002981,0.00521609538002981
"77",170,170,170,170,"g",0,0,1337,3,0,0,0,1340,"g","a","a",0,0,0.00223880597014925,0.00223880597014925,0,0.00223880597014925,0,0.00223880597014925,0.00223880597014925,0.00223880597014925
"78",171,171,171,171,"c",0,1363,0,1,0,0,0,1364,"c","t","t",0.000733137829912023,0.000733137829912023,0,0,0,0,0,0,0.000733137829912023,0.000733137829912023
"79",172,172,172,172,"c",0,1365,0,1,0,0,0,1366,"c","t","t",0.000732064421669107,0.000732064421669107,0,0,0,0,0,0,0.000732064421669107,0.000732064421669107
"80",173,173,173,173,"t",0,0,0,1367,0,0,0,1367,"t","c","c",0,0,0,0,0,0,0,0,0,0
"81",174,174,174,174,"a",1366,0,1,0,0,0,0,1367,"a","g","g",0.000731528895391368,0.000731528895391368,0,0,0,0,0,0,0.000731528895391368,0.000731528895391368
"82",175,175,175,175,"c",0,1366,3,0,0,0,0,1369,"c","t","t",0,0,0.00219138056975895,0.00219138056975895,0,0.00219138056975895,0,0.00219138056975895,0.00219138056975895,0.00219138056975895
"83",176,176,176,176,"c",0,1369,0,0,0,0,0,1369,"c","t","t",0,0,0,0,0,0,0,0,0,0
"84",177,177,177,177,"a",1367,0,2,1,0,0,0,1370,"a","g","g",0.00145985401459854,0.00145985401459854,0.00072992700729927,0.00072992700729927,0,0.00072992700729927,0,0.00072992700729927,0.00218978102189781,0.00218978102189781
"85",178,178,178,178,"g",2,0,1364,2,0,0,0,1368,"g","a","a",0.00146198830409357,0.00146198830409357,0.00146198830409357,0.00146198830409357,0,0.00146198830409357,0,0.00146198830409357,0.00292397660818713,0.00292397660818713
"86",179,179,179,179,"a",1365,0,3,0,0,0,0,1368,"a","g","g",0.00219298245614035,0.00219298245614035,0,0,0,0,0,0,0.00219298245614035,0.00219298245614035
"87",180,180,180,180,"t",0,2,0,1365,0,0,0,1367,"t","c","c",0.00146305779078274,0.00146305779078274,0,0,0,0,0,0,0.00146305779078274,0.00146305779078274
"88",181,181,181,181,"a",1363,0,4,0,0,0,0,1367,"a","g","g",0.00292611558156547,0.00292611558156547,0,0,0,0,0,0,0.00292611558156547,0.00292611558156547
"89",182,182,182,182,"a",1365,0,1,0,0,0,0,1366,"a","g","g",0.000732064421669107,0.000732064421669107,0,0,0,0,0,0,0.000732064421669107,0.000732064421669107
"90",183,183,183,183,"t",1,3,0,1362,0,0,0,1366,"t","c","c",0.00219619326500732,0.00219619326500732,0.000732064421669107,0.000732064421669107,0.000732064421669107,0,0.000732064421669107,0,0.00292825768667643,0.00292825768667643
"91",184,184,184,184,"g",7,0,1357,0,0,0,0,1364,"g","a","a",0.00513196480938416,0.00513196480938416,0,0,0,0,0,0,0.00513196480938416,0.00513196480938416
"92",185,185,185,185,"g",3,0,1357,0,0,0,0,1360,"g","a","a",0.00220588235294118,0.00220588235294118,0,0,0,0,0,0,0.00220588235294118,0.00220588235294118
"93",186,186,186,186,"t",1,57,0,1301,0,0,0,1359,"t","c","c",0.0419426048565121,0.0419426048565121,0.000735835172921266,0.000735835172921266,0.000735835172921266,0,0.000735835172921266,0,0.0426784400294334,0.0426784400294334
"94",187,187,187,187,"g",1,0,1361,0,0,0,0,1362,"g","a","a",0.000734214390602056,0.000734214390602056,0,0,0,0,0,0,0.000734214390602056,0.000734214390602056
"95",188,188,188,188,"a",1362,0,3,0,0,0,0,1365,"a","g","g",0.0021978021978022,0.0021978021978022,0,0,0,0,0,0,0.0021978021978022,0.0021978021978022
"96",189,189,189,189,"t",0,0,0,1369,0,0,0,1369,"t","c","c",0,0,0,0,0,0,0,0,0,0
"97",190,190,190,190,"t",1,1,0,1366,0,0,0,1368,"t","c","c",0.000730994152046784,0.000730994152046784,0.000730994152046784,0.000730994152046784,0.000730994152046784,0,0.000730994152046784,0,0.00146198830409357,0.00146198830409357
"98",191,191,191,191,"a",1368,0,1,0,0,0,0,1369,"a","g","g",0.000730460189919649,0.000730460189919649,0,0,0,0,0,0,0.000730460189919649,0.000730460189919649
"99",192,192,192,192,"t",0,10,0,1358,0,0,0,1368,"t","c","c",0.00730994152046784,0.00730994152046784,0,0,0,0,0,0,0.00730994152046784,0.00730994152046784
"100",193,193,193,193,"t",0,0,0,1366,0,0,0,1366,"t","c","c",0,0,0,0,0,0,0,0,0,0
"101",194,194,194,194,"c",0,1363,0,4,0,0,0,1367,"c","t","t",0.00292611558156547,0.00292611558156547,0,0,0,0,0,0,0.00292611558156547,0.00292611558156547
"102",195,195,195,195,"a",1364,0,1,2,0,0,0,1367,"a","g","g",0.000731528895391368,0.000731528895391368,0.00146305779078274,0.00146305779078274,0,0.00146305779078274,0,0.00146305779078274,0.0021945866861741,0.0021945866861741
"103",196,196,196,196,"g",2,0,1364,0,0,0,0,1366,"g","a","a",0.00146412884333821,0.00146412884333821,0,0,0,0,0,0,0.00146412884333821,0.00146412884333821
"104",197,197,197,197,"a",1360,0,3,2,0,0,0,1365,"a","g","g",0.0021978021978022,0.0021978021978022,0.00146520146520147,0.00146520146520147,0,0.00146520146520147,0,0.00146520146520147,0.00366300366300366,0.00366300366300366
"105",198,198,198,198,"a",1363,0,2,0,0,0,0,1365,"a","g","g",0.00146520146520147,0.00146520146520147,0,0,0,0,0,0,0.00146520146520147,0.00146520146520147
"106",199,199,199,199,"t",3,0,0,1354,0,0,0,1357,"t","c","c",0,0,0.00221075902726603,0.00221075902726603,0.00221075902726603,0,0.00221075902726603,0,0.00221075902726603,0.00221075902726603
"107",200,200,200,200,"t",0,2,0,1352,0,0,0,1354,"t","c","c",0.00147710487444609,0.00147710487444609,0,0,0,0,0,0,0.00147710487444609,0.00147710487444609
"108",201,201,201,201,"g",0,0,1352,2,0,0,0,1354,"g","a","a",0,0,0.00147710487444609,0.00147710487444609,0,0.00147710487444609,0,0.00147710487444609,0.00147710487444609,0.00147710487444609
"109",202,202,202,202,"g",5,0,1353,1,0,0,0,1359,"g","a","a",0.00367917586460633,0.00367917586460633,0.000735835172921266,0.000735835172921266,0,0.000735835172921266,0,0.000735835172921266,0.00441501103752759,0.00441501103752759
"110",203,203,203,203,"c",0,1362,0,4,0,0,0,1366,"c","t","t",0.00292825768667643,0.00292825768667643,0,0,0,0,0,0,0.00292825768667643,0.00292825768667643
"111",204,204,204,204,"c",0,1368,0,1,0,0,0,1369,"c","t","t",0.000730460189919649,0.000730460189919649,0,0,0,0,0,0,0.000730460189919649,0.000730460189919649
"112",205,205,205,205,"c",5,1365,0,0,0,0,0,1370,"c","t","t",0,0,0.00364963503649635,0.00364963503649635,0.00364963503649635,0,0.00364963503649635,0,0.00364963503649635,0.00364963503649635
"113",206,206,206,206,"t",3,2,0,1360,0,0,0,1365,"t","c","c",0.00146520146520147,0.00146520146520147,0.0021978021978022,0.0021978021978022,0.0021978021978022,0,0.0021978021978022,0,0.00366300366300366,0.00366300366300366
"114",207,207,207,207,"t",1,0,0,1365,0,0,0,1366,"t","c","c",0,0,0.000732064421669107,0.000732064421669107,0.000732064421669107,0,0.000732064421669107,0,0.000732064421669107,0.000732064421669107
"115",208,208,208,208,"a",1365,0,1,0,0,0,0,1366,"a","g","g",0.000732064421669107,0.000732064421669107,0,0,0,0,0,0,0.000732064421669107,0.000732064421669107
"116",209,209,209,209,"a",1362,0,3,0,0,0,0,1365,"a","g","g",0.0021978021978022,0.0021978021978022,0,0,0,0,0,0,0.0021978021978022,0.0021978021978022
"117",210,210,210,210,"t",0,1,0,1364,0,0,0,1365,"t","c","c",0.000732600732600733,0.000732600732600733,0,0,0,0,0,0,0.000732600732600733,0.000732600732600733
"118",211,211,211,211,"g",5,0,1359,1,0,0,0,1365,"g","a","a",0.00366300366300366,0.00366300366300366,0.000732600732600733,0.000732600732600733,0,0.000732600732600733,0,0.000732600732600733,0.0043956043956044,0.0043956043956044
"119",212,212,212,212,"t",0,2,0,1358,0,0,0,1360,"t","c","c",0.00147058823529412,0.00147058823529412,0,0,0,0,0,0,0.00147058823529412,0.00147058823529412
"120",213,213,213,213,"t",0,1,0,1357,0,0,0,1358,"t","c","c",0.000736377025036819,0.000736377025036819,0,0,0,0,0,0,0.000736377025036819,0.000736377025036819
"121",214,214,214,214,"a",1356,0,0,1,0,0,0,1357,"a","g","g",0,0,0.000736919675755343,0.000736919675755343,0,0.000736919675755343,0,0.000736919675755343,0.000736919675755343,0.000736919675755343
"122",215,215,215,215,"c",0,1354,0,2,0,0,0,1356,"c","t","t",0.00147492625368732,0.00147492625368732,0,0,0,0,0,0,0.00147492625368732,0.00147492625368732
"123",216,216,216,216,"a",1345,0,9,2,0,0,0,1356,"a","g","g",0.00663716814159292,0.00663716814159292,0.00147492625368732,0.00147492625368732,0,0.00147492625368732,0,0.00147492625368732,0.00811209439528024,0.00811209439528024
"124",217,217,217,217,"g",0,0,1354,0,0,0,0,1354,"g","a","a",0,0,0,0,0,0,0,0,0,0
"125",218,218,218,218,"a",1349,0,3,0,0,0,0,1352,"a","g","g",0.0022189349112426,0.0022189349112426,0,0,0,0,0,0,0.0022189349112426,0.0022189349112426
"126",219,219,219,219,"a",1341,0,7,0,0,0,0,1348,"a","g","g",0.00519287833827893,0.00519287833827893,0,0,0,0,0,0,0.00519287833827893,0.00519287833827893
"127",220,220,220,220,"a",1345,0,2,1,0,0,0,1348,"a","g","g",0.00148367952522255,0.00148367952522255,0.000741839762611276,0.000741839762611276,0,0.000741839762611276,0,0.000741839762611276,0.00222551928783383,0.00222551928783383
"128",221,221,221,221,"g",0,0,1344,0,0,0,0,1344,"g","a","a",0,0,0,0,0,0,0,0,0,0
"129",222,222,222,222,"c",0,1346,0,0,0,0,0,1346,"c","t","t",0,0,0,0,0,0,0,0,0,0
"130",223,223,223,223,"t",0,0,0,1331,0,0,0,1331,"t","c","c",0,0,0,0,0,0,0,0,0,0
"131",224,224,224,224,"t",0,2,0,1327,0,0,0,1329,"t","c","c",0.00150489089541008,0.00150489089541008,0,0,0,0,0,0,0.00150489089541008,0.00150489089541008
"132",225,225,225,225,"t",0,2,0,1326,0,0,0,1328,"t","c","c",0.00150602409638554,0.00150602409638554,0,0,0,0,0,0,0.00150602409638554,0.00150602409638554
"133",226,226,226,226,"g",2,1,1321,0,0,0,0,1324,"g","a","a",0.00151057401812689,0.00151057401812689,0.000755287009063444,0.000755287009063444,0.000755287009063444,0,0.000755287009063444,0,0.00226586102719033,0.00226586102719033
"134",227,227,227,227,"a",1322,0,1,1,0,0,0,1324,"a","g","g",0.000755287009063444,0.000755287009063444,0.000755287009063444,0.000755287009063444,0,0.000755287009063444,0,0.000755287009063444,0.00151057401812689,0.00151057401812689
"135",228,228,228,228,"t",0,1,0,1321,0,0,0,1322,"t","c","c",0.00075642965204236,0.00075642965204236,0,0,0,0,0,0,0.00075642965204236,0.00075642965204236
"136",229,229,229,229,"g",0,0,1322,0,0,0,0,1322,"g","a","a",0,0,0,0,0,0,0,0,0,0
"137",230,230,230,230,"c",0,1322,0,0,0,0,0,1322,"c","t","t",0,0,0,0,0,0,0,0,0,0
"138",231,231,231,231,"t",0,1,0,1313,0,0,0,1314,"t","c","c",0.00076103500761035,0.00076103500761035,0,0,0,0,0,0,0.00076103500761035,0.00076103500761035
"139",232,232,232,232,"t",0,1,0,1309,0,0,0,1310,"t","c","c",0.000763358778625954,0.000763358778625954,0,0,0,0,0,0,0.000763358778625954,0.000763358778625954
"140",233,233,233,233,"g",2,1,1306,0,0,0,0,1309,"g","a","a",0.00152788388082506,0.00152788388082506,0.000763941940412529,0.000763941940412529,0.000763941940412529,0,0.000763941940412529,0,0.00229182582123759,0.00229182582123759
"141",234,234,234,234,"g",3,1,1302,0,0,0,0,1306,"g","a","a",0.00229709035222052,0.00229709035222052,0.000765696784073507,0.000765696784073507,0.000765696784073507,0,0.000765696784073507,0,0.00306278713629403,0.00306278713629403
"142",235,235,235,235,"g",1,0,1305,0,0,0,0,1306,"g","a","a",0.000765696784073507,0.000765696784073507,0,0,0,0,0,0,0.000765696784073507,0.000765696784073507
"143",236,236,236,236,"a",1309,0,1,0,0,0,0,1310,"a","g","g",0.000763358778625954,0.000763358778625954,0,0,0,0,0,0,0.000763358778625954,0.000763358778625954
"144",237,237,237,237,"g",20,0,1287,1,0,0,0,1308,"g","a","a",0.0152905198776758,0.0152905198776758,0.000764525993883792,0.000764525993883792,0,0.000764525993883792,0,0.000764525993883792,0.0160550458715596,0.0160550458715596
"145",238,238,238,238,"a",1295,0,4,0,0,0,0,1299,"a","g","g",0.00307929176289453,0.00307929176289453,0,0,0,0,0,0,0.00307929176289453,0.00307929176289453
"146",239,239,239,239,"a",1297,0,5,0,0,0,0,1302,"a","g","g",0.00384024577572965,0.00384024577572965,0,0,0,0,0,0,0.00384024577572965,0.00384024577572965
"147",240,240,240,240,"t",0,0,0,1298,0,0,0,1298,"t","c","c",0,0,0,0,0,0,0,0,0,0
"148",241,241,241,241,"a",1293,0,5,0,0,0,0,1298,"a","g","g",0.00385208012326656,0.00385208012326656,0,0,0,0,0,0,0.00385208012326656,0.00385208012326656
"149",242,242,242,242,"c",0,1292,2,2,0,0,0,1296,"c","t","t",0.00154320987654321,0.00154320987654321,0.00154320987654321,0.00154320987654321,0,0.00154320987654321,0,0.00154320987654321,0.00308641975308642,0.00308641975308642
"150",243,243,243,243,"a",1291,0,3,0,0,0,0,1294,"a","g","g",0.00231839258114374,0.00231839258114374,0,0,0,0,0,0,0.00231839258114374,0.00231839258114374
"151",244,244,244,244,"g",0,0,1289,0,0,0,0,1289,"g","a","a",0,0,0,0,0,0,0,0,0,0
"152",245,245,245,245,"t",0,4,0,1287,0,0,0,1291,"t","c","c",0.00309837335398916,0.00309837335398916,0,0,0,0,0,0,0.00309837335398916,0.00309837335398916
"153",246,246,246,246,"c",0,1287,0,2,0,0,0,1289,"c","t","t",0.00155159038013964,0.00155159038013964,0,0,0,0,0,0,0.00155159038013964,0.00155159038013964
"154",247,247,247,247,"a",1286,0,3,0,0,0,0,1289,"a","g","g",0.00232738557020946,0.00232738557020946,0,0,0,0,0,0,0.00232738557020946,0.00232738557020946
"155",248,248,248,248,"c",0,1285,0,3,0,0,0,1288,"c","t","t",0.00232919254658385,0.00232919254658385,0,0,0,0,0,0,0.00232919254658385,0.00232919254658385
"156",249,249,249,249,"a",1279,2,5,0,0,0,0,1286,"a","g","g",0.00388802488335925,0.00388802488335925,0.0015552099533437,0.0015552099533437,0.0015552099533437,0,0.0015552099533437,0,0.00544323483670296,0.00544323483670296
"157",250,250,250,250,"g",0,0,1282,0,0,0,0,1282,"g","a","a",0,0,0,0,0,0,0,0,0,0
"158",251,251,251,251,"a",1281,0,2,1,0,0,0,1284,"a","g","g",0.00155763239875389,0.00155763239875389,0.000778816199376947,0.000778816199376947,0,0.000778816199376947,0,0.000778816199376947,0.00233644859813084,0.00233644859813084
"159",252,252,252,252,"a",1280,0,1,0,0,0,0,1281,"a","g","g",0.00078064012490242,0.00078064012490242,0,0,0,0,0,0,0.00078064012490242,0.00078064012490242
"160",253,253,253,253,"c",0,1280,0,1,0,0,0,1281,"c","t","t",0.00078064012490242,0.00078064012490242,0,0,0,0,0,0,0.00078064012490242,0.00078064012490242
"161",254,254,254,254,"a",1279,0,1,0,0,0,0,1280,"a","g","g",0.00078125,0.00078125,0,0,0,0,0,0,0.00078125,0.00078125
"162",255,255,255,255,"g",34,0,1244,0,0,0,0,1278,"g","a","a",0.02660406885759,0.02660406885759,0,0,0,0,0,0,0.02660406885759,0.02660406885759
"163",256,256,256,256,"g",1,0,1273,0,0,0,0,1274,"g","a","a",0.000784929356357928,0.000784929356357928,0,0,0,0,0,0,0.000784929356357928,0.000784929356357928
"164",257,257,257,257,"c",0,1268,0,1,0,0,0,1269,"c","t","t",0.000788022064617809,0.000788022064617809,0,0,0,0,0,0,0.000788022064617809,0.000788022064617809
"165",258,258,258,258,"a",1263,0,1,0,0,0,0,1264,"a","g","g",0.000791139240506329,0.000791139240506329,0,0,0,0,0,0,0.000791139240506329,0.000791139240506329
"166",259,259,259,259,"a",1256,1,4,1,0,0,0,1262,"a","g","g",0.00316957210776545,0.00316957210776545,0.00158478605388273,0.00158478605388273,0.000792393026941363,0.000792393026941363,0.000792393026941363,0.000792393026941363,0.00475435816164818,0.00475435816164818
"167",260,260,260,260,"t",0,0,0,1262,0,0,0,1262,"t","c","c",0,0,0,0,0,0,0,0,0,0
"168",261,261,261,261,"a",1255,0,0,2,0,1,0,1257,"a","g","g",0,0,0.00159108989657916,0.00159108989657916,0,0.00159108989657916,0,0.00159108989657916,0.00159108989657916,0.00159108989657916
"169",262,262,262,262,"g",1,1,1255,1,0,1,0,1258,"g","a","a",0.000794912559618442,0.000794912559618442,0.00158982511923688,0.00158982511923688,0.000794912559618442,0.000794912559618442,0.000794912559618442,0.000794912559618442,0.00238473767885533,0.00238473767885533
"170",263,263,263,263,"a",1254,0,2,2,0,0,0,1258,"a","g","g",0.00158982511923688,0.00158982511923688,0.00158982511923688,0.00158982511923688,0,0.00158982511923688,0,0.00158982511923688,0.00317965023847377,0.00317965023847377
"171",264,264,264,264,"g",1,1,1253,0,0,0,0,1255,"g","a","a",0.000796812749003984,0.000796812749003984,0.000796812749003984,0.000796812749003984,0.000796812749003984,0,0.000796812749003984,0,0.00159362549800797,0.00159362549800797
"172",265,265,265,265,"g",2,0,1252,0,0,0,0,1254,"g","a","a",0.00159489633173844,0.00159489633173844,0,0,0,0,0,0,0.00159489633173844,0.00159489633173844
"173",266,266,266,266,"a",1249,0,2,0,0,0,0,1251,"a","g","g",0.00159872102318145,0.00159872102318145,0,0,0,0,0,0,0.00159872102318145,0.00159872102318145
"174",267,267,267,267,"t",0,1,0,1229,0,0,0,1230,"t","c","c",0.000813008130081301,0.000813008130081301,0,0,0,0,0,0,0.000813008130081301,0.000813008130081301
"175",268,268,268,268,"g",0,0,1228,0,0,0,0,1228,"g","a","a",0,0,0,0,0,0,0,0,0,0
"176",269,269,269,269,"t",0,0,0,1227,0,0,0,1227,"t","c","c",0,0,0,0,0,0,0,0,0,0
"177",270,270,270,270,"a",1222,0,1,2,0,0,0,1225,"a","g","g",0.000816326530612245,0.000816326530612245,0.00163265306122449,0.00163265306122449,0,0.00163265306122449,0,0.00163265306122449,0.00244897959183673,0.00244897959183673
"178",271,271,271,271,"t",0,0,0,1223,0,0,0,1223,"t","c","c",0,0,0,0,0,0,0,0,0,0
"179",272,272,272,272,"g",3,0,1218,1,0,0,0,1222,"g","a","a",0.00245499181669394,0.00245499181669394,0.000818330605564648,0.000818330605564648,0,0.000818330605564648,0,0.000818330605564648,0.00327332242225859,0.00327332242225859
"180",273,273,273,273,"g",2,0,1215,2,0,0,0,1219,"g","a","a",0.00164068908941756,0.00164068908941756,0.00164068908941756,0.00164068908941756,0,0.00164068908941756,0,0.00164068908941756,0.00328137817883511,0.00328137817883511
"181",274,274,274,274,"c",0,1217,0,0,0,0,0,1217,"c","t","t",0,0,0,0,0,0,0,0,0,0
"182",275,275,275,275,"a",1209,2,5,1,0,0,0,1217,"a","g","g",0.00410846343467543,0.00410846343467543,0.00246507806080526,0.00246507806080526,0.00164338537387017,0.000821692686935086,0.00164338537387017,0.000821692686935086,0.00657354149548069,0.00657354149548069
"183",276,276,276,276,"a",1213,0,1,0,0,0,0,1214,"a","g","g",0.000823723228995058,0.000823723228995058,0,0,0,0,0,0,0.000823723228995058,0.000823723228995058
"184",277,277,277,277,"c",0,1212,0,0,0,0,0,1212,"c","t","t",0,0,0,0,0,0,0,0,0,0
"185",278,278,278,278,"t",0,0,0,1210,0,0,0,1210,"t","c","c",0,0,0,0,0,0,0,0,0,0
"186",279,279,279,279,"c",0,1206,0,2,0,0,0,1208,"c","t","t",0.00165562913907285,0.00165562913907285,0,0,0,0,0,0,0.00165562913907285,0.00165562913907285
"187",280,280,280,280,"t",0,1,0,1204,0,0,0,1205,"t","c","c",0.000829875518672199,0.000829875518672199,0,0,0,0,0,0,0.000829875518672199,0.000829875518672199
"188",281,281,281,281,"t",0,0,0,1205,0,0,0,1205,"t","c","c",0,0,0,0,0,0,0,0,0,0
"189",282,282,282,282,"t",0,9,0,1193,0,0,0,1202,"t","c","c",0.00748752079866889,0.00748752079866889,0,0,0,0,0,0,0.00748752079866889,0.00748752079866889
"190",283,283,283,283,"g",0,0,1194,0,0,0,0,1194,"g","a","a",0,0,0,0,0,0,0,0,0,0
"191",284,284,284,284,"a",1189,0,3,0,0,0,0,1192,"a","g","g",0.00251677852348993,0.00251677852348993,0,0,0,0,0,0,0.00251677852348993,0.00251677852348993
"192",285,285,285,285,"g",0,0,1180,0,0,0,0,1180,"g","a","a",0,0,0,0,0,0,0,0,0,0
"193",286,286,286,286,"a",1173,0,4,0,0,0,0,1177,"a","g","g",0.00339847068819031,0.00339847068819031,0,0,0,0,0,0,0.00339847068819031,0.00339847068819031
"194",287,287,287,287,"c",0,1177,0,1,0,0,0,1178,"c","t","t",0.000848896434634975,0.000848896434634975,0,0,0,0,0,0,0.000848896434634975,0.000848896434634975
"195",288,288,288,288,"c",2,1176,0,0,0,0,0,1178,"c","t","t",0,0,0.00169779286926995,0.00169779286926995,0.00169779286926995,0,0.00169779286926995,0,0.00169779286926995,0.00169779286926995
"196",289,289,289,289,"t",1,0,0,1172,0,0,0,1173,"t","c","c",0,0,0.000852514919011083,0.000852514919011083,0.000852514919011083,0,0.000852514919011083,0,0.000852514919011083,0.000852514919011083
"197",290,290,290,290,"c",0,1172,0,0,0,0,0,1172,"c","t","t",0,0,0,0,0,0,0,0,0,0
"198",291,291,291,291,"a",1170,0,1,0,0,0,0,1171,"a","g","g",0.00085397096498719,0.00085397096498719,0,0,0,0,0,0,0.00085397096498719,0.00085397096498719
"199",292,292,292,292,"a",1164,0,3,0,0,0,0,1167,"a","g","g",0.0025706940874036,0.0025706940874036,0,0,0,0,0,0,0.0025706940874036,0.0025706940874036
"200",293,293,293,293,"t",0,0,0,1165,0,0,0,1165,"t","c","c",0,0,0,0,0,0,0,0,0,0
"201",294,294,294,294,"a",1159,0,1,3,0,0,0,1163,"a","g","g",0.000859845227858985,0.000859845227858985,0.00257953568357696,0.00257953568357696,0,0.00257953568357696,0,0.00257953568357696,0.00343938091143594,0.00343938091143594
"202",295,295,295,295,"a",1163,0,0,0,0,0,0,1163,"a","g","g",0,0,0,0,0,0,0,0,0,0
"203",296,296,296,296,"a",1158,0,3,0,0,0,0,1161,"a","g","g",0.00258397932816537,0.00258397932816537,0,0,0,0,0,0,0.00258397932816537,0.00258397932816537
"204",297,297,297,297,"g",4,0,1150,0,0,0,0,1154,"g","a","a",0.00346620450606586,0.00346620450606586,0,0,0,0,0,0,0.00346620450606586,0.00346620450606586
"205",298,298,298,298,"c",0,1146,0,1,0,0,0,1147,"c","t","t",0.000871839581517001,0.000871839581517001,0,0,0,0,0,0,0.000871839581517001,0.000871839581517001
"206",299,299,299,299,"c",0,1146,0,0,0,0,0,1146,"c","t","t",0,0,0,0,0,0,0,0,0,0
"207",300,300,300,300,"t",0,2,0,1141,0,0,0,1143,"t","c","c",0.00174978127734033,0.00174978127734033,0,0,0,0,0,0,0.00174978127734033,0.00174978127734033
"208",301,301,301,301,"t",0,4,2,1130,0,0,0,1136,"t","c","c",0.00352112676056338,0.00352112676056338,0.00176056338028169,0.00176056338028169,0,0.00176056338028169,0,0.00176056338028169,0.00528169014084507,0.00528169014084507
"209",302,302,302,302,"g",0,2,1126,3,0,0,0,1131,"g","a","a",0,0,0.00442086648983201,0.00442086648983201,0.0017683465959328,0.0026525198938992,0.0017683465959328,0.0026525198938992,0.00442086648983201,0.00442086648983201
"210",303,303,303,303,"t",0,1,1,1125,0,0,0,1127,"t","c","c",0.000887311446317658,0.000887311446317658,0.000887311446317658,0.000887311446317658,0,0.000887311446317658,0,0.000887311446317658,0.00177462289263532,0.00177462289263532
"211",304,304,304,304,"g",3,0,1119,0,0,0,0,1122,"g","a","a",0.00267379679144385,0.00267379679144385,0,0,0,0,0,0,0.00267379679144385,0.00267379679144385
"212",305,305,305,305,"t",2,0,0,1115,0,0,0,1117,"t","c","c",0,0,0.0017905102954342,0.0017905102954342,0.0017905102954342,0,0.0017905102954342,0,0.0017905102954342,0.0017905102954342
"213",306,306,306,306,"a",1114,0,0,0,0,0,0,1114,"a","g","g",0,0,0,0,0,0,0,0,0,0
"214",307,307,307,307,"a",1107,0,4,0,0,0,0,1111,"a","g","g",0.0036003600360036,0.0036003600360036,0,0,0,0,0,0,0.0036003600360036,0.0036003600360036
"215",308,308,308,308,"a",1109,0,1,0,0,0,0,1110,"a","g","g",0.000900900900900901,0.000900900900900901,0,0,0,0,0,0,0.000900900900900901,0.000900900900900901
"216",309,309,309,309,"a",1094,0,6,0,0,0,0,1100,"a","g","g",0.00545454545454545,0.00545454545454545,0,0,0,0,0,0,0.00545454545454545,0.00545454545454545
"217",310,310,310,310,"t",0,0,0,1100,0,0,0,1100,"t","c","c",0,0,0,0,0,0,0,0,0,0
"218",311,311,311,311,"t",0,0,0,1097,0,0,0,1097,"t","c","c",0,0,0,0,0,0,0,0,0,0
"219",312,312,312,312,"a",1093,0,0,0,0,0,0,1093,"a","g","g",0,0,0,0,0,0,0,0,0,0
"220",313,313,313,313,"t",0,2,0,1089,0,0,0,1091,"t","c","c",0.00183318056828598,0.00183318056828598,0,0,0,0,0,0,0.00183318056828598,0.00183318056828598
"221",314,314,314,314,"c",2,1086,0,0,0,2,0,1088,"c","t","t",0,0,0.00183823529411765,0.00183823529411765,0.00183823529411765,0,0.00183823529411765,0,0.00183823529411765,0.00183823529411765
"222",315,315,315,315,"c",0,1087,0,0,0,0,0,1087,"c","t","t",0,0,0,0,0,0,0,0,0,0
"223",316,316,316,316,"c",0,1084,0,0,0,0,0,1084,"c","t","t",0,0,0,0,0,0,0,0,0,0
"224",317,317,317,317,"c",0,1083,0,0,0,0,0,1083,"c","t","t",0,0,0,0,0,0,0,0,0,0
"225",318,318,318,318,"a",1081,0,1,0,0,0,0,1082,"a","g","g",0.000924214417744917,0.000924214417744917,0,0,0,0,0,0,0.000924214417744917,0.000924214417744917
"226",319,319,319,319,"t",0,0,0,1081,0,0,0,1081,"t","c","c",0,0,0,0,0,0,0,0,0,0
"227",320,320,320,320,"t",0,0,0,1079,0,0,0,1079,"t","c","c",0,0,0,0,0,0,0,0,0,0
"228",321,321,321,321,"a",1071,0,1,0,0,0,0,1072,"a","g","g",0.000932835820895522,0.000932835820895522,0,0,0,0,0,0,0.000932835820895522,0.000932835820895522
"229",322,322,322,322,"t",0,1,0,1067,0,0,0,1068,"t","c","c",0.000936329588014981,0.000936329588014981,0,0,0,0,0,0,0.000936329588014981,0.000936329588014981
"230",323,323,323,323,"g",0,0,1057,0,0,0,0,1057,"g","a","a",0,0,0,0,0,0,0,0,0,0
"231",324,324,324,324,"c",2,1044,0,2,0,0,0,1048,"c","t","t",0.00190839694656489,0.00190839694656489,0.00190839694656489,0.00190839694656489,0.00190839694656489,0,0.00190839694656489,0,0.00381679389312977,0.00381679389312977
"232",325,325,325,325,"a",1045,0,0,0,0,0,0,1045,"a","g","g",0,0,0,0,0,0,0,0,0,0
"233",326,326,326,326,"t",0,1,0,1036,0,0,0,1037,"t","c","c",0.000964320154291225,0.000964320154291225,0,0,0,0,0,0,0.000964320154291225,0.000964320154291225
"234",327,327,327,327,"t",0,13,0,1020,0,0,0,1033,"t","c","c",0.0125847047434656,0.0125847047434656,0,0,0,0,0,0,0.0125847047434656,0.0125847047434656
"235",328,328,328,328,"a",1031,0,0,0,0,0,0,1031,"a","g","g",0,0,0,0,0,0,0,0,0,0
"236",329,329,329,329,"c",0,1029,0,0,0,0,0,1029,"c","t","t",0,0,0,0,0,0,0,0,0,0
"237",330,330,330,330,"t",0,2,0,1022,0,0,0,1024,"t","c","c",0.001953125,0.001953125,0,0,0,0,0,0,0.001953125,0.001953125
"238",331,331,331,331,"a",1007,0,4,0,0,0,0,1011,"a","g","g",0.0039564787339268,0.0039564787339268,0,0,0,0,0,0,0.0039564787339268,0.0039564787339268
"239",332,332,332,332,"t",0,4,0,994,0,0,0,998,"t","c","c",0.00400801603206413,0.00400801603206413,0,0,0,0,0,0,0.00400801603206413,0.00400801603206413
"240",333,333,333,333,"g",0,0,982,0,0,0,0,982,"g","a","a",0,0,0,0,0,0,0,0,0,0
"241",334,334,334,334,"a",977,0,1,0,0,0,0,978,"a","g","g",0.00102249488752556,0.00102249488752556,0,0,0,0,0,0,0.00102249488752556,0.00102249488752556
"242",335,335,335,335,"g",710,1,240,0,0,0,0,951,"a","g","a",0.252365930599369,0.7465825446898,0.0010515247108307,0.0010515247108307,0.0010515247108307,0,0.0010515247108307,0,0.747634069400631,0.2534174553102
"243",336,336,336,336,"a",939,0,0,0,0,0,0,939,"a","g","g",0,0,0,0,0,0,0,0,0,0
"244",337,337,337,337,"t",0,1,0,930,0,0,0,931,"t","c","c",0.00107411385606874,0.00107411385606874,0,0,0,0,0,0,0.00107411385606874,0.00107411385606874
"245",338,338,338,338,"g",0,0,919,0,0,0,0,919,"g","a","a",0,0,0,0,0,0,0,0,0,0
"246",339,339,339,339,"c",0,917,0,0,0,0,0,917,"c","t","t",0,0,0,0,0,0,0,0,0,0
"247",340,340,340,340,"a",916,0,0,0,0,0,0,916,"a","g","g",0,0,0,0,0,0,0,0,0,0
"248",341,341,341,341,"a",907,0,2,0,0,0,0,909,"a","g","g",0.0022002200220022,0.0022002200220022,0,0,0,0,0,0,0.0022002200220022,0.0022002200220022
"249",342,342,342,342,"t",1,1,0,902,0,0,0,904,"t","c","c",0.00110619469026549,0.00110619469026549,0.00110619469026549,0.00110619469026549,0.00110619469026549,0,0.00110619469026549,0,0.00221238938053097,0.00221238938053097
"250",343,343,343,343,"a",902,0,0,0,0,0,0,902,"a","g","g",0,0,0,0,0,0,0,0,0,0
"251",344,344,344,344,"a",896,0,0,0,0,0,0,896,"a","g","g",0,0,0,0,0,0,0,0,0,0
"252",345,345,345,345,"a",892,0,3,0,0,0,0,895,"a","g","g",0.00335195530726257,0.00335195530726257,0,0,0,0,0,0,0.00335195530726257,0.00335195530726257
"253",346,346,346,346,"a",879,0,2,0,0,0,0,881,"a","g","g",0.00227014755959137,0.00227014755959137,0,0,0,0,0,0,0.00227014755959137,0.00227014755959137
"254",347,347,347,347,"g",0,0,844,0,0,0,0,844,"g","a","a",0,0,0,0,0,0,0,0,0,0
"255",348,348,348,348,"t",0,9,0,830,0,0,0,839,"t","c","c",0.0107270560190703,0.0107270560190703,0,0,0,0,0,0,0.0107270560190703,0.0107270560190703
"256",349,349,349,349,"g",0,0,813,0,0,0,0,813,"g","a","a",0,0,0,0,0,0,0,0,0,0
"257",350,350,350,350,"a",804,0,0,3,0,0,0,807,"a","g","g",0,0,0.00371747211895911,0.00371747211895911,0,0.00371747211895911,0,0.00371747211895911,0.00371747211895911,0.00371747211895911
"258",351,351,351,351,"g",3,0,788,1,0,0,0,792,"g","a","a",0.00378787878787879,0.00378787878787879,0.00126262626262626,0.00126262626262626,0,0.00126262626262626,0,0.00126262626262626,0.00505050505050505,0.00505050505050505
"259",352,352,352,352,"a",783,1,4,0,0,0,0,788,"a","g","g",0.0050761421319797,0.0050761421319797,0.00126903553299492,0.00126903553299492,0.00126903553299492,0,0.00126903553299492,0,0.00634517766497462,0.00634517766497462
"260",353,353,353,353,"c",0,782,0,0,0,0,0,782,"c","t","t",0,0,0,0,0,0,0,0,0,0
"261",354,354,354,354,"a",777,0,1,0,0,0,0,778,"a","g","g",0.0012853470437018,0.0012853470437018,0,0,0,0,0,0,0.0012853470437018,0.0012853470437018
"262",355,355,355,355,"g",0,0,766,0,0,0,0,766,"g","a","a",0,0,0,0,0,0,0,0,0,0
"263",356,356,356,356,"a",750,0,4,0,0,0,0,754,"a","g","g",0.00530503978779841,0.00530503978779841,0,0,0,0,0,0,0.00530503978779841,0.00530503978779841
"264",357,357,357,357,"t",0,0,0,745,0,0,0,745,"t","c","c",0,0,0,0,0,0,0,0,0,0
"265",358,358,358,358,"a",734,0,2,1,0,0,0,737,"a","g","g",0.00271370420624152,0.00271370420624152,0.00135685210312076,0.00135685210312076,0,0.00135685210312076,0,0.00135685210312076,0.00407055630936228,0.00407055630936228
"266",359,359,359,359,"a",731,0,2,1,0,0,0,734,"a","g","g",0.00272479564032698,0.00272479564032698,0.00136239782016349,0.00136239782016349,0,0.00136239782016349,0,0.00136239782016349,0.00408719346049046,0.00408719346049046
"267",360,360,360,360,"a",727,0,2,0,0,0,0,729,"a","g","g",0.00274348422496571,0.00274348422496571,0,0,0,0,0,0,0.00274348422496571,0.00274348422496571
"268",361,361,361,361,"t",0,0,2,710,0,0,0,712,"t","c","c",0,0,0.00280898876404494,0.00280898876404494,0,0.00280898876404494,0,0.00280898876404494,0.00280898876404494,0.00280898876404494
"269",362,362,362,362,"g",0,0,687,0,0,1,0,687,"g","a","a",0,0,0,0,0,0,0,0,0,0
"270",363,363,363,363,"g",2,0,663,0,0,0,0,665,"g","a","a",0.00300751879699248,0.00300751879699248,0,0,0,0,0,0,0.00300751879699248,0.00300751879699248
"271",364,364,364,364,"g",1,0,635,0,0,0,0,636,"g","a","a",0.00157232704402516,0.00157232704402516,0,0,0,0,0,0,0.00157232704402516,0.00157232704402516
"272",365,365,365,365,"g",2,0,615,0,0,0,0,617,"g","a","a",0.00324149108589951,0.00324149108589951,0,0,0,0,0,0,0.00324149108589951,0.00324149108589951
"273",366,366,366,366,"a",605,0,1,1,0,0,0,607,"a","g","g",0.00164744645799012,0.00164744645799012,0.00164744645799012,0.00164744645799012,0,0.00164744645799012,0,0.00164744645799012,0.00329489291598023,0.00329489291598023
"274",367,367,367,367,"t",0,0,0,595,0,0,0,595,"t","c","c",0,0,0,0,0,0,0,0,0,0
"275",368,368,368,368,"t",0,0,0,587,0,0,0,587,"t","c","c",0,0,0,0,0,0,0,0,0,0
"276",369,369,369,369,"g",1,0,577,0,0,0,0,578,"g","a","a",0.00173010380622837,0.00173010380622837,0,0,0,0,0,0,0.00173010380622837,0.00173010380622837
"277",370,370,370,370,"a",575,0,1,0,0,0,0,576,"a","g","g",0.00173611111111111,0.00173611111111111,0,0,0,0,0,0,0.00173611111111111,0.00173611111111111
"278",371,371,371,371,"c",0,566,0,1,0,0,0,567,"c","t","t",0.0017636684303351,0.0017636684303351,0,0,0,0,0,0,0.0017636684303351,0.0017636684303351
"279",372,372,372,372,"a",563,0,0,0,0,0,0,563,"a","g","g",0,0,0,0,0,0,0,0,0,0
"280",373,373,373,373,"a",561,0,1,0,0,0,0,562,"a","g","g",0.00177935943060498,0.00177935943060498,0,0,0,0,0,0,0.00177935943060498,0.00177935943060498
"281",374,374,374,374,"a",558,0,0,0,0,0,0,558,"a","g","g",0,0,0,0,0,0,0,0,0,0
"282",375,375,375,375,"a",539,0,0,0,0,0,0,539,"a","g","g",0,0,0,0,0,0,0,0,0,0
"283",376,376,376,376,"t",0,1,0,517,0,0,0,518,"t","c","c",0.00193050193050193,0.00193050193050193,0,0,0,0,0,0,0.00193050193050193,0.00193050193050193
"284",377,377,377,377,"c",0,507,0,1,0,0,0,508,"c","t","t",0.00196850393700787,0.00196850393700787,0,0,0,0,0,0,0.00196850393700787,0.00196850393700787
"285",378,378,378,378,"a",505,0,1,0,0,0,0,506,"a","g","g",0.00197628458498024,0.00197628458498024,0,0,0,0,0,0,0.00197628458498024,0.00197628458498024
"286",379,379,379,NA,"t",0,0,0,493,0,0,0,493,"t","c","c",0,0,0,0,0,0,0,0,0,0
"287",380,380,380,NA,"c",0,472,0,0,0,0,0,472,"c","t","t",0,0,0,0,0,0,0,0,0,0
"288",381,381,381,NA,"a",469,0,0,0,0,0,0,469,"a","g","g",0,0,0,0,0,0,0,0,0,0
"289",382,382,382,NA,"a",467,0,0,0,0,0,0,467,"a","g","g",0,0,0,0,0,0,0,0,0,0
"290",383,383,383,NA,"c",0,442,0,0,0,0,0,442,"c","t","t",0,0,0,0,0,0,0,0,0,0
"291",384,384,384,NA,"a",437,0,1,0,0,0,0,438,"a","g","g",0.00228310502283105,0.00228310502283105,0,0,0,0,0,0,0.00228310502283105,0.00228310502283105
"292",385,385,385,379,"a",433,0,0,0,0,0,0,433,"a","g","g",0,0,0,0,0,0,0,0,0,0
"293",386,386,386,380,"t",0,0,0,402,0,0,0,402,"t","c","c",0,0,0,0,0,0,0,0,0,0
"294",387,387,387,381,"a",390,0,2,0,0,0,0,392,"a","g","g",0.00510204081632653,0.00510204081632653,0,0,0,0,0,0,0.00510204081632653,0.00510204081632653
"295",388,388,388,382,"a",389,0,0,0,0,0,0,389,"a","g","g",0,0,0,0,0,0,0,0,0,0
"296",389,389,389,383,"c",0,377,0,0,0,0,0,377,"c","t","t",0,0,0,0,0,0,0,0,0,0
"297",390,390,390,384,"a",374,0,0,0,0,0,0,374,"a","g","g",0,0,0,0,0,0,0,0,0,0
"298",391,391,391,385,"a",365,0,1,0,0,0,0,366,"a","g","g",0.00273224043715847,0.00273224043715847,0,0,0,0,0,0,0.00273224043715847,0.00273224043715847
"299",392,392,392,386,"c",0,335,0,1,0,0,0,336,"c","t","t",0.00297619047619048,0.00297619047619048,0,0,0,0,0,0,0.00297619047619048,0.00297619047619048
"300",393,393,393,387,"a",332,0,0,0,0,0,0,332,"a","g","g",0,0,0,0,0,0,0,0,0,0
"301",394,394,394,388,"a",323,0,0,0,0,0,0,323,"a","g","g",0,0,0,0,0,0,0,0,0,0
"302",395,395,395,389,"c",5,3,0,0,0,0,0,8,"a","g","t",0,0,0.375,0.625,0.375,0,0.375,0,0.625,0.375
"303",396,396,396,390,"a",1,0,0,0,0,0,0,1,"a","g","g",0,0,0,0,0,0,0,0,0,0
"304",397,397,397,391,"g",NA,NA,NA,NA,NA,NA,NA,NA,NA,NA,"a",NA,NA,NA,NA,NA,NA,NA,NA,NA,NA
"305",398,398,398,392,"c",NA,NA,NA,NA,NA,NA,NA,NA,NA,NA,"t",NA,NA,NA,NA,NA,NA,NA,NA,NA,NA
"306",399,399,399,393,"a",NA,NA,NA,NA,NA,NA,NA,NA,NA,NA,"g",NA,NA,NA,NA,NA,NA,NA,NA,NA,NA
"307",400,400,400,394,"a",NA,NA,NA,NA,NA,NA,NA,NA,NA,NA,"g",NA,NA,NA,NA,NA,NA,NA,NA,NA,NA
"308",401,401,401,395,"c",NA,NA,NA,NA,NA,NA,NA,NA,NA,NA,"t",NA,NA,NA,NA,NA,NA,NA,NA,NA,NA
"309",402,402,402,396,"a",NA,NA,NA,NA,NA,NA,NA,NA,NA,NA,"g",NA,NA,NA,NA,NA,NA,NA,NA,NA,NA
"310",403,403,403,397,"a",NA,NA,NA,NA,NA,NA,NA,NA,NA,NA,"g",NA,NA,NA,NA,NA,NA,NA,NA,NA,NA
"311",404,404,404,398,"c",NA,NA,NA,NA,NA,NA,NA,NA,NA,NA,"t",NA,NA,NA,NA,NA,NA,NA,NA,NA,NA
"312",405,405,405,399,"a",NA,NA,NA,NA,NA,NA,NA,NA,NA,NA,"g",NA,NA,NA,NA,NA,NA,NA,NA,NA,NA
"313",406,406,406,400,"a",NA,NA,NA,NA,NA,NA,NA,NA,NA,NA,"g",NA,NA,NA,NA,NA,NA,NA,NA,NA,NA
"314",407,407,407,401,"c",NA,NA,NA,NA,NA,NA,NA,NA,NA,NA,"t",NA,NA,NA,NA,NA,NA,NA,NA,NA,NA
"315",408,408,408,402,"a",NA,NA,NA,NA,NA,NA,NA,NA,NA,NA,"g",NA,NA,NA,NA,NA,NA,NA,NA,NA,NA
"316",409,409,409,403,"c",NA,NA,NA,NA,NA,NA,NA,NA,NA,NA,"t",NA,NA,NA,NA,NA,NA,NA,NA,NA,NA
"317",410,410,410,404,"c",NA,NA,NA,NA,NA,NA,NA,NA,NA,NA,"t",NA,NA,NA,NA,NA,NA,NA,NA,NA,NA
"318",411,411,411,405,"a",NA,NA,NA,NA,NA,NA,NA,NA,NA,NA,"g",NA,NA,NA,NA,NA,NA,NA,NA,NA,NA
"319",412,412,412,406,"a",NA,NA,NA,NA,NA,NA,NA,NA,NA,NA,"g",NA,NA,NA,NA,NA,NA,NA,NA,NA,NA
"320",413,413,413,407,"a",NA,NA,NA,NA,NA,NA,NA,NA,NA,NA,"g",NA,NA,NA,NA,NA,NA,NA,NA,NA,NA
"321",414,414,414,408,"t",NA,NA,NA,NA,NA,NA,NA,NA,NA,NA,"c",NA,NA,NA,NA,NA,NA,NA,NA,NA,NA
"322",415,415,415,409,"a",NA,NA,NA,NA,NA,NA,NA,NA,NA,NA,"g",NA,NA,NA,NA,NA,NA,NA,NA,NA,NA
"323",416,416,416,410,"c",NA,NA,NA,NA,NA,NA,NA,NA,NA,NA,"t",NA,NA,NA,NA,NA,NA,NA,NA,NA,NA
"324",417,417,417,411,"a",NA,NA,NA,NA,NA,NA,NA,NA,NA,NA,"g",NA,NA,NA,NA,NA,NA,NA,NA,NA,NA
"325",418,418,418,412,"a",NA,NA,NA,NA,NA,NA,NA,NA,NA,NA,"g",NA,NA,NA,NA,NA,NA,NA,NA,NA,NA
"326",419,419,419,413,"c",NA,NA,NA,NA,NA,NA,NA,NA,NA,NA,"t",NA,NA,NA,NA,NA,NA,NA,NA,NA,NA
"327",420,420,420,414,"a",NA,NA,NA,NA,NA,NA,NA,NA,NA,NA,"g",NA,NA,NA,NA,NA,NA,NA,NA,NA,NA
"328",421,421,421,415,"t",NA,NA,NA,NA,NA,NA,NA,NA,NA,NA,"c",NA,NA,NA,NA,NA,NA,NA,NA,NA,NA
"329",422,422,422,416,"c",NA,NA,NA,NA,NA,NA,NA,NA,NA,NA,"t",NA,NA,NA,NA,NA,NA,NA,NA,NA,NA
"330",423,423,423,417,"a",NA,NA,NA,NA,NA,NA,NA,NA,NA,NA,"g",NA,NA,NA,NA,NA,NA,NA,NA,NA,NA
"331",424,424,424,418,"a",NA,NA,NA,NA,NA,NA,NA,NA,NA,NA,"g",NA,NA,NA,NA,NA,NA,NA,NA,NA,NA
"332",425,425,425,419,"c",NA,NA,NA,NA,NA,NA,NA,NA,NA,NA,"t",NA,NA,NA,NA,NA,NA,NA,NA,NA,NA
"333",426,426,426,420,"a",NA,NA,NA,NA,NA,NA,NA,NA,NA,NA,"g",NA,NA,NA,NA,NA,NA,NA,NA,NA,NA
"334",427,427,427,421,"a",NA,NA,NA,NA,NA,NA,NA,NA,NA,NA,"g",NA,NA,NA,NA,NA,NA,NA,NA,NA,NA
"335",428,428,428,422,"a",NA,NA,NA,NA,NA,NA,NA,NA,NA,NA,"g",NA,NA,NA,NA,NA,NA,NA,NA,NA,NA
"336",429,429,429,423,"g",NA,NA,NA,NA,NA,NA,NA,NA,NA,NA,"a",NA,NA,NA,NA,NA,NA,NA,NA,NA,NA
"739",NA,430,430,NA,"t",NA,NA,NA,NA,NA,NA,NA,NA,NA,NA,"c",NA,NA,NA,NA,NA,NA,NA,NA,NA,NA
"740",NA,431,431,NA,"c",NA,NA,NA,NA,NA,NA,NA,NA,NA,NA,"t",NA,NA,NA,NA,NA,NA,NA,NA,NA,NA
"741",NA,432,432,NA,"a",NA,NA,NA,NA,NA,NA,NA,NA,NA,NA,"g",NA,NA,NA,NA,NA,NA,NA,NA,NA,NA
"337",430,433,433,424,"a",NA,NA,NA,NA,NA,NA,NA,NA,NA,NA,"g",NA,NA,NA,NA,NA,NA,NA,NA,NA,NA
"338",431,434,434,425,"t",NA,NA,NA,NA,NA,NA,NA,NA,NA,NA,"c",NA,NA,NA,NA,NA,NA,NA,NA,NA,NA
"339",432,435,435,426,"a",NA,NA,NA,NA,NA,NA,NA,NA,NA,NA,"g",NA,NA,NA,NA,NA,NA,NA,NA,NA,NA
"340",433,436,436,427,"g",NA,NA,NA,NA,NA,NA,NA,NA,NA,NA,"a",NA,NA,NA,NA,NA,NA,NA,NA,NA,NA
"341",434,437,437,428,"a",NA,NA,NA,NA,NA,NA,NA,NA,NA,NA,"g",NA,NA,NA,NA,NA,NA,NA,NA,NA,NA
"342",435,438,438,429,"c",NA,NA,NA,NA,NA,NA,NA,NA,NA,NA,"t",NA,NA,NA,NA,NA,NA,NA,NA,NA,NA
"343",436,439,439,430,"a",NA,NA,NA,NA,NA,NA,NA,NA,NA,NA,"g",NA,NA,NA,NA,NA,NA,NA,NA,NA,NA
"344",437,440,440,431,"t",NA,NA,NA,NA,NA,NA,NA,NA,NA,NA,"c",NA,NA,NA,NA,NA,NA,NA,NA,NA,NA
"345",438,441,441,432,"g",NA,NA,NA,NA,NA,NA,NA,NA,NA,NA,"a",NA,NA,NA,NA,NA,NA,NA,NA,NA,NA
"346",439,442,442,433,"g",NA,NA,NA,NA,NA,NA,NA,NA,NA,NA,"a",NA,NA,NA,NA,NA,NA,NA,NA,NA,NA
"347",440,443,443,434,"t",NA,NA,NA,NA,NA,NA,NA,NA,NA,NA,"c",NA,NA,NA,NA,NA,NA,NA,NA,NA,NA
"348",441,444,444,435,"c",NA,NA,NA,NA,NA,NA,NA,NA,NA,NA,"t",NA,NA,NA,NA,NA,NA,NA,NA,NA,NA
"349",442,445,445,436,"a",NA,NA,NA,NA,NA,NA,NA,NA,NA,NA,"g",NA,NA,NA,NA,NA,NA,NA,NA,NA,NA
"350",443,446,446,437,"a",NA,NA,NA,NA,NA,NA,NA,NA,NA,NA,"g",NA,NA,NA,NA,NA,NA,NA,NA,NA,NA
"351",444,447,447,438,"t",NA,NA,NA,NA,NA,NA,NA,NA,NA,NA,"c",NA,NA,NA,NA,NA,NA,NA,NA,NA,NA
"352",445,448,448,439,"g",NA,NA,NA,NA,NA,NA,NA,NA,NA,NA,"a",NA,NA,NA,NA,NA,NA,NA,NA,NA,NA
"353",446,449,449,440,"a",NA,NA,NA,NA,NA,NA,NA,NA,NA,NA,"g",NA,NA,NA,NA,NA,NA,NA,NA,NA,NA
"354",447,450,450,441,"g",NA,NA,NA,NA,NA,NA,NA,NA,NA,NA,"a",NA,NA,NA,NA,NA,NA,NA,NA,NA,NA
"355",448,451,451,442,"a",NA,NA,NA,NA,NA,NA,NA,NA,NA,NA,"g",NA,NA,NA,NA,NA,NA,NA,NA,NA,NA
"356",449,452,452,443,"c",NA,NA,NA,NA,NA,NA,NA,NA,NA,NA,"t",NA,NA,NA,NA,NA,NA,NA,NA,NA,NA
"357",450,453,453,444,"t",NA,NA,NA,NA,NA,NA,NA,NA,NA,NA,"c",NA,NA,NA,NA,NA,NA,NA,NA,NA,NA
"358",451,454,454,445,"a",NA,NA,NA,NA,NA,NA,NA,NA,NA,NA,"g",NA,NA,NA,NA,NA,NA,NA,NA,NA,NA
"359",452,455,455,446,"g",NA,NA,NA,NA,NA,NA,NA,NA,NA,NA,"a",NA,NA,NA,NA,NA,NA,NA,NA,NA,NA
"360",453,456,456,447,"t",NA,NA,NA,NA,NA,NA,NA,NA,NA,NA,"c",NA,NA,NA,NA,NA,NA,NA,NA,NA,NA
"361",454,457,457,448,"t",NA,NA,NA,NA,NA,NA,NA,NA,NA,NA,"c",NA,NA,NA,NA,NA,NA,NA,NA,NA,NA
"362",455,458,458,449,"c",NA,NA,NA,NA,NA,NA,NA,NA,NA,NA,"t",NA,NA,NA,NA,NA,NA,NA,NA,NA,NA
"363",456,459,459,450,"t",NA,NA,NA,NA,NA,NA,NA,NA,NA,NA,"c",NA,NA,NA,NA,NA,NA,NA,NA,NA,NA
"364",457,460,460,451,"t",NA,NA,NA,NA,NA,NA,NA,NA,NA,NA,"c",NA,NA,NA,NA,NA,NA,NA,NA,NA,NA
"365",458,461,461,452,"g",NA,NA,NA,NA,NA,NA,NA,NA,NA,NA,"a",NA,NA,NA,NA,NA,NA,NA,NA,NA,NA
"366",459,462,462,453,"t",NA,NA,NA,NA,NA,NA,NA,NA,NA,NA,"c",NA,NA,NA,NA,NA,NA,NA,NA,NA,NA
"367",460,463,463,454,"a",NA,NA,NA,NA,NA,NA,NA,NA,NA,NA,"g",NA,NA,NA,NA,NA,NA,NA,NA,NA,NA
"368",461,464,464,455,"t",NA,NA,NA,NA,NA,NA,NA,NA,NA,NA,"c",NA,NA,NA,NA,NA,NA,NA,NA,NA,NA
"369",462,465,465,456,"a",NA,NA,NA,NA,NA,NA,NA,NA,NA,NA,"g",NA,NA,NA,NA,NA,NA,NA,NA,NA,NA
"370",463,466,466,457,"g",NA,NA,NA,NA,NA,NA,NA,NA,NA,NA,"a",NA,NA,NA,NA,NA,NA,NA,NA,NA,NA
"371",464,467,467,458,"t",NA,NA,NA,NA,NA,NA,NA,NA,NA,NA,"c",NA,NA,NA,NA,NA,NA,NA,NA,NA,NA
"372",465,468,468,459,"t",NA,NA,NA,NA,NA,NA,NA,NA,NA,NA,"c",NA,NA,NA,NA,NA,NA,NA,NA,NA,NA
"373",466,469,469,460,"c",NA,NA,NA,NA,NA,NA,NA,NA,NA,NA,"t",NA,NA,NA,NA,NA,NA,NA,NA,NA,NA
"374",467,470,470,461,"a",NA,NA,NA,NA,NA,NA,NA,NA,NA,NA,"g",NA,NA,NA,NA,NA,NA,NA,NA,NA,NA
"375",468,471,471,462,"t",NA,NA,NA,NA,NA,NA,NA,NA,NA,NA,"c",NA,NA,NA,NA,NA,NA,NA,NA,NA,NA
"376",469,472,472,463,"g",NA,NA,NA,NA,NA,NA,NA,NA,NA,NA,"a",NA,NA,NA,NA,NA,NA,NA,NA,NA,NA
"377",470,473,473,464,"a",NA,NA,NA,NA,NA,NA,NA,NA,NA,NA,"g",NA,NA,NA,NA,NA,NA,NA,NA,NA,NA
"378",471,474,474,465,"t",NA,NA,NA,NA,NA,NA,NA,NA,NA,NA,"c",NA,NA,NA,NA,NA,NA,NA,NA,NA,NA
"379",472,475,475,466,"a",NA,NA,NA,NA,NA,NA,NA,NA,NA,NA,"g",NA,NA,NA,NA,NA,NA,NA,NA,NA,NA
"380",473,476,476,467,"a",NA,NA,NA,NA,NA,NA,NA,NA,NA,NA,"g",NA,NA,NA,NA,NA,NA,NA,NA,NA,NA
"381",474,477,477,468,"t",NA,NA,NA,NA,NA,NA,NA,NA,NA,NA,"c",NA,NA,NA,NA,NA,NA,NA,NA,NA,NA
"382",475,478,478,469,"t",NA,NA,NA,NA,NA,NA,NA,NA,NA,NA,"c",NA,NA,NA,NA,NA,NA,NA,NA,NA,NA
"383",476,479,479,470,"g",NA,NA,NA,NA,NA,NA,NA,NA,NA,NA,"a",NA,NA,NA,NA,NA,NA,NA,NA,NA,NA
"384",477,480,480,471,"c",NA,NA,NA,NA,NA,NA,NA,NA,NA,NA,"t",NA,NA,NA,NA,NA,NA,NA,NA,NA,NA
"385",478,481,481,472,"a",NA,NA,NA,NA,NA,NA,NA,NA,NA,NA,"g",NA,NA,NA,NA,NA,NA,NA,NA,NA,NA
"386",479,482,482,473,"c",NA,NA,NA,NA,NA,NA,NA,NA,NA,NA,"t",NA,NA,NA,NA,NA,NA,NA,NA,NA,NA
"387",480,483,483,474,"a",NA,NA,NA,NA,NA,NA,NA,NA,NA,NA,"g",NA,NA,NA,NA,NA,NA,NA,NA,NA,NA
"388",481,484,484,475,"g",NA,NA,NA,NA,NA,NA,NA,NA,NA,NA,"a",NA,NA,NA,NA,NA,NA,NA,NA,NA,NA
"389",482,485,485,476,"g",NA,NA,NA,NA,NA,NA,NA,NA,NA,NA,"a",NA,NA,NA,NA,NA,NA,NA,NA,NA,NA
"390",483,486,486,477,"c",NA,NA,NA,NA,NA,NA,NA,NA,NA,NA,"t",NA,NA,NA,NA,NA,NA,NA,NA,NA,NA
"391",484,487,487,478,"t",NA,NA,NA,NA,NA,NA,NA,NA,NA,NA,"c",NA,NA,NA,NA,NA,NA,NA,NA,NA,NA
"392",485,488,488,479,"t",NA,NA,NA,NA,NA,NA,NA,NA,NA,NA,"c",NA,NA,NA,NA,NA,NA,NA,NA,NA,NA
"393",486,489,489,480,"g",NA,NA,NA,NA,NA,NA,NA,NA,NA,NA,"a",NA,NA,NA,NA,NA,NA,NA,NA,NA,NA
"394",487,490,490,481,"g",NA,NA,NA,NA,NA,NA,NA,NA,NA,NA,"a",NA,NA,NA,NA,NA,NA,NA,NA,NA,NA
"395",488,491,491,482,"a",NA,NA,NA,NA,NA,NA,NA,NA,NA,NA,"g",NA,NA,NA,NA,NA,NA,NA,NA,NA,NA
"396",489,492,492,483,"a",NA,NA,NA,NA,NA,NA,NA,NA,NA,NA,"g",NA,NA,NA,NA,NA,NA,NA,NA,NA,NA
"397",490,493,493,484,"c",NA,NA,NA,NA,NA,NA,NA,NA,NA,NA,"t",NA,NA,NA,NA,NA,NA,NA,NA,NA,NA
"398",491,494,494,485,"a",NA,NA,NA,NA,NA,NA,NA,NA,NA,NA,"g",NA,NA,NA,NA,NA,NA,NA,NA,NA,NA
"399",492,495,495,486,"a",NA,NA,NA,NA,NA,NA,NA,NA,NA,NA,"g",NA,NA,NA,NA,NA,NA,NA,NA,NA,NA
"400",493,496,496,487,"g",NA,NA,NA,NA,NA,NA,NA,NA,NA,NA,"a",NA,NA,NA,NA,NA,NA,NA,NA,NA,NA
"401",494,497,497,488,"a",NA,NA,NA,NA,NA,NA,NA,NA,NA,NA,"g",NA,NA,NA,NA,NA,NA,NA,NA,NA,NA
"402",495,498,498,489,"g",NA,NA,NA,NA,NA,NA,NA,NA,NA,NA,"a",NA,NA,NA,NA,NA,NA,NA,NA,NA,NA
"403",496,499,499,490,"c",NA,NA,NA,NA,NA,NA,NA,NA,NA,NA,"t",NA,NA,NA,NA,NA,NA,NA,NA,NA,NA
"404",497,500,500,491,"a",NA,NA,NA,NA,NA,NA,NA,NA,NA,NA,"g",NA,NA,NA,NA,NA,NA,NA,NA,NA,NA
"405",498,501,501,492,"a",NA,NA,NA,NA,NA,NA,NA,NA,NA,NA,"g",NA,NA,NA,NA,NA,NA,NA,NA,NA,NA
"406",499,502,502,493,"a",NA,NA,NA,NA,NA,NA,NA,NA,NA,NA,"g",NA,NA,NA,NA,NA,NA,NA,NA,NA,NA
"407",500,503,503,494,"t",NA,NA,NA,NA,NA,NA,NA,NA,NA,NA,"c",NA,NA,NA,NA,NA,NA,NA,NA,NA,NA
"408",501,504,504,495,"g",NA,NA,NA,NA,NA,NA,NA,NA,NA,NA,"a",NA,NA,NA,NA,NA,NA,NA,NA,NA,NA
"409",502,505,505,496,"a",NA,NA,NA,NA,NA,NA,NA,NA,NA,NA,"g",NA,NA,NA,NA,NA,NA,NA,NA,NA,NA
"410",503,506,506,497,"t",NA,NA,NA,NA,NA,NA,NA,NA,NA,NA,"c",NA,NA,NA,NA,NA,NA,NA,NA,NA,NA
"411",504,507,507,498,"a",NA,NA,NA,NA,NA,NA,NA,NA,NA,NA,"g",NA,NA,NA,NA,NA,NA,NA,NA,NA,NA
"412",505,508,508,499,"g",NA,NA,NA,NA,NA,NA,NA,NA,NA,NA,"a",NA,NA,NA,NA,NA,NA,NA,NA,NA,NA
"413",506,509,509,500,"g",NA,NA,NA,NA,NA,NA,NA,NA,NA,NA,"a",NA,NA,NA,NA,NA,NA,NA,NA,NA,NA
"414",507,510,510,501,"c",NA,NA,NA,NA,NA,NA,NA,NA,NA,NA,"t",NA,NA,NA,NA,NA,NA,NA,NA,NA,NA
"415",508,511,511,502,"t",NA,NA,NA,NA,NA,NA,NA,NA,NA,NA,"c",NA,NA,NA,NA,NA,NA,NA,NA,NA,NA
"416",509,512,512,503,"g",NA,NA,NA,NA,NA,NA,NA,NA,NA,NA,"a",NA,NA,NA,NA,NA,NA,NA,NA,NA,NA
"417",510,513,513,504,"t",NA,NA,NA,NA,NA,NA,NA,NA,NA,NA,"c",NA,NA,NA,NA,NA,NA,NA,NA,NA,NA
"418",511,514,514,505,"a",NA,NA,NA,NA,NA,NA,NA,NA,NA,NA,"g",NA,NA,NA,NA,NA,NA,NA,NA,NA,NA
"419",512,515,515,506,"a",NA,NA,NA,NA,NA,NA,NA,NA,NA,NA,"g",NA,NA,NA,NA,NA,NA,NA,NA,NA,NA
"420",513,516,516,507,"a",NA,NA,NA,NA,NA,NA,NA,NA,NA,NA,"g",NA,NA,NA,NA,NA,NA,NA,NA,NA,NA
"421",514,517,517,508,"t",NA,NA,NA,NA,NA,NA,NA,NA,NA,NA,"c",NA,NA,NA,NA,NA,NA,NA,NA,NA,NA
"422",515,518,518,509,"t",NA,NA,NA,NA,NA,NA,NA,NA,NA,NA,"c",NA,NA,NA,NA,NA,NA,NA,NA,NA,NA
"423",516,519,519,510,"c",NA,NA,NA,NA,NA,NA,NA,NA,NA,NA,"t",NA,NA,NA,NA,NA,NA,NA,NA,NA,NA
"424",517,520,520,511,"a",NA,NA,NA,NA,NA,NA,NA,NA,NA,NA,"g",NA,NA,NA,NA,NA,NA,NA,NA,NA,NA
"425",518,521,521,512,"a",NA,NA,NA,NA,NA,NA,NA,NA,NA,NA,"g",NA,NA,NA,NA,NA,NA,NA,NA,NA,NA
"426",519,522,522,513,"c",NA,NA,NA,NA,NA,NA,NA,NA,NA,NA,"t",NA,NA,NA,NA,NA,NA,NA,NA,NA,NA
"427",520,523,523,514,"a",NA,NA,NA,NA,NA,NA,NA,NA,NA,NA,"g",NA,NA,NA,NA,NA,NA,NA,NA,NA,NA
"428",521,524,524,515,"t",NA,NA,NA,NA,NA,NA,NA,NA,NA,NA,"c",NA,NA,NA,NA,NA,NA,NA,NA,NA,NA
"429",522,525,525,516,"g",NA,NA,NA,NA,NA,NA,NA,NA,NA,NA,"a",NA,NA,NA,NA,NA,NA,NA,NA,NA,NA
"430",523,526,526,517,"a",NA,NA,NA,NA,NA,NA,NA,NA,NA,NA,"g",NA,NA,NA,NA,NA,NA,NA,NA,NA,NA
"431",524,527,527,518,"c",NA,NA,NA,NA,NA,NA,NA,NA,NA,NA,"t",NA,NA,NA,NA,NA,NA,NA,NA,NA,NA
"432",525,528,528,519,"a",2,0,0,0,0,0,0,2,"a","g","g",0,0,0,0,0,0,0,0,0,0
"433",526,529,529,520,"g",0,0,2,0,0,0,0,2,"g","a","a",0,0,0,0,0,0,0,0,0,0
"434",527,530,530,521,"g",0,0,3,0,0,0,0,3,"g","a","a",0,0,0,0,0,0,0,0,0,0
"435",528,531,531,522,"g",0,0,5,0,0,0,0,5,"g","a","a",0,0,0,0,0,0,0,0,0,0
"436",529,532,532,523,"t",0,0,0,7,0,0,0,7,"t","c","c",0,0,0,0,0,0,0,0,0,0
"437",530,533,533,524,"t",0,0,0,7,0,0,0,7,"t","c","c",0,0,0,0,0,0,0,0,0,0
"438",531,534,534,525,"a",19,0,0,0,0,0,0,19,"a","g","g",0,0,0,0,0,0,0,0,0,0
"439",532,535,535,526,"a",23,0,0,0,0,0,0,23,"a","g","g",0,0,0,0,0,0,0,0,0,0
"440",533,536,536,527,"a",24,0,0,0,0,0,0,24,"a","g","g",0,0,0,0,0,0,0,0,0,0
"441",534,537,537,528,"a",24,0,0,0,0,0,0,24,"a","g","g",0,0,0,0,0,0,0,0,0,0
"442",535,538,538,529,"a",25,0,0,0,0,0,0,25,"a","g","g",0,0,0,0,0,0,0,0,0,0
"443",536,539,539,530,"g",0,0,28,0,0,0,0,28,"g","a","a",0,0,0,0,0,0,0,0,0,0
"444",537,540,540,531,"a",34,0,0,0,0,0,0,34,"a","g","g",0,0,0,0,0,0,0,0,0,0
"445",538,541,541,532,"g",0,0,39,0,0,0,0,39,"g","a","a",0,0,0,0,0,0,0,0,0,0
"446",539,542,542,533,"a",41,0,0,0,0,0,0,41,"a","g","g",0,0,0,0,0,0,0,0,0,0
"447",540,543,543,534,"c",0,47,0,0,0,0,0,47,"c","t","t",0,0,0,0,0,0,0,0,0,0
"448",541,544,544,535,"a",51,0,0,0,0,0,0,51,"a","g","g",0,0,0,0,0,0,0,0,0,0
"449",542,545,545,536,"a",52,0,1,0,0,0,0,53,"a","g","g",0.0188679245283019,0.0188679245283019,0,0,0,0,0,0,0.0188679245283019,0.0188679245283019
"450",543,546,546,537,"g",0,0,57,0,0,0,0,57,"g","a","a",0,0,0,0,0,0,0,0,0,0
"451",544,547,547,538,"a",60,0,0,0,0,0,0,60,"a","g","g",0,0,0,0,0,0,0,0,0,0
"452",545,548,548,539,"c",0,60,0,0,0,0,0,60,"c","t","t",0,0,0,0,0,0,0,0,0,0
"453",546,549,549,540,"a",65,0,0,0,0,0,0,65,"a","g","g",0,0,0,0,0,0,0,0,0,0
"454",547,550,550,541,"a",68,0,0,0,0,0,0,68,"a","g","g",0,0,0,0,0,0,0,0,0,0
"455",548,551,551,542,"a",69,0,0,0,0,0,0,69,"a","g","g",0,0,0,0,0,0,0,0,0,0
"456",549,552,552,543,"g",2,0,68,0,0,0,0,70,"g","a","a",0.0285714285714286,0.0285714285714286,0,0,0,0,0,0,0.0285714285714286,0.0285714285714286
"457",550,553,553,544,"g",1,0,72,0,0,0,0,73,"g","a","a",0.0136986301369863,0.0136986301369863,0,0,0,0,0,0,0.0136986301369863,0.0136986301369863
"458",551,554,554,545,"a",75,0,0,0,0,0,0,75,"a","g","g",0,0,0,0,0,0,0,0,0,0
"459",552,555,555,546,"g",0,0,78,0,0,0,0,78,"g","a","a",0,0,0,0,0,0,0,0,0,0
"460",553,556,556,547,"t",0,0,0,82,0,0,0,82,"t","c","c",0,0,0,0,0,0,0,0,0,0
"461",554,557,557,548,"a",87,0,0,0,0,0,0,87,"a","g","g",0,0,0,0,0,0,0,0,0,0
"462",555,558,558,549,"c",0,89,0,0,0,0,0,89,"c","t","t",0,0,0,0,0,0,0,0,0,0
"463",556,559,559,550,"a",96,0,0,0,0,0,0,96,"a","g","g",0,0,0,0,0,0,0,0,0,0
"464",557,560,560,551,"a",102,0,0,0,0,0,0,102,"a","g","g",0,0,0,0,0,0,0,0,0,0
"465",558,561,561,552,"t",0,0,0,106,0,0,0,106,"t","c","c",0,0,0,0,0,0,0,0,0,0
"466",559,562,562,553,"g",0,0,109,0,0,0,0,109,"g","a","a",0,0,0,0,0,0,0,0,0,0
"467",560,563,563,554,"a",111,0,0,0,0,0,0,111,"a","g","g",0,0,0,0,0,0,0,0,0,0
"468",561,564,564,555,"a",112,0,0,0,0,0,0,112,"a","g","g",0,0,0,0,0,0,0,0,0,0
"469",562,565,565,556,"a",114,0,0,0,0,0,0,114,"a","g","g",0,0,0,0,0,0,0,0,0,0
"470",563,566,566,557,"c",0,118,0,0,0,0,0,118,"c","t","t",0,0,0,0,0,0,0,0,0,0
"471",564,567,567,558,"t",0,0,0,130,0,0,0,130,"t","c","c",0,0,0,0,0,0,0,0,0,0
"472",565,568,568,559,"t",0,0,0,146,0,0,0,146,"t","c","c",0,0,0,0,0,0,0,0,0,0
"473",566,569,569,560,"g",0,0,158,0,0,0,0,158,"g","a","a",0,0,0,0,0,0,0,0,0,0
"474",567,570,570,561,"g",0,0,169,0,0,0,0,169,"g","a","a",0,0,0,0,0,0,0,0,0,0
"475",568,571,571,562,"t",0,1,0,173,0,0,0,174,"t","c","c",0.00574712643678161,0.00574712643678161,0,0,0,0,0,0,0.00574712643678161,0.00574712643678161
"476",569,572,572,563,"a",178,0,1,0,0,0,0,179,"a","g","g",0.00558659217877095,0.00558659217877095,0,0,0,0,0,0,0.00558659217877095,0.00558659217877095
"477",570,573,573,564,"c",0,179,0,0,0,0,0,179,"c","t","t",0,0,0,0,0,0,0,0,0,0
"478",571,574,574,565,"t",1,0,0,188,0,0,0,189,"t","c","c",0,0,0.00529100529100529,0.00529100529100529,0.00529100529100529,0,0.00529100529100529,0,0.00529100529100529,0.00529100529100529
"479",572,575,575,566,"c",0,197,0,0,0,0,0,197,"c","t","t",0,0,0,0,0,0,0,0,0,0
"480",573,576,576,567,"t",0,0,0,210,0,0,0,210,"t","c","c",0,0,0,0,0,0,0,0,0,0
"481",574,577,577,568,"a",218,0,0,0,0,0,0,218,"a","g","g",0,0,0,0,0,0,0,0,0,0
"482",575,578,578,569,"c",0,220,0,0,0,0,0,220,"c","t","t",0,0,0,0,0,0,0,0,0,0
"483",576,579,579,570,"a",237,0,1,0,0,0,0,238,"a","g","g",0.00420168067226891,0.00420168067226891,0,0,0,0,0,0,0.00420168067226891,0.00420168067226891
"484",577,580,580,571,"g",0,0,247,0,0,0,0,247,"g","a","a",0,0,0,0,0,0,0,0,0,0
"485",578,581,581,572,"a",249,0,0,0,0,0,0,249,"a","g","g",0,0,0,0,0,0,0,0,0,0
"486",579,582,582,573,"t",0,1,0,256,0,0,0,257,"t","c","c",0.00389105058365759,0.00389105058365759,0,0,0,0,0,0,0.00389105058365759,0.00389105058365759
"487",580,583,583,574,"t",0,1,0,277,0,0,0,278,"t","c","c",0.00359712230215827,0.00359712230215827,0,0,0,0,0,0,0.00359712230215827,0.00359712230215827
"488",581,584,584,575,"t",0,0,0,311,0,0,0,311,"t","c","c",0,0,0,0,0,0,0,0,0,0
"489",582,585,585,576,"g",68,0,260,0,0,0,0,328,"g","a","a",0.207317073170732,0.207317073170732,0,0,0,0,0,0,0.207317073170732,0.207317073170732
"490",583,586,586,577,"g",0,0,356,0,0,0,0,356,"g","a","a",0,0,0,0,0,0,0,0,0,0
"491",584,587,587,578,"t",0,0,0,357,0,0,0,357,"t","c","c",0,0,0,0,0,0,0,0,0,0
"492",585,588,588,579,"t",0,0,0,386,0,0,0,386,"t","c","c",0,0,0,0,0,0,0,0,0,0
"493",586,589,589,580,"t",0,1,0,411,0,0,0,412,"t","c","c",0.00242718446601942,0.00242718446601942,0,0,0,0,0,0,0.00242718446601942,0.00242718446601942
"494",587,590,590,581,"g",0,0,432,1,0,0,0,433,"g","a","a",0,0,0.0023094688221709,0.0023094688221709,0,0.0023094688221709,0,0.0023094688221709,0.0023094688221709,0.0023094688221709
"495",588,591,591,582,"t",0,0,1,435,0,0,0,436,"t","c","c",0,0,0.00229357798165138,0.00229357798165138,0,0.00229357798165138,0,0.00229357798165138,0.00229357798165138,0.00229357798165138
"496",589,592,592,583,"g",1,0,446,0,0,0,0,447,"g","a","a",0.00223713646532438,0.00223713646532438,0,0,0,0,0,0,0.00223713646532438,0.00223713646532438
"497",590,593,593,584,"a",456,0,0,0,0,0,0,456,"a","g","g",0,0,0,0,0,0,0,0,0,0
"498",591,594,594,585,"a",463,0,0,0,0,0,0,463,"a","g","g",0,0,0,0,0,0,0,0,0,0
"499",592,595,595,586,"c",0,460,0,3,0,1,0,463,"c","t","t",0.00647948164146868,0.00647948164146868,0,0,0,0,0,0,0.00647948164146868,0.00647948164146868
"500",593,596,596,587,"a",499,0,1,0,0,0,0,500,"a","g","g",0.002,0.002,0,0,0,0,0,0,0.002,0.002
"501",594,597,597,588,"a",514,0,2,0,0,0,0,516,"a","g","g",0.00387596899224806,0.00387596899224806,0,0,0,0,0,0,0.00387596899224806,0.00387596899224806
"502",595,598,598,589,"g",1,0,526,0,0,0,0,527,"g","a","a",0.00189753320683112,0.00189753320683112,0,0,0,0,0,0,0.00189753320683112,0.00189753320683112
"503",596,599,599,590,"g",0,0,533,0,0,0,0,533,"g","a","a",0,0,0,0,0,0,0,0,0,0
"504",597,600,600,591,"g",0,0,547,2,0,0,0,549,"g","a","a",0,0,0.00364298724954463,0.00364298724954463,0,0.00364298724954463,0,0.00364298724954463,0.00364298724954463,0.00364298724954463
"505",598,601,601,592,"a",553,0,0,0,0,0,0,553,"a","g","g",0,0,0,0,0,0,0,0,0,0
"506",599,602,602,593,"a",554,0,1,2,0,0,0,557,"a","g","g",0.00179533213644524,0.00179533213644524,0.00359066427289048,0.00359066427289048,0,0.00359066427289048,0,0.00359066427289048,0.00538599640933573,0.00538599640933573
"507",600,603,603,594,"t",0,1,0,561,0,0,0,562,"t","c","c",0.00177935943060498,0.00177935943060498,0,0,0,0,0,0,0.00177935943060498,0.00177935943060498
"508",601,604,604,595,"a",568,0,0,0,0,0,0,568,"a","g","g",0,0,0,0,0,0,0,0,0,0
"509",602,605,605,596,"g",1,0,572,0,0,0,0,573,"g","a","a",0.00174520069808028,0.00174520069808028,0,0,0,0,0,0,0.00174520069808028,0.00174520069808028
"510",603,606,606,597,"c",0,577,1,3,0,0,0,581,"c","t","t",0.00516351118760757,0.00516351118760757,0.00172117039586919,0.00172117039586919,0,0.00172117039586919,0,0.00172117039586919,0.00688468158347676,0.00688468158347676
"511",604,607,607,598,"a",623,0,1,0,0,0,0,624,"a","g","g",0.0016025641025641,0.0016025641025641,0,0,0,0,0,0,0.0016025641025641,0.0016025641025641
"512",605,608,608,599,"c",1,624,0,0,0,0,0,625,"c","t","t",0,0,0.0016,0.0016,0.0016,0,0.0016,0,0.0016,0.0016
"513",606,609,609,600,"t",1,0,0,658,0,0,0,659,"t","c","c",0,0,0.00151745068285281,0.00151745068285281,0.00151745068285281,0,0.00151745068285281,0,0.00151745068285281,0.00151745068285281
"514",607,610,610,601,"g",0,0,668,0,0,0,0,668,"g","a","a",0,0,0,0,0,0,0,0,0,0
"515",608,611,611,602,"a",674,0,0,0,0,0,0,674,"a","g","g",0,0,0,0,0,0,0,0,0,0
"516",609,612,612,603,"t",0,0,0,679,0,0,0,679,"t","c","c",0,0,0,0,0,0,0,0,0,0
"517",610,613,613,604,"a",694,0,0,0,0,0,0,694,"a","g","g",0,0,0,0,0,0,0,0,0,0
"518",611,614,614,605,"a",702,0,1,0,0,0,0,703,"a","g","g",0.00142247510668563,0.00142247510668563,0,0,0,0,0,0,0.00142247510668563,0.00142247510668563
"519",612,615,615,606,"t",0,5,0,703,0,0,0,708,"t","c","c",0.00706214689265537,0.00706214689265537,0,0,0,0,0,0,0.00706214689265537,0.00706214689265537
"520",613,616,616,607,"g",0,0,711,0,0,0,0,711,"g","a","a",0,0,0,0,0,0,0,0,0,0
"521",614,617,617,608,"a",713,0,3,0,0,0,0,716,"a","g","g",0.00418994413407821,0.00418994413407821,0,0,0,0,0,0,0.00418994413407821,0.00418994413407821
"522",615,618,618,609,"a",716,0,3,0,0,0,0,719,"a","g","g",0.00417246175243394,0.00417246175243394,0,0,0,0,0,0,0.00417246175243394,0.00417246175243394
"523",616,619,619,610,"a",720,0,3,0,0,0,0,723,"a","g","g",0.004149377593361,0.004149377593361,0,0,0,0,0,0,0.004149377593361,0.004149377593361
"524",617,620,620,611,"g",0,0,724,0,0,0,0,724,"g","a","a",0,0,0,0,0,0,0,0,0,0
"525",618,621,621,612,"t",0,0,0,725,0,0,0,725,"t","c","c",0,0,0,0,0,0,0,0,0,0
"526",619,622,622,613,"a",726,0,1,0,0,0,0,727,"a","g","g",0.00137551581843191,0.00137551581843191,0,0,0,0,0,0,0.00137551581843191,0.00137551581843191
"527",620,623,623,614,"g",0,0,732,0,0,0,0,732,"g","a","a",0,0,0,0,0,0,0,0,0,0
"528",621,624,624,615,"a",729,0,4,1,0,0,0,734,"a","g","g",0.00544959128065395,0.00544959128065395,0.00136239782016349,0.00136239782016349,0,0.00136239782016349,0,0.00136239782016349,0.00681198910081744,0.00681198910081744
"529",622,625,625,616,"t",0,0,0,743,0,0,0,743,"t","c","c",0,0,0,0,0,0,0,0,0,0
"530",623,626,626,617,"g",0,0,748,0,0,0,0,748,"g","a","a",0,0,0,0,0,0,0,0,0,0
"531",624,627,627,618,"t",1,2,0,748,0,0,0,751,"t","c","c",0.00266311584553928,0.00266311584553928,0.00133155792276964,0.00133155792276964,0.00133155792276964,0,0.00133155792276964,0,0.00399467376830892,0.00399467376830892
"532",625,628,628,619,"t",0,0,0,765,0,0,0,765,"t","c","c",0,0,0,0,0,0,0,0,0,0
"533",626,629,629,620,"a",772,0,2,0,0,0,0,774,"a","g","g",0.00258397932816537,0.00258397932816537,0,0,0,0,0,0,0.00258397932816537,0.00258397932816537
"534",627,630,630,621,"c",1,771,1,1,0,0,0,774,"c","t","t",0.00129198966408269,0.00129198966408269,0.00258397932816537,0.00258397932816537,0.00129198966408269,0.00129198966408269,0.00129198966408269,0.00129198966408269,0.00387596899224806,0.00387596899224806
"535",628,631,631,622,"a",776,0,2,0,0,0,0,778,"a","g","g",0.0025706940874036,0.0025706940874036,0,0,0,0,0,0,0.0025706940874036,0.0025706940874036
"536",629,632,632,623,"t",0,2,0,776,0,0,0,778,"t","c","c",0.0025706940874036,0.0025706940874036,0,0,0,0,0,0,0.0025706940874036,0.0025706940874036
"537",630,633,633,624,"g",0,0,780,0,0,0,0,780,"g","a","a",0,0,0,0,0,0,0,0,0,0
"538",631,634,634,625,"a",780,0,2,0,0,0,0,782,"a","g","g",0.00255754475703325,0.00255754475703325,0,0,0,0,0,0,0.00255754475703325,0.00255754475703325
"539",632,635,635,626,"a",792,0,1,0,0,0,0,793,"a","g","g",0.00126103404791929,0.00126103404791929,0,0,0,0,0,0,0.00126103404791929,0.00126103404791929
"540",633,636,636,627,"t",2,2,1,790,0,0,0,795,"t","c","c",0.00251572327044025,0.00251572327044025,0.00377358490566038,0.00377358490566038,0.00251572327044025,0.00125786163522013,0.00251572327044025,0.00125786163522013,0.00628930817610063,0.00628930817610063
"541",634,637,637,628,"c",0,805,0,1,0,0,0,806,"c","t","t",0.00124069478908189,0.00124069478908189,0,0,0,0,0,0,0.00124069478908189,0.00124069478908189
"542",635,638,638,629,"a",826,0,0,0,0,0,0,826,"a","g","g",0,0,0,0,0,0,0,0,0,0
"543",636,639,639,630,"c",0,834,0,0,0,0,0,834,"c","t","t",0,0,0,0,0,0,0,0,0,0
"544",637,640,640,631,"t",0,4,0,843,0,0,0,847,"t","c","c",0.00472255017709563,0.00472255017709563,0,0,0,0,0,0,0.00472255017709563,0.00472255017709563
"545",638,641,641,632,"g",0,0,848,0,0,0,0,848,"g","a","a",0,0,0,0,0,0,0,0,0,0
"546",639,642,642,633,"t",0,4,0,846,0,0,0,850,"t","c","c",0.00470588235294118,0.00470588235294118,0,0,0,0,0,0,0.00470588235294118,0.00470588235294118
"547",640,643,643,634,"a",855,0,1,0,0,0,0,856,"a","g","g",0.00116822429906542,0.00116822429906542,0,0,0,0,0,0,0.00116822429906542,0.00116822429906542
"548",641,644,644,635,"a",857,0,2,0,0,0,0,859,"a","g","g",0.00232828870779977,0.00232828870779977,0,0,0,0,0,0,0.00232828870779977,0.00232828870779977
"549",642,645,645,636,"c",0,860,0,0,0,0,0,860,"c","t","t",0,0,0,0,0,0,0,0,0,0
"550",643,646,646,637,"a",862,0,4,0,0,0,0,866,"a","g","g",0.0046189376443418,0.0046189376443418,0,0,0,0,0,0,0.0046189376443418,0.0046189376443418
"551",644,647,647,638,"c",1,865,0,0,0,0,0,866,"c","t","t",0,0,0.00115473441108545,0.00115473441108545,0.00115473441108545,0,0.00115473441108545,0,0.00115473441108545,0.00115473441108545
"552",645,648,648,639,"t",0,4,1,864,0,0,0,869,"t","c","c",0.0046029919447641,0.0046029919447641,0.00115074798619102,0.00115074798619102,0,0.00115074798619102,0,0.00115074798619102,0.00575373993095512,0.00575373993095512
"553",646,649,649,640,"t",2,1,0,877,0,0,0,880,"t","c","c",0.00113636363636364,0.00113636363636364,0.00227272727272727,0.00227272727272727,0.00227272727272727,0,0.00227272727272727,0,0.00340909090909091,0.00340909090909091
"554",647,650,650,641,"c",0,893,0,1,0,0,0,894,"c","t","t",0.00111856823266219,0.00111856823266219,0,0,0,0,0,0,0.00111856823266219,0.00111856823266219
"555",648,651,651,642,"t",0,1,0,910,0,0,0,911,"t","c","c",0.00109769484083425,0.00109769484083425,0,0,0,0,0,0,0.00109769484083425,0.00109769484083425
"556",649,652,652,643,"a",875,0,47,1,0,0,0,923,"a","g","g",0.0509209100758397,0.0509209100758397,0.00108342361863489,0.00108342361863489,0,0.00108342361863489,0,0.00108342361863489,0.0520043336944745,0.0520043336944745
"557",650,653,653,644,"t",0,0,0,925,0,0,0,925,"t","c","c",0,0,0,0,0,0,0,0,0,0
"558",651,654,654,645,"t",0,2,0,928,0,0,0,930,"t","c","c",0.0021505376344086,0.0021505376344086,0,0,0,0,0,0,0.0021505376344086,0.0021505376344086
"559",652,655,655,646,"a",937,1,0,0,0,0,0,938,"a","g","g",0,0,0.00106609808102345,0.00106609808102345,0.00106609808102345,0,0.00106609808102345,0,0.00106609808102345,0.00106609808102345
"560",653,656,656,647,"t",0,5,0,937,0,0,0,942,"t","c","c",0.00530785562632696,0.00530785562632696,0,0,0,0,0,0,0.00530785562632696,0.00530785562632696
"561",654,657,657,648,"c",2,955,0,0,0,0,0,957,"c","t","t",0,0,0.00208986415882968,0.00208986415882968,0.00208986415882968,0,0.00208986415882968,0,0.00208986415882968,0.00208986415882968
"562",655,658,658,649,"c",0,985,0,1,0,0,0,986,"c","t","t",0.00101419878296146,0.00101419878296146,0,0,0,0,0,0,0.00101419878296146,0.00101419878296146
"563",656,659,659,650,"a",1014,0,1,0,0,0,0,1015,"a","g","g",0.000985221674876847,0.000985221674876847,0,0,0,0,0,0,0.000985221674876847,0.000985221674876847
"564",657,660,660,651,"a",1013,0,5,1,0,0,0,1019,"a","g","g",0.00490677134445535,0.00490677134445535,0.00098135426889107,0.00098135426889107,0,0.00098135426889107,0,0.00098135426889107,0.00588812561334642,0.00588812561334642
"565",658,661,661,652,"g",0,0,1026,0,0,0,0,1026,"g","a","a",0,0,0,0,0,0,0,0,0,0
"566",659,662,662,653,"a",1023,0,4,0,0,0,0,1027,"a","g","g",0.00389483933787731,0.00389483933787731,0,0,0,0,0,0,0.00389483933787731,0.00389483933787731
"567",660,663,663,654,"g",0,0,1033,0,0,0,0,1033,"g","a","a",0,0,0,0,0,0,0,0,0,0
"568",661,664,664,655,"t",0,3,0,1032,0,0,0,1035,"t","c","c",0.00289855072463768,0.00289855072463768,0,0,0,0,0,0,0.00289855072463768,0.00289855072463768
"569",662,665,665,656,"c",0,1046,0,0,0,0,0,1046,"c","t","t",0,0,0,0,0,0,0,0,0,0
"570",663,666,666,657,"t",0,3,0,1066,0,1,0,1069,"t","c","c",0.00280636108512629,0.00280636108512629,0,0,0,0,0,0,0.00280636108512629,0.00280636108512629
"571",664,667,667,658,"t",0,1,0,1079,0,0,0,1080,"t","c","c",0.000925925925925926,0.000925925925925926,0,0,0,0,0,0,0.000925925925925926,0.000925925925925926
"572",665,668,668,659,"g",0,0,1084,0,0,0,0,1084,"g","a","a",0,0,0,0,0,0,0,0,0,0
"573",666,669,669,660,"t",0,1,0,1083,0,0,0,1084,"t","c","c",0.000922509225092251,0.000922509225092251,0,0,0,0,0,0,0.000922509225092251,0.000922509225092251
"574",667,670,670,661,"g",0,0,1085,0,0,0,0,1085,"g","a","a",0,0,0,0,0,0,0,0,0,0
"575",668,671,671,662,"a",1087,0,3,0,0,0,0,1090,"a","g","g",0.00275229357798165,0.00275229357798165,0,0,0,0,0,0,0.00275229357798165,0.00275229357798165
"576",669,672,672,663,"c",0,1090,0,0,0,0,0,1090,"c","t","t",0,0,0,0,0,0,0,0,0,0
"577",670,673,673,664,"a",1087,2,1,2,0,0,0,1092,"a","g","g",0.000915750915750916,0.000915750915750916,0.00366300366300366,0.00366300366300366,0.00183150183150183,0.00183150183150183,0.00183150183150183,0.00183150183150183,0.00457875457875458,0.00457875457875458
"578",671,674,674,665,"a",1092,0,5,0,0,0,0,1097,"a","g","g",0.00455788514129444,0.00455788514129444,0,0,0,0,0,0,0.00455788514129444,0.00455788514129444
"579",672,675,675,666,"g",0,0,1105,0,0,0,0,1105,"g","a","a",0,0,0,0,0,0,0,0,0,0
"580",673,676,676,667,"c",0,1104,0,4,0,0,0,1108,"c","t","t",0.0036101083032491,0.0036101083032491,0,0,0,0,0,0,0.0036101083032491,0.0036101083032491
"581",674,677,677,668,"a",1107,0,1,3,0,0,0,1111,"a","g","g",0.0009000900090009,0.0009000900090009,0.0027002700270027,0.0027002700270027,0,0.0027002700270027,0,0.0027002700270027,0.0036003600360036,0.0036003600360036
"582",675,678,678,669,"t",0,2,0,1115,0,0,0,1117,"t","c","c",0.0017905102954342,0.0017905102954342,0,0,0,0,0,0,0.0017905102954342,0.0017905102954342
"583",676,679,679,670,"t",0,0,0,1130,0,0,0,1130,"t","c","c",0,0,0,0,0,0,0,0,0,0
"584",677,680,680,671,"a",1133,0,1,0,0,0,0,1134,"a","g","g",0.000881834215167548,0.000881834215167548,0,0,0,0,0,0,0.000881834215167548,0.000881834215167548
"585",678,681,681,672,"t",0,2,0,1140,0,0,0,1142,"t","c","c",0.00175131348511384,0.00175131348511384,0,0,0,0,0,0,0.00175131348511384,0.00175131348511384
"586",679,682,682,673,"t",0,0,0,1144,0,0,0,1144,"t","c","c",0,0,0,0,0,0,0,0,0,0
"587",680,683,683,674,"g",1,0,1147,0,0,0,0,1148,"g","a","a",0.000871080139372822,0.000871080139372822,0,0,0,0,0,0,0.000871080139372822,0.000871080139372822
"588",681,684,684,675,"g",2,0,1145,0,0,0,0,1147,"g","a","a",0.001743679163034,0.001743679163034,0,0,0,0,0,0,0.001743679163034,0.001743679163034
"589",682,685,685,676,"g",0,0,1147,0,0,0,0,1147,"g","a","a",0,0,0,0,0,0,0,0,0,0
"590",683,686,686,677,"a",1145,0,0,2,0,0,0,1147,"a","g","g",0,0,0.001743679163034,0.001743679163034,0,0.001743679163034,0,0.001743679163034,0.001743679163034,0.001743679163034
"591",684,687,687,678,"t",0,1,0,1155,0,0,0,1156,"t","c","c",0.000865051903114187,0.000865051903114187,0,0,0,0,0,0,0.000865051903114187,0.000865051903114187
"592",685,688,688,679,"a",1157,0,4,0,0,0,0,1161,"a","g","g",0.00344530577088717,0.00344530577088717,0,0,0,0,0,0,0.00344530577088717,0.00344530577088717
"593",686,689,689,680,"c",0,1163,0,0,0,0,0,1163,"c","t","t",0,0,0,0,0,0,0,0,0,0
"594",687,690,690,681,"t",0,3,0,1160,0,2,0,1163,"t","c","c",0.00257953568357696,0.00257953568357696,0,0,0,0,0,0,0.00257953568357696,0.00257953568357696
"595",688,691,691,682,"a",1162,0,1,0,0,2,0,1163,"a","g","g",0.000859845227858985,0.000859845227858985,0,0,0,0,0,0,0.000859845227858985,0.000859845227858985
"596",689,692,692,683,"t",0,2,1,1162,0,0,0,1165,"t","c","c",0.00171673819742489,0.00171673819742489,0.000858369098712446,0.000858369098712446,0,0.000858369098712446,0,0.000858369098712446,0.00257510729613734,0.00257510729613734
"597",690,693,693,684,"t",0,0,0,1169,0,0,0,1169,"t","c","c",0,0,0,0,0,0,0,0,0,0
"598",691,694,694,685,"a",1168,1,1,0,0,0,0,1170,"a","g","g",0.000854700854700855,0.000854700854700855,0.000854700854700855,0.000854700854700855,0.000854700854700855,0,0.000854700854700855,0,0.00170940170940171,0.00170940170940171
"599",692,695,695,686,"g",0,0,1178,0,0,0,0,1178,"g","a","a",0,0,0,0,0,0,0,0,0,0
"600",693,696,696,687,"a",1177,0,1,0,0,0,0,1178,"a","g","g",0.000848896434634975,0.000848896434634975,0,0,0,0,0,0,0.000848896434634975,0.000848896434634975
"601",694,697,697,688,"t",0,3,1,1179,0,0,0,1183,"t","c","c",0.00253592561284869,0.00253592561284869,0.00084530853761623,0.00084530853761623,0,0.00084530853761623,0,0.00084530853761623,0.00338123415046492,0.00338123415046492
"602",695,698,698,689,"t",0,1,0,1187,0,0,0,1188,"t","c","c",0.000841750841750842,0.000841750841750842,0,0,0,0,0,0,0.000841750841750842,0.000841750841750842
"603",696,699,699,690,"t",0,0,2,1186,0,0,0,1188,"t","c","c",0,0,0.00168350168350168,0.00168350168350168,0,0.00168350168350168,0,0.00168350168350168,0.00168350168350168,0.00168350168350168
"604",697,700,700,691,"a",1192,0,0,2,0,0,0,1194,"a","g","g",0,0,0.0016750418760469,0.0016750418760469,0,0.0016750418760469,0,0.0016750418760469,0.0016750418760469,0.0016750418760469
"605",698,701,701,692,"g",0,0,1201,0,0,0,0,1201,"g","a","a",0,0,0,0,0,0,0,0,0,0
"606",699,702,702,693,"g",0,0,1205,0,0,0,0,1205,"g","a","a",0,0,0,0,0,0,0,0,0,0
"607",700,703,703,694,"t",0,0,0,1205,0,0,0,1205,"t","c","c",0,0,0,0,0,0,0,0,0,0
"608",701,704,704,695,"a",1205,0,1,0,0,0,0,1206,"a","g","g",0.000829187396351575,0.000829187396351575,0,0,0,0,0,0,0.000829187396351575,0.000829187396351575
"609",702,705,705,696,"t",0,1,0,1205,0,0,0,1206,"t","c","c",0.000829187396351575,0.000829187396351575,0,0,0,0,0,0,0.000829187396351575,0.000829187396351575
"610",703,706,706,697,"t",0,2,0,1204,0,1,0,1206,"t","c","c",0.00165837479270315,0.00165837479270315,0,0,0,0,0,0,0.00165837479270315,0.00165837479270315
"611",704,707,707,698,"g",1,0,1202,0,0,2,0,1203,"g","a","a",0.000831255195344971,0.000831255195344971,0,0,0,0,0,0,0.000831255195344971,0.000831255195344971
"612",705,708,708,699,"t",0,7,1,1197,0,0,0,1205,"t","c","c",0.00580912863070539,0.00580912863070539,0.000829875518672199,0.000829875518672199,0,0.000829875518672199,0,0.000829875518672199,0.00663900414937759,0.00663900414937759
"613",706,709,709,700,"g",0,0,1205,1,0,0,0,1206,"g","a","a",0,0,0.000829187396351575,0.000829187396351575,0,0.000829187396351575,0,0.000829187396351575,0.000829187396351575,0.000829187396351575
"614",707,710,710,701,"c",0,1205,0,1,0,0,0,1206,"c","t","t",0.000829187396351575,0.000829187396351575,0,0,0,0,0,0,0.000829187396351575,0.000829187396351575
"615",708,711,711,702,"a",1208,0,1,1,0,0,0,1210,"a","g","g",0.000826446280991736,0.000826446280991736,0.000826446280991736,0.000826446280991736,0,0.000826446280991736,0,0.000826446280991736,0.00165289256198347,0.00165289256198347
"616",709,712,712,703,"c",0,1207,0,4,0,0,0,1211,"c","t","t",0.00330305532617671,0.00330305532617671,0,0,0,0,0,0,0.00330305532617671,0.00330305532617671
"617",710,713,713,704,"c",1,1210,0,0,0,0,0,1211,"c","t","t",0,0,0.000825763831544178,0.000825763831544178,0.000825763831544178,0,0.000825763831544178,0,0.000825763831544178,0.000825763831544178
"618",711,714,714,705,"t",0,0,0,1218,0,0,0,1218,"t","c","c",0,0,0,0,0,0,0,0,0,0
"619",712,715,715,706,"c",2,1214,0,1,0,0,0,1217,"c","t","t",0.000821692686935086,0.000821692686935086,0.00164338537387017,0.00164338537387017,0.00164338537387017,0,0.00164338537387017,0,0.00246507806080526,0.00246507806080526
"620",713,716,716,707,"c",0,1230,0,0,0,0,0,1230,"c","t","t",0,0,0,0,0,0,0,0,0,0
"621",714,717,717,708,"a",1238,0,1,0,0,0,0,1239,"a","g","g",0.000807102502017756,0.000807102502017756,0,0,0,0,0,0,0.000807102502017756,0.000807102502017756
"622",715,718,718,709,"g",0,0,1243,0,0,0,0,1243,"g","a","a",0,0,0,0,0,0,0,0,0,0
"623",716,719,719,710,"g",0,0,1246,0,0,0,0,1246,"g","a","a",0,0,0,0,0,0,0,0,0,0
"624",717,720,720,711,"t",1,3,0,1247,0,0,0,1251,"t","c","c",0.00239808153477218,0.00239808153477218,0.000799360511590727,0.000799360511590727,0.000799360511590727,0,0.000799360511590727,0,0.00319744204636291,0.00319744204636291
"625",718,721,721,712,"t",0,0,0,1251,0,0,0,1251,"t","c","c",0,0,0,0,0,0,0,0,0,0
"626",719,722,722,713,"a",1252,0,1,0,0,1,0,1253,"a","g","g",0.000798084596967279,0.000798084596967279,0,0,0,0,0,0,0.000798084596967279,0.000798084596967279
"627",720,723,723,714,"t",0,4,0,1251,0,0,0,1255,"t","c","c",0.00318725099601594,0.00318725099601594,0,0,0,0,0,0,0.00318725099601594,0.00318725099601594
"628",721,724,724,715,"g",0,0,1252,0,0,0,0,1252,"g","a","a",0,0,0,0,0,0,0,0,0,0
"629",722,725,725,716,"c",1,1251,0,0,0,0,0,1252,"c","t","t",0,0,0.000798722044728434,0.000798722044728434,0.000798722044728434,0,0.000798722044728434,0,0.000798722044728434,0.000798722044728434
"630",723,726,726,717,"t",0,0,0,1247,0,0,0,1247,"t","c","c",0,0,0,0,0,0,0,0,0,0
"631",724,727,727,718,"t",0,3,1,1250,0,0,0,1254,"t","c","c",0.00239234449760766,0.00239234449760766,0.000797448165869219,0.000797448165869219,0,0.000797448165869219,0,0.000797448165869219,0.00318979266347687,0.00318979266347687
"632",725,728,728,719,"t",0,5,0,1255,0,0,0,1260,"t","c","c",0.00396825396825397,0.00396825396825397,0,0,0,0,0,0,0.00396825396825397,0.00396825396825397
"633",726,729,729,720,"g",0,0,1264,0,0,0,0,1264,"g","a","a",0,0,0,0,0,0,0,0,0,0
"634",727,730,730,721,"c",0,1263,0,1,0,0,0,1264,"c","t","t",0.000791139240506329,0.000791139240506329,0,0,0,0,0,0,0.000791139240506329,0.000791139240506329
"635",728,731,731,722,"t",0,0,0,1267,0,0,0,1267,"t","c","c",0,0,0,0,0,0,0,0,0,0
"636",729,732,732,723,"t",0,0,0,1277,0,0,0,1277,"t","c","c",0,0,0,0,0,0,0,0,0,0
"637",730,733,733,724,"a",1275,0,2,0,0,0,0,1277,"a","g","g",0.00156617071260767,0.00156617071260767,0,0,0,0,0,0,0.00156617071260767,0.00156617071260767
"638",731,734,734,725,"g",0,0,1274,1,0,0,0,1275,"g","a","a",0,0,0.000784313725490196,0.000784313725490196,0,0.000784313725490196,0,0.000784313725490196,0.000784313725490196,0.000784313725490196
"639",732,735,735,726,"a",1275,0,1,0,0,0,0,1276,"a","g","g",0.000783699059561128,0.000783699059561128,0,0,0,0,0,0,0.000783699059561128,0.000783699059561128
"640",733,736,736,727,"t",0,2,0,1274,0,0,0,1276,"t","c","c",0.00156739811912226,0.00156739811912226,0,0,0,0,0,0,0.00156739811912226,0.00156739811912226
"641",734,737,737,728,"g",0,0,1278,0,0,0,0,1278,"g","a","a",0,0,0,0,0,0,0,0,0,0
"642",735,738,738,729,"t",0,3,0,1273,0,0,0,1276,"t","c","c",0.00235109717868339,0.00235109717868339,0,0,0,0,0,0,0.00235109717868339,0.00235109717868339
"643",736,739,739,730,"a",1274,1,2,0,0,0,0,1277,"a","g","g",0.00156617071260767,0.00156617071260767,0.000783085356303837,0.000783085356303837,0.000783085356303837,0,0.000783085356303837,0,0.00234925606891151,0.00234925606891151
"644",737,740,740,731,"a",1272,0,2,0,0,0,0,1274,"a","g","g",0.00156985871271586,0.00156985871271586,0,0,0,0,0,0,0.00156985871271586,0.00156985871271586
"645",738,741,741,732,"t",1,2,0,1273,0,0,0,1276,"t","c","c",0.00156739811912226,0.00156739811912226,0.000783699059561128,0.000783699059561128,0.000783699059561128,0,0.000783699059561128,0,0.00235109717868339,0.00235109717868339
"646",739,742,742,733,"g",3,0,1275,0,0,0,0,1278,"g","a","a",0.00234741784037559,0.00234741784037559,0,0,0,0,0,0,0.00234741784037559,0.00234741784037559
"647",740,743,743,734,"a",1276,0,2,0,0,0,0,1278,"a","g","g",0.00156494522691706,0.00156494522691706,0,0,0,0,0,0,0.00156494522691706,0.00156494522691706
"648",741,744,744,735,"c",2,1275,0,0,0,0,0,1277,"c","t","t",0,0,0.00156617071260767,0.00156617071260767,0.00156617071260767,0,0.00156617071260767,0,0.00156617071260767,0.00156617071260767
"649",742,745,745,736,"a",1272,0,2,3,0,0,0,1277,"a","g","g",0.00156617071260767,0.00156617071260767,0.00234925606891151,0.00234925606891151,0,0.00234925606891151,0,0.00234925606891151,0.00391542678151919,0.00391542678151919
"650",743,746,746,737,"c",0,1272,0,4,0,0,0,1276,"c","t","t",0.00313479623824451,0.00313479623824451,0,0,0,0,0,0,0.00313479623824451,0.00313479623824451
"651",744,747,747,738,"a",1268,0,6,1,0,0,0,1275,"a","g","g",0.00470588235294118,0.00470588235294118,0.000784313725490196,0.000784313725490196,0,0.000784313725490196,0,0.000784313725490196,0.00549019607843137,0.00549019607843137
"652",745,748,748,739,"a",1270,0,0,3,0,0,0,1273,"a","g","g",0,0,0.002356637863315,0.002356637863315,0,0.002356637863315,0,0.002356637863315,0.002356637863315,0.002356637863315
"653",746,749,749,740,"a",1279,0,0,0,0,0,0,1279,"a","g","g",0,0,0,0,0,0,0,0,0,0
"654",747,750,750,741,"t",0,1,0,1279,0,0,0,1280,"t","c","c",0.00078125,0.00078125,0,0,0,0,0,0,0.00078125,0.00078125
"655",748,751,751,742,"t",0,1,0,1278,0,0,0,1279,"t","c","c",0.000781860828772478,0.000781860828772478,0,0,0,0,0,0,0.000781860828772478,0.000781860828772478
"656",749,752,752,743,"a",1276,0,3,0,0,0,0,1279,"a","g","g",0.00234558248631744,0.00234558248631744,0,0,0,0,0,0,0.00234558248631744,0.00234558248631744
"657",750,753,753,744,"t",0,1,0,1277,0,0,0,1278,"t","c","c",0.000782472613458529,0.000782472613458529,0,0,0,0,0,0,0.000782472613458529,0.000782472613458529
"658",751,754,754,745,"t",0,1,0,1275,0,0,0,1276,"t","c","c",0.000783699059561128,0.000783699059561128,0,0,0,0,0,0,0.000783699059561128,0.000783699059561128
"659",752,755,755,746,"c",0,1275,0,1,0,0,0,1276,"c","t","t",0.000783699059561128,0.000783699059561128,0,0,0,0,0,0,0.000783699059561128,0.000783699059561128
"660",753,756,756,747,"a",1270,1,2,2,0,0,0,1275,"a","g","g",0.00156862745098039,0.00156862745098039,0.00235294117647059,0.00235294117647059,0.000784313725490196,0.00156862745098039,0.000784313725490196,0.00156862745098039,0.00392156862745098,0.00392156862745098
"661",754,757,757,748,"g",1,0,1278,0,0,0,0,1279,"g","a","a",0.000781860828772478,0.000781860828772478,0,0,0,0,0,0,0.000781860828772478,0.000781860828772478
"662",755,758,758,749,"g",0,0,1280,0,0,0,0,1280,"g","a","a",0,0,0,0,0,0,0,0,0,0
"663",756,759,759,750,"c",0,1275,0,3,0,0,0,1278,"c","t","t",0.00234741784037559,0.00234741784037559,0,0,0,0,0,0,0.00234741784037559,0.00234741784037559
"664",757,760,760,751,"t",0,4,0,1268,0,7,0,1272,"t","c","c",0.00314465408805031,0.00314465408805031,0,0,0,0,0,0,0.00314465408805031,0.00314465408805031
"665",758,761,761,752,"t",1,0,0,1277,0,0,0,1278,"t","c","c",0,0,0.000782472613458529,0.000782472613458529,0.000782472613458529,0,0.000782472613458529,0,0.000782472613458529,0.000782472613458529
"666",759,762,762,753,"t",0,1,0,1277,0,0,0,1278,"t","c","c",0.000782472613458529,0.000782472613458529,0,0,0,0,0,0,0.000782472613458529,0.000782472613458529
"667",760,763,763,754,"a",1272,1,3,0,0,0,0,1276,"a","g","g",0.00235109717868339,0.00235109717868339,0.000783699059561128,0.000783699059561128,0.000783699059561128,0,0.000783699059561128,0,0.00313479623824451,0.00313479623824451
"668",761,764,764,755,"t",0,2,0,1275,0,0,0,1277,"t","c","c",0.00156617071260767,0.00156617071260767,0,0,0,0,0,0,0.00156617071260767,0.00156617071260767
"669",762,765,765,756,"g",0,0,1274,0,0,0,0,1274,"g","a","a",0,0,0,0,0,0,0,0,0,0
"670",763,766,766,757,"c",1,1263,0,0,0,0,0,1264,"c","t","t",0,0,0.000791139240506329,0.000791139240506329,0.000791139240506329,0,0.000791139240506329,0,0.000791139240506329,0.000791139240506329
"671",764,767,767,758,"c",1,1258,0,2,0,0,0,1261,"c","t","t",0.00158604282315623,0.00158604282315623,0.000793021411578113,0.000793021411578113,0.000793021411578113,0,0.000793021411578113,0,0.00237906423473434,0.00237906423473434
"672",765,768,768,759,"t",1,1,0,1263,0,1,0,1265,"t","c","c",0.000790513833992095,0.000790513833992095,0.000790513833992095,0.000790513833992095,0.000790513833992095,0,0.000790513833992095,0,0.00158102766798419,0.00158102766798419
"673",766,769,769,760,"a",1265,0,1,2,0,1,0,1268,"a","g","g",0.000788643533123028,0.000788643533123028,0.00157728706624606,0.00157728706624606,0,0.00157728706624606,0,0.00157728706624606,0.00236593059936909,0.00236593059936909
"674",767,770,770,761,"a",1262,0,1,4,0,0,0,1267,"a","g","g",0.000789265982636148,0.000789265982636148,0.00315706393054459,0.00315706393054459,0,0.00315706393054459,0,0.00315706393054459,0.00394632991318074,0.00394632991318074
"675",768,771,771,762,"a",1264,0,5,0,0,0,0,1269,"a","g","g",0.00394011032308905,0.00394011032308905,0,0,0,0,0,0,0.00394011032308905,0.00394011032308905
"676",769,772,772,763,"t",0,1,0,1270,0,0,0,1271,"t","c","c",0.000786782061369001,0.000786782061369001,0,0,0,0,0,0,0.000786782061369001,0.000786782061369001
"677",770,773,773,764,"g",2,0,1263,1,0,0,0,1266,"g","a","a",0.00157977883096367,0.00157977883096367,0.000789889415481833,0.000789889415481833,0,0.000789889415481833,0,0.000789889415481833,0.0023696682464455,0.0023696682464455
"678",771,774,774,765,"t",0,2,0,1263,0,0,0,1265,"t","c","c",0.00158102766798419,0.00158102766798419,0,0,0,0,0,0,0.00158102766798419,0.00158102766798419
"679",772,775,775,766,"t",0,3,0,1257,0,0,0,1260,"t","c","c",0.00238095238095238,0.00238095238095238,0,0,0,0,0,0,0.00238095238095238,0.00238095238095238
"680",773,776,776,767,"c",0,1264,0,1,0,0,0,1265,"c","t","t",0.000790513833992095,0.000790513833992095,0,0,0,0,0,0,0.000790513833992095,0.000790513833992095
"681",774,777,777,768,"t",0,0,0,1264,0,0,0,1264,"t","c","c",0,0,0,0,0,0,0,0,0,0
"682",775,778,778,769,"a",1263,0,0,0,0,0,0,1263,"a","g","g",0,0,0,0,0,0,0,0,0,0
"683",776,779,779,770,"a",1257,0,3,4,0,0,0,1264,"a","g","g",0.00237341772151899,0.00237341772151899,0.00316455696202532,0.00316455696202532,0,0.00316455696202532,0,0.00316455696202532,0.0055379746835443,0.0055379746835443
"684",777,780,780,771,"g",6,0,1266,0,0,0,0,1272,"g","a","a",0.00471698113207547,0.00471698113207547,0,0,0,0,0,0,0.00471698113207547,0.00471698113207547
"685",778,781,781,772,"g",0,0,1272,0,0,0,0,1272,"g","a","a",0,0,0,0,0,0,0,0,0,0
"686",779,782,782,773,"t",0,0,0,1275,0,0,0,1275,"t","c","c",0,0,0,0,0,0,0,0,0,0
"687",780,783,783,774,"g",1,1,1275,0,0,0,0,1277,"g","a","a",0.000783085356303837,0.000783085356303837,0.000783085356303837,0.000783085356303837,0.000783085356303837,0,0.000783085356303837,0,0.00156617071260767,0.00156617071260767
"688",781,784,784,775,"g",0,0,1276,0,0,0,0,1276,"g","a","a",0,0,0,0,0,0,0,0,0,0
"689",782,785,785,776,"t",0,3,2,1271,0,0,0,1276,"t","c","c",0.00235109717868339,0.00235109717868339,0.00156739811912226,0.00156739811912226,0,0.00156739811912226,0,0.00156739811912226,0.00391849529780564,0.00391849529780564
"690",783,786,786,777,"g",1,0,1272,1,0,2,0,1274,"g","a","a",0.000784929356357928,0.000784929356357928,0.000784929356357928,0.000784929356357928,0,0.000784929356357928,0,0.000784929356357928,0.00156985871271586,0.00156985871271586
"691",784,787,787,778,"g",0,0,1275,0,0,0,0,1275,"g","a","a",0,0,0,0,0,0,0,0,0,0
"692",785,788,788,779,"t",0,7,0,1262,0,0,0,1269,"t","c","c",0.00551615445232467,0.00551615445232467,0,0,0,0,0,0,0.00551615445232467,0.00551615445232467
"693",786,789,789,780,"c",0,1258,1,0,0,0,0,1259,"c","t","t",0,0,0.00079428117553614,0.00079428117553614,0,0.00079428117553614,0,0.00079428117553614,0.00079428117553614,0.00079428117553614
"694",787,790,790,781,"t",0,0,0,1270,0,0,0,1270,"t","c","c",0,0,0,0,0,0,0,0,0,0
"695",788,791,791,782,"c",0,1257,0,2,0,0,0,1259,"c","t","t",0.00158856235107228,0.00158856235107228,0,0,0,0,0,0,0.00158856235107228,0.00158856235107228
"696",789,792,792,783,"t",0,1,0,1261,0,0,0,1262,"t","c","c",0.000792393026941363,0.000792393026941363,0,0,0,0,0,0,0.000792393026941363,0.000792393026941363
"697",790,793,793,784,"t",2,0,1,1268,0,0,0,1271,"t","c","c",0,0,0.002360346184107,0.002360346184107,0.001573564122738,0.000786782061369001,0.001573564122738,0.000786782061369001,0.002360346184107,0.002360346184107
"698",791,794,794,785,"c",5,1357,7,1,0,0,0,1370,"c","t","t",0.00072992700729927,0.00072992700729927,0.00875912408759124,0.00875912408759124,0.00364963503649635,0.00510948905109489,0.00364963503649635,0.00510948905109489,0.00948905109489051,0.00948905109489051
"699",792,795,795,786,"a",2504,0,7,1,0,0,0,2512,"a","g","g",0.00278662420382166,0.00278662420382166,0.000398089171974522,0.000398089171974522,0,0.000398089171974522,0,0.000398089171974522,0.00318471337579618,0.00318471337579618
"700",793,796,796,787,"t",0,18,2,2493,0,0,0,2513,"t","c","c",0.00716275368085953,0.00716275368085953,0.000795861520095503,0.000795861520095503,0,0.000795861520095503,0,0.000795861520095503,0.00795861520095503,0.00795861520095503
"701",794,797,797,788,"g",1,0,2510,2,0,0,0,2513,"g","a","a",0.000397930760047752,0.000397930760047752,0.000795861520095503,0.000795861520095503,0,0.000795861520095503,0,0.000795861520095503,0.00119379228014326,0.00119379228014326
"702",795,798,798,789,"c",0,2485,3,16,0,0,0,2504,"c","t","t",0.00638977635782748,0.00638977635782748,0.00119808306709265,0.00119808306709265,0,0.00119808306709265,0,0.00119808306709265,0.00758785942492013,0.00758785942492013
"703",796,799,799,790,"a",2503,0,0,0,0,0,0,2503,"a","g","g",0,0,0,0,0,0,0,0,0,0
"704",797,800,800,791,"c",0,2492,1,1,0,2,5,2494,"c","t","t",0.000400962309542903,0.000400962309542903,0.000400962309542903,0.000400962309542903,0,0.000400962309542903,0,0.000400962309542903,0.000801924619085806,0.000801924619085806
"705",798,801,801,792,"a",2484,0,4,0,0,6,0,2488,"a","g","g",0.00160771704180064,0.00160771704180064,0,0,0,0,0,0,0.00160771704180064,0.00160771704180064
"706",799,802,802,793,"a",2494,0,0,0,0,0,0,2494,"a","g","g",0,0,0,0,0,0,0,0,0,0
"707",800,803,803,794,"g",0,0,2491,0,0,0,0,2491,"g","a","a",0,0,0,0,0,0,0,0,0,0
"708",801,804,804,795,"g",0,0,2485,0,0,0,0,2485,"g","a","a",0,0,0,0,0,0,0,0,0,0
"709",802,805,805,796,"a",2476,1,4,2,0,0,0,2483,"a","g","g",0.00161095449053564,0.00161095449053564,0.00120821586790173,0.00120821586790173,0.000402738622633911,0.000805477245267821,0.000402738622633911,0.000805477245267821,0.00281917035843737,0.00281917035843737
"710",803,806,806,797,"t",0,1,0,2481,0,0,0,2482,"t","c","c",0.00040290088638195,0.00040290088638195,0,0,0,0,0,0,0.00040290088638195,0.00040290088638195
"711",804,807,807,798,"g",0,0,2480,0,0,0,0,2480,"g","a","a",0,0,0,0,0,0,0,0,0,0
"712",805,808,808,799,"a",2477,0,2,0,0,0,0,2479,"a","g","g",0.000806776926179911,0.000806776926179911,0,0,0,0,0,0,0.000806776926179911,0.000806776926179911
"713",806,809,809,800,"t",0,1,0,2478,0,0,0,2479,"t","c","c",0.000403388463089956,0.000403388463089956,0,0,0,0,0,0,0.000403388463089956,0.000403388463089956
"714",807,810,810,801,"g",0,0,2475,1,0,0,0,2476,"g","a","a",0,0,0.000403877221324717,0.000403877221324717,0,0.000403877221324717,0,0.000403877221324717,0.000403877221324717,0.000403877221324717
"715",808,811,811,802,"g",0,0,2468,0,0,0,0,2468,"g","a","a",0,0,0,0,0,0,0,0,0,0
"716",809,812,812,803,"a",2456,2,0,0,0,0,0,2458,"a","g","g",0,0,0.00081366965012205,0.00081366965012205,0.00081366965012205,0,0.00081366965012205,0,0.00081366965012205,0.00081366965012205
"717",810,813,813,804,"g",2,0,2454,0,0,0,0,2456,"g","a","a",0.000814332247557003,0.000814332247557003,0,0,0,0,0,0,0.000814332247557003,0.000814332247557003
"718",811,814,814,805,"a",2453,0,2,0,0,0,0,2455,"a","g","g",0.000814663951120163,0.000814663951120163,0,0,0,0,0,0,0.000814663951120163,0.000814663951120163
"719",812,815,815,806,"c",0,2439,0,4,0,0,0,2443,"c","t","t",0.00163733115022513,0.00163733115022513,0,0,0,0,0,0,0.00163733115022513,0.00163733115022513
"720",813,816,816,807,"a",2438,0,4,0,0,0,0,2442,"a","g","g",0.00163800163800164,0.00163800163800164,0,0,0,0,0,0,0.00163800163800164,0.00163800163800164
"721",814,817,817,808,"c",0,2434,0,0,0,0,0,2434,"c","t","t",0,0,0,0,0,0,0,0,0,0
"722",815,818,818,809,"a",2430,0,2,0,0,0,0,2432,"a","g","g",0.000822368421052632,0.000822368421052632,0,0,0,0,0,0,0.000822368421052632,0.000822368421052632
"723",816,819,819,810,"g",0,0,2426,2,0,0,0,2428,"g","a","a",0,0,0.000823723228995058,0.000823723228995058,0,0.000823723228995058,0,0.000823723228995058,0.000823723228995058,0.000823723228995058
"724",817,820,820,811,"a",2421,0,1,0,0,0,0,2422,"a","g","g",0.000412881915772089,0.000412881915772089,0,0,0,0,0,0,0.000412881915772089,0.000412881915772089
"725",818,821,821,812,"c",0,2417,0,0,0,0,0,2417,"c","t","t",0,0,0,0,0,0,0,0,0,0
"726",819,822,822,813,"t",0,0,0,2396,0,0,0,2396,"t","c","c",0,0,0,0,0,0,0,0,0,0
"727",820,823,823,814,"t",0,0,0,2360,0,0,0,2360,"t","c","c",0,0,0,0,0,0,0,0,0,0
"728",821,824,824,815,"a",2360,0,0,0,0,0,0,2360,"a","g","g",0,0,0,0,0,0,0,0,0,0
"729",822,825,825,816,"t",0,23,0,2,0,0,0,25,"c","t","c",0.08,0.92,0,0,0,0,0,0,0.92,0.08
"730",823,826,826,817,"a",0,0,1,0,0,0,0,1,"g","a","g",0,1,0,0,0,0,0,0,1,0
"731",824,827,827,818,"c",NA,NA,NA,NA,NA,NA,NA,NA,NA,NA,"t",NA,NA,NA,NA,NA,NA,NA,NA,NA,NA
"732",825,828,828,819,"t",NA,NA,NA,NA,NA,NA,NA,NA,NA,NA,"c",NA,NA,NA,NA,NA,NA,NA,NA,NA,NA
"733",826,829,829,820,"t",NA,NA,NA,NA,NA,NA,NA,NA,NA,NA,"c",NA,NA,NA,NA,NA,NA,NA,NA,NA,NA
"734",827,830,830,821,"g",NA,NA,NA,NA,NA,NA,NA,NA,NA,NA,"a",NA,NA,NA,NA,NA,NA,NA,NA,NA,NA
"735",828,831,831,822,"g",NA,NA,NA,NA,NA,NA,NA,NA,NA,NA,"a",NA,NA,NA,NA,NA,NA,NA,NA,NA,NA
"736",829,832,832,823,"t",NA,NA,NA,NA,NA,NA,NA,NA,NA,NA,"c",NA,NA,NA,NA,NA,NA,NA,NA,NA,NA
"737",830,833,833,824,"t",NA,NA,NA,NA,NA,NA,NA,NA,NA,NA,"c",NA,NA,NA,NA,NA,NA,NA,NA,NA,NA
"738",831,834,834,825,"t",NA,NA,NA,NA,NA,NA,NA,NA,NA,NA,"c",NA,NA,NA,NA,NA,NA,NA,NA,NA,NA
