"","ref251.pos","Animal:16314 Week3: plasma","Animal:16314 Week8: plasma","Animal:16314 Week8: L ing LN","Animal:16314 Week8: L cran HLN 1","Animal:16314 Week8: R carinal LN gran ","Animal:16314 Week8: *RLL gran 6","Animal:16314 Week8: RLL gran 4","Animal:16314 Week8: RLL gran D","Animal:16314 Week8: RLL gran E","Animal:16314 Week8: R cran HLN ","mean","count"
"1",94,0,0,0,0,0,0,0,0,NA,0,0,NA
"2",95,0,0,0,0,0,0,0,0,0,0,0,0
"3",96,0,0,0,0,0,0,0,0,0,0,0,0
"4",97,0,0,0,0,0,0,0,0,0,0,0,0
"5",98,0,0,0,0,0,0,0,0,0,0,0,0
"6",99,0.000584522253837187,0.000514939473848134,0.00053339190185589,0.000760298589991706,0.000546767472991572,0.000531029843877226,0.000503876311625399,0.000457116736186504,0.000135043889264011,0.000459400482370506,0.000502638695584814,10
"7",100,0.000304675938636257,0.000269048643994834,0.000289381271556949,0.000378813967904126,0.000375706798414517,0.000247314867156586,0.000361488273673074,0.000258651679482346,0.000269541778975741,0.000114429568600526,0.000286905278839496,10
"8",101,0.000475254947504409,0.000624865509079172,0.000437777030777289,0.000527746865068894,0.000394232935345799,0.00052979196835376,0.000652223730367184,0.000473225513865946,0,0.000228754432117122,0.000434387293247957,9
"9",102,0.000990867946760933,0.000885512355793899,0.000891070535267634,0.00103254821426523,0.00125838138346825,0.000865281039749951,0.00125170787606329,0.001095736707618,0.0006728569506123,0.000228623685413809,0.000917258669501329,10
"10",103,4.67992645829851e-05,6.19839833387053e-05,8.58576791888791e-05,8.0188787316425e-05,7.4987814480147e-05,7.04609910338389e-05,4.3960681566407e-05,0.000104938217624374,0,0,5.69177419131761e-05,8
"11",104,0.00127780565311925,0.00138116406492298,0.00144482712838656,0.0015479698661866,0.00129421915444349,0.00119870258073614,0.00126715945089757,0.0013434096349164,0.000939093104373491,0.00011401208528104,0.00118083627232635,10
"12",105,0.000150265468995225,0.000136230783203157,0.000148118120303096,0.000183110358324082,0.000112349030989608,7.03804060949432e-05,0.00014055431106426,0.000148524799273102,0,0,0.000108953327824747,8
"13",106,0.000490351418516604,0.000523827986438217,0.000443918319029299,0.000560172853337601,0.000542461653572765,0.000422089342244108,0.000430201931518876,0.000331789348688777,0.000267809319764328,0.000455684666210982,0.000446830683932156,10
"14",107,0.000546635690644197,0.000593552535582238,0.000513554732484671,0.00057113484493689,0.000710134364896937,0.000615276434912543,0.000596444140374883,0.000571465962876524,0.000267343937976206,0.000454700466067978,0.000544024311075307,10
"15",108,6.65874276277896e-05,9.88134155680536e-05,5.44065412207273e-05,0.000114120077145172,5.5994176605633e-05,0.000105346326046879,9.63652769625665e-05,6.09955342555277e-05,0.000133475707421249,0.000113404400090724,8.99508882944322e-05,10
"16",109,0.000765589737103142,0.00083994169816448,0.00101054857240581,0.000970131367200429,0.00104575163398693,0.000877408486294879,0.00098089015781822,0.000836102196074674,0.00106368833931658,0.000677430281133567,0.00090674824694987,10
"17",110,5.98008631257911e-05,9.45191236844376e-05,8.53354848219204e-05,5.69586366380734e-05,0.000111838058491305,0.000192630989072569,7.8584089341378e-05,5.64787661561855e-05,0.000263123273253519,0.000111669458403127,0.000111093874298831,10
"18",111,0.000302042604602997,0.000353082699358293,0.000317723549514503,0.000341409566296048,0.000297840655249442,0.000524750743396887,0.000165669741729592,0.000403547748811053,0.000392927308447937,0.000444889333778223,0.000354388395118497,10
"19",112,0.000288601245961241,0.000352917519892647,0.000356252226576416,0.00051193374439717,0.000186025745963241,0.000366895539598511,0.000287526574425818,0.000268772921561657,0.00013014055179594,0.000331601635901404,0.000308066770607405,10
"20",113,0.000596731898303624,0.000623313567732041,0.000564827495492986,0.000568291601786709,0.000669406273824355,0.000697337912518959,0.000286829319171498,0.000519046856955012,0.000772499034376207,0.000218794442621157,0.000551707840278255,10
"21",114,0.000407541168284682,0.000430341978425522,0.000363456392965959,0.000420296934104256,0.000260126347082869,0.000243813239058881,0.000191098294013412,0.000350076498197754,0.000899974286448959,0.000327582441581131,0.000389430758016343,10
"22",115,3.31024985765926e-06,1.2284157122559e-05,0,0,0,0,8.67490782910432e-06,4.31592576607682e-06,0,0,2.85852405753994e-06,4
"23",116,2.97579685226822e-05,4.49949278444975e-05,1.54332896056795e-05,4.53406785232541e-05,0,1.73704597960708e-05,4.33200485184543e-05,4.31084652093132e-05,0.000127567291746396,0,3.66893129766348e-05,8
"24",117,3.30538082945227e-06,1.22668280436045e-05,1.54282893112812e-05,1.1330931175924e-05,0,0,0,1.72358073898524e-05,0,0,5.95672367501144e-06,5
"25",118,0,4.08804003008797e-06,0,0,0,0,0,0,0,0,4.08804003008797e-07,1
"26",119,4.95667862878442e-05,9.40168494544979e-05,8.48241826033313e-05,7.92680164877474e-05,1.85319026704472e-05,8.6758862417796e-05,8.65291430153676e-06,0.000266993949572594,0,0.000215959399632869,9.04572863428664e-05,9
"27",120,0,0,0,0,0,0,0,0,0,0,0,0
"28",121,0.000175073497836356,0.000175715324828167,0.000107913946335936,0.000113196441103892,0.000111164634824175,0.000225514346181869,0.0002249037671381,0.000111883297114702,0.000509100165457554,0.000215679930982422,0.000197014535180317,10
"29",122,3.30193196039002e-06,1.22542512039802e-05,3.08230525610104e-05,2.26321149711441e-05,3.70438970179663e-05,1.73361302290103e-05,1.72859352987442e-05,8.60115169421186e-06,0,0,1.49278464936457e-05,8
"30",123,3.30088562761389e-06,0,0,0,0,0,0,0,0,0,3.30088562761389e-07,1
"31",124,1.65021947919073e-05,8.16633184706094e-06,7.70143092586603e-06,0,0,0,8.63118100449684e-06,8.59121290743827e-06,0,0,4.95923514767694e-06,5
"32",125,6.93032711143966e-05,6.12417374689198e-05,4.61961333836358e-05,5.65361435565757e-05,3.700414446418e-05,6.92856647959537e-05,3.45229361757217e-05,4.29553264604811e-05,0.000127000254000508,0,5.44045611420372e-05,9
"33",126,1.32015379791746e-05,2.85802942953733e-05,7.6993555639393e-06,3.39278242086335e-05,0,6.92868649425785e-05,8.63118100449684e-06,4.29551419452666e-06,0,0,1.65622572188723e-05,7
"34",127,3.30043895838146e-05,4.89963905992259e-05,3.84970742223591e-05,6.78525789634388e-05,0,8.66130820399113e-05,1.72611701347234e-05,3.00701493627276e-05,0,0,3.22294834906201e-05,7
"35",128,1.98022416137507e-05,1.6331129991712e-05,7.698999899913e-06,3.39197684410474e-05,1.85092638865752e-05,0,8.63133000163995e-06,3.00762217390931e-05,0,0,1.34968955573731e-05,7
"36",129,1.65042102240282e-05,2.85839121575545e-05,1.53993039514614e-05,3.3921302578019e-05,5.55401277422938e-05,0,3.45268100680178e-05,3.43760742523204e-05,0,0,2.18851740973695e-05,7
"37",130,6.60259944340087e-06,2.04184975252781e-05,2.31002009717485e-05,3.39243712683192e-05,1.85137186655312e-05,1.73286199487073e-05,2.58982371933217e-05,1.28930777065793e-05,0.000127404764938209,0,2.86084087661095e-05,9
"38",131,6.60249045940129e-06,2.04194147795724e-05,2.30996673647899e-05,3.39197684410474e-05,1.85150897981855e-05,3.46596423124913e-05,3.4537244100607e-05,1.28954607977992e-05,0.000127307447485678,0,3.11956225539572e-05,9
"39",132,0,0,0,0,0,0,0,0,0,0,0,0
"40",133,1.32054604578993e-05,8.16809948745176e-06,2.31007346033604e-05,0,0,0,0,8.59597622352977e-06,0,0,5.30702707722412e-06,4
"41",134,6.60375489503332e-05,5.31782165662416e-05,3.85056718854687e-05,2.26116449971735e-05,1.85133759140979e-05,8.66280882913476e-05,5.18354053096734e-05,0.000103152158029106,0,0.000107816711590296,5.48278821533739e-05,9
"42",135,1.64996353580586e-05,2.04371088848287e-05,1.53888769197624e-05,6.77690431011114e-05,5.54990287669966e-05,3.46272377852419e-05,1.72651933701657e-05,4.72484236207756e-05,0.000254323499491353,0,5.29058047298294e-05,9
"43",136,0,0,7.69408324998076e-06,0,0,0,8.6329693097941e-06,4.29503451060229e-06,0,0,2.06220870703772e-06,3
"44",137,4.61950155578213e-05,6.1308068959316e-05,3.84698242698427e-05,3.38768688739329e-05,5.54980020719254e-05,0.000138499359440463,2.58908613889584e-05,7.298768654794e-05,0.00025442055718102,0.000107758620689655,8.34904864980875e-05,10
"45",138,0,0,0,0,0,0,0,0,0,0,0,0
"46",139,4.62594294890646e-05,5.72824392499274e-05,3.8527925040069e-05,1.13035221775105e-05,0.00012971370332623,1.72992422931876e-05,3.45154888256105e-05,2.57521782050732e-05,0,0,3.60653928606673e-05,8
"47",140,9.91719145138097e-06,2.86511841125091e-05,3.08365968731691e-05,1.13097863581357e-05,3.70761729974232e-05,1.72938572219148e-05,8.62678790179265e-06,4.29081422490732e-06,0,0,1.48002391141233e-05,8
"48",141,9.91581473291753e-06,2.04611116112716e-05,1.54140205931315e-05,2.26121562952243e-05,0,1.72890733056708e-05,1.72535758035853e-05,0.00106094643294346,0,0,0.000116389218528526,7
"49",142,2.64475924426005e-05,4.09292578706963e-06,2.31242388271386e-05,1.13062059764605e-05,1.85408361917122e-05,3.45817339281392e-05,8.62797880968404e-06,0.00106106037304649,0,0,0.000118778188500929,8
"50",143,3.30511863723348e-06,0,2.3117645698962e-05,0,0,1.72622130157086e-05,3.44527609581313e-05,0.00105481161321859,0,0.000107735401853049,0.000124068475338167,6
"51",144,3.30545731001884e-06,8.18441115207864e-06,1.5415208644849e-05,0,0,1.72589358140177e-05,3.4447123665174e-05,0.00105476186392714,0,0.000108330625067707,0.000124170362558099,7
"52",145,1.65224258886587e-05,8.18166570532095e-06,7.70499129335984e-06,0,0,3.45083423917732e-05,2.58242231212878e-05,0.00106274479555018,0,0,0.000115548644395059,6
"53",146,0.000185027935914253,0.000110430802831937,4.62164160709884e-05,4.51870177697947e-05,0.00022237046920169,0.000120754196208318,6.8848000826176e-05,0.00131984350427021,0.000127991808524254,0.000216356555603635,0.000246302670722125,10
"54",147,6.6057179094224e-06,4.08939415625575e-06,0,0,1.85270958777212e-05,0,1.72000103200062e-05,0.00126345363981721,0,0.00010827197921178,0.000141814783729239,6
"55",148,0,0,0,0,0,0,0,0.000196698038578472,0,0,1.96698038578472e-05,1
"56",149,3.30169211721007e-06,0,1.54009641003527e-05,1.12908871250014e-05,0,0,0,0.000200903638920592,0,0,2.30897182263156e-05,4
"57",150,0,0,0,0,0,0,0,0.000196558516752341,0,0,1.96558516752341e-05,1
"58",151,0,0,0,0,0,0,0,0.000200737175243554,0,0,2.00737175243554e-05,1
"59",152,2.96926807541941e-05,8.16796605393308e-06,0,3.38443835245541e-05,0,0,8.58811405015459e-06,0.000213490006532794,0,0,2.9378315091563e-05,5
"60",153,4.28952300504184e-05,2.85916177545777e-05,1.53886401058738e-05,4.51202454541353e-05,5.55134064876668e-05,6.88539263951527e-05,3.43524562006183e-05,0.000230574129582661,0,0.000108506944444444,6.29796596475548e-05,9
"61",154,9.89814805649863e-06,1.63356652495477e-05,0,0,1.85061810644755e-05,1.72105190692551e-05,8.58597566734496e-06,0.000217701245592617,0,0.000108307159103217,3.96544893802956e-05,7
"62",155,0.000887838591604149,0.000755660304143061,0.000500184683575474,0.000665598700390334,0.000740850496369833,0.000826247116741832,0.000609347911910606,0.000712606304218885,0.0015390534821085,0.00195121951219512,0.00091886071032578,10
"63",156,3.95769226963757e-05,6.53130536301812e-05,3.84653850000385e-05,5.63729635266926e-05,1.85089213000666e-05,0.000137516115169746,5.14465042100389e-05,2.55716325356405e-05,0,0.000216426793637052,6.49198291705833e-05,9
"64",157,0,0,0,0,0,0,0,0,0,0,0,0
"65",158,0,0,0,0,0,0,0,0,0,0,0,0
"66",159,0.000118696318765558,7.75469056743928e-05,3.8468640364375e-05,4.50937950937951e-05,3.70109922647026e-05,6.85800500634365e-05,5.98761419235638e-05,4.25327395762888e-05,0.000383631713554987,0.000107991360691145,9.79428657972245e-05,10
"67",160,0,4.07938482876782e-06,0,0,0,0,8.54693549627781e-06,0,0,0,1.26263203250456e-06,2
"68",161,3.29410059524398e-05,2.03918497854777e-05,3.07467619816288e-05,2.2531910818697e-05,1.84877056757256e-05,6.84849418734056e-05,2.5626350722236e-05,2.54851740000255e-05,0,0,2.44695700809636e-05,8
"69",162,9.87973074440478e-06,5.30123233262378e-05,7.68456401626054e-06,1.12621490432804e-05,0,0,2.56134419343271e-05,2.12265552697046e-05,0,0,1.28678764334215e-05,6
"70",163,0,0,0,0,0,0,0,0,0,0,0,0
"71",164,9.87690089188415e-06,8.15278315635e-06,0,3.37776977121239e-05,0,0,0,4.24196148298973e-06,0,0,5.60493432433478e-06,4
"72",165,6.58334348265454e-06,4.07585990454336e-06,0,3.37723741979061e-05,0,0,0,4.24106196191526e-06,0,0,4.86726395470193e-06,4
"73",166,3.29083764981538e-06,1.22236437867219e-05,7.68013762806629e-06,0,0,0,0,1.2719248038056e-05,0,0,3.59138671026595e-06,4
"74",167,0,8.14942791016071e-06,0,0,0,0,0,0,0,0,8.14942791016071e-07,1
"75",168,3.2923978533566e-06,0,0,0,0,0,0,4.23922812134367e-06,0,0,7.53162597470027e-07,2
"76",169,3.29136838640665e-06,0,1.53642872507144e-05,0,0,0,0,4.23436355398602e-06,0,0,2.28900191911071e-06,3
"77",170,0,0,0,0,0,1.70700897886723e-05,0,4.23639059521288e-06,0,0,2.13064803838852e-06,2
"78",171,9.87966567211366e-06,1.22162272218263e-05,0,1.1245305085127e-05,0,0,1.69461367044848e-05,1.26419586607952e-05,0,0.000106439595529537,1.69368888873884e-05,6
"79",172,0,0,7.67736635624515e-06,1.12418917855497e-05,3.69099029269553e-05,0,0,0,0,0,5.58291610687501e-06,3
"80",173,4.61025254304823e-05,4.47820741428304e-05,6.14212886186352e-05,5.62056677795389e-05,9.22764602749839e-05,0,3.38822253845633e-05,1.68483480194767e-05,0,0.000106439595529537,4.57958185180048e-05,8
"81",174,1.97577046815881e-05,4.47789750499693e-05,1.53553221546588e-05,1.12406281262997e-05,5.54908162699073e-05,1.6999864001088e-05,5.08250601429878e-05,3.36971218445805e-05,0,0,2.48145492271079e-05,8
"82",175,0.000128417468727054,0.000130261867059623,0.000145890121703075,7.86861658479559e-05,3.69918248067177e-05,3.39887497238414e-05,0.000118561677478362,0.000126337599332937,0,0.000212879191059074,0.000101201466573864,9
"83",176,3.29204017605831e-06,0,1.53539075694764e-05,0,0,1.69911985591464e-05,8.46775900757864e-06,1.68429562756855e-05,0,0,6.09478615879453e-06,5
"84",177,3.95050023209189e-05,8.13924622440716e-05,8.44413056161145e-05,0.000101140641681182,5.54908162699073e-05,0,7.61969267239555e-05,5.05241884552229e-05,0.00012569130216189,0,6.14382645473263e-05,8
"85",178,2.96253382226114e-05,6.91734585508567e-05,6.14010177218687e-05,4.49412954328409e-05,3.69863520360987e-05,0,6.77174152262608e-05,1.26290797189609e-05,0,0,3.22473956909498e-05,7
"86",179,3.29197515217155e-06,0,0,0,0,0,0,0,0,0,3.29197515217155e-07,1
"87",180,3.2913033890551e-05,2.4413168463069e-05,2.30250282056596e-05,3.37014278171585e-05,7.39686003291603e-05,5.08966289466094e-05,2.5374055873671e-05,4.62859715635822e-05,0,0,3.10577915089461e-05,8
"88",181,0.000148117915026398,0.000146506432039329,0.000115153422743569,0.000123564961470198,9.24590406449943e-05,8.4742890071523e-05,7.61601733067055e-05,8.41386099460251e-05,0.000376789751318764,0.000106621174965348,0.000135425437153285,10
"89",182,0,0,0,0,0,0,0,0,0,0,0,0
"90",183,3.29114090690679e-06,0,0,1.12334306897326e-05,0,0,0,8.43778609368474e-06,0,0,2.29623576903242e-06,3
"91",184,3.9497070633928e-05,0.000109853000410932,3.84609467546653e-05,1.1236207555226e-05,1.84945441094877e-05,5.08181725785141e-05,5.08087052248285e-05,5.06318432100589e-05,0.00025160397534281,0,6.2140446582045e-05,9
"92",185,6.58122048733938e-06,2.03337996551388e-05,1.53804744876379e-05,0,0,0,4.23183695578577e-05,1.26507014813971e-05,0,0,9.72645656693709e-06,5
"93",186,9.86676577284732e-06,2.43870716004422e-05,1.53747991666859e-05,0,0,0,5.9172598015182e-05,1.26351433878189e-05,0,0,1.21436377942976e-05,5
"94",187,1.97300923368321e-05,1.62560655444563e-05,1.53701910514748e-05,3.36843996317172e-05,3.69467228256854e-05,0,3.37974854670813e-05,1.68411834299596e-05,0,0,1.72626140287207e-05,7
"95",188,3.28441741003981e-06,0,1.53542611913371e-05,0,0,0,8.42694262094769e-06,1.25976316452507e-05,0,0,3.96632528675753e-06,4
"96",189,0.000246197075835265,0.000117621768950287,7.67336039471766e-05,0.000145651735496448,7.36973984818336e-05,5.04515412945865e-05,5.89076832449718e-05,7.57572569139019e-05,0.0007577671129073,0,0.000160278517707177,9
"97",190,0,0,0,0,0,0,8.40562167977944e-06,4.20353517308056e-06,0,0,1.260915685286e-06,2
"98",191,4.26426643136663e-05,5.26955816781516e-05,3.068025802097e-05,6.71802221426012e-05,7.36580425375196e-05,8.39419121967598e-05,2.52143217347453e-05,4.62359715858938e-05,0,0.000106986198780357,5.29235172990665e-05,9
"99",192,9.83906568232281e-06,2.83722438391699e-05,1.53396583858077e-05,4.47752840432081e-05,1.84121372808956e-05,1.67757087736957e-05,0,2.09971107975543e-05,0,0,1.54511208802654e-05,7
"100",193,0,0,0,0,0,0,0,0,0,0,0,0
"101",194,1.96681330352519e-05,1.21546558409199e-05,6.13388742783098e-05,3.35589238771743e-05,0.00254871179240927,0.000100650875662618,8.40314950043276e-06,2.10012558751013e-05,0,0,0.000280548766047908,8
"102",195,2.62132645672026e-05,3.23970583471021e-05,4.59830016170689e-05,4.47197191601637e-05,5.52303103943444e-05,3.3497470940944e-05,8.39123283992884e-06,1.67738797145086e-05,0,0.000107492206815006,3.70698144396269e-05,9
"103",196,2.94862512163079e-05,2.83459337757999e-05,3.83130019003249e-05,4.48561239823267e-05,7.36431254142426e-05,0,3.35632415378677e-05,2.09674375694546e-05,0,0.000107607876896589,3.76782992292913e-05,8
"104",197,9.82488775065745e-06,4.04840270271364e-06,2.29818137247392e-05,3.36262553802009e-05,1.84019726914725e-05,0,8.38447865311735e-06,2.09455666613605e-05,0,0,1.18213377564261e-05,7
"105",198,0,0,0,0,0,0,0,0,0,0,0,0
"106",199,1.63780311641177e-05,6.07383352027243e-05,3.06506363838379e-05,8.9684087800722e-05,1.84097645391115e-05,6.69545713233571e-05,3.35500104843783e-05,2.51506945783486e-05,0,0,3.41516131476597e-05,8
"107",200,9.83361523030327e-06,0,0,0,0,0,8.39144408361235e-06,4.19308309013451e-06,0,0,2.24181424040501e-06,3
"108",201,6.55559306811589e-05,9.72368527671988e-05,0.000107345499156571,0.000157036937331045,3.68405540819334e-05,0.000167490159953103,0.00012590441336937,6.29104909534714e-05,0,0,8.20320838293851e-05,8
"109",202,0,0,0,0,0,0,0,0,0,0,0,0
"110",203,0.000104727805887012,3.64204375308562e-05,6.89227376111379e-05,7.83681511833591e-05,0.000183614263155962,6.66322400093285e-05,8.35757028716612e-05,9.61289297924451e-05,0,0.00032520325203252,0.000104359352007428,9
"111",204,0,0,0,0,0,0,0,0,0,0,0,0
"112",205,0,0,0,0,0,0,0,0,0,0,0,0
"113",206,0.000186489033136157,0.000206415056157037,0.000191350937619594,0.000267979767527552,0.000273887560027024,0.000164511565163031,0.000723354368810955,0.000191677049173497,0,0.000328839197632358,0.00025345045352472,9
"114",207,0,0,0,0,0,0,0.000522830254444057,0,0,0,5.22830254444057e-05,1
"115",208,8.50376291508993e-05,0.000125444620246762,0.000145358845085723,8.92628008435335e-05,3.6473720684247e-05,0.000213020466350959,0.000580541894391136,0.000133188490849534,0,0,0.000140832846760279,8
"116",209,0,8.09316855642152e-06,7.65128503332135e-06,0,1.82405194899951e-05,0,0.000522171570658931,0,0,0,5.56156543738669e-05,4
"117",210,0,1.61913165969091e-05,7.65333455786686e-06,0,1.82461774258293e-05,0,0.000522557045810834,0,0,0,5.6464787439144e-05,4
"118",211,0,0,0,0,0,0,0.000522340416711577,4.16246950991084e-06,0,0,5.26502886221488e-05,2
"119",212,0.000101517190790098,0.000129617102976738,9.19138766975344e-05,0.000100521595389409,0.000182555040344664,0.000147400831995807,0.000613858265103817,0.000112435817887289,0.000258397932816537,0.000110387459984546,0.000184860511398644,10
"120",213,0,4.05027197576317e-06,7.65984174766949e-06,0,0,0,0.000522548377196984,0,0,0,5.34258490920417e-05,3
"121",214,0.000144144144144144,8.91308927674332e-05,8.427568876222e-05,0.000156445556946183,5.47905175877561e-05,0.000114590665771768,0.000613756438222097,0.000112420368905359,0.000518268981601451,0.00011059500110595,0.000199841825581436,10
"122",215,3.93412955744321e-05,4.45959806858862e-05,1.53363648214464e-05,0.000111834306291798,3.65537156851994e-05,4.91054621642414e-05,0.000564029827224393,4.16390807756528e-05,0,0,9.02436033223049e-05,8
"123",216,3.27682986371665e-05,4.45818827334368e-05,3.06579189404623e-05,3.35382895472331e-05,3.65477038905031e-05,1.63650050731516e-05,0.000596980274776754,4.16312800785999e-05,0.000129634430904848,0,9.62705084582156e-05,9
"124",217,3.60498536703667e-05,4.4583328267046e-05,2.29959067286023e-05,3.35412893271617e-05,3.65483717700376e-05,1.63636661157566e-05,0.000588718169832754,4.16347466942011e-05,0.000129802699896158,0,9.50238032302084e-05,9
"125",218,0.000140948946980251,0.000101340532564767,3.83273925874823e-05,2.23583597907258e-05,0.000127872565854371,9.81081478816816e-05,0.000563389617060763,6.66108800546209e-05,0,0,0.000115895644277466,8
"126",219,0,4.05426224589911e-06,0,0,0,0,0.000521881756504883,4.16290270880079e-06,0,0,5.30098921459583e-05,3
"127",220,0,4.05478829950288e-06,0,0,0,0,0.000521968234504586,0,0,0,5.26023022804089e-05,2
"128",221,0,4.05570922187163e-06,0,0,0,0,0.000521981208676488,0,0,0,5.26036917898359e-05,2
"129",222,9.839356112536e-06,2.83964139385826e-05,1.53398936945367e-05,2.23718651423969e-05,0,1.634521085322e-05,0.000530385275178798,8.3315975838367e-06,0,0,6.31009612503907e-05,7
"130",223,0.000177327671983213,0.0012080094688419,0.000122923741184063,0.00019042924993279,0.000329453107840984,3.280032800328e-05,0.0006232859636001,0.000179707286085641,0.000264515275757175,0.000112866817155756,0.00032413189103849,10
"131",224,6.56713085336582e-06,1.62497917995426e-05,1.5362871013335e-05,3.35998924803441e-05,1.82949140139041e-05,1.63966681970224e-05,0.000531826491607113,4.17911695258792e-06,0,0.000113237458951421,7.55714335868636e-05,9
"132",225,6.56749745509474e-06,4.06352095964111e-06,7.68367833049037e-06,0,5.48847420417124e-05,0,0.000523525403446958,4.17911695258792e-06,0,0,6.00903959186484e-05,6
"133",226,2.29928098199006e-05,2.43870716004422e-05,7.68550897283173e-06,3.36021505376344e-05,7.32131417589457e-05,0,0.000540288929895433,8.3610641962509e-06,0,0,7.10530676781439e-05,7
"134",227,3.2852806286713e-06,4.06507369978618e-06,7.68556804033386e-06,0,0,0,0.000523625483106845,0,0,0,5.38661405475636e-05,4
"135",228,3.28684636951384e-06,4.06791795823062e-06,0,0,0,0,0.000524117735145838,0,0,0,5.31472499473582e-05,3
"136",229,0,4.06753739083747e-06,0,0,0,0,0.000524082855003743,0,0,0,5.28150392394581e-05,2
"137",230,1.31481201475219e-05,4.88164055666974e-05,7.69254438598111e-06,4.48370174415998e-05,0,1.64095831965868e-05,0.00052409157460402,2.51069136071103e-05,0,0,6.80102158949517e-05,7
"138",231,7.89317897783332e-05,6.10597530743586e-05,5.38813839818343e-05,5.60777012628698e-05,1.83254228591325e-05,6.57894736842105e-05,0.000583780898688995,5.45135088668319e-05,0,0,9.72359932196566e-05,8
"139",232,3.28912746026734e-06,8.13997501027672e-06,1.53952736509891e-05,1.12144082717475e-05,0,0,0.000533488934272496,4.19260843133556e-06,0,0,5.75720327097112e-05,6
"140",233,0.000279688065545721,0.000415304373317916,0.000461986232810262,0.000291679287405064,0.000274961963595036,0.000361758805538198,0.000817102454642476,0.000327083796352596,0.000539811066126856,0.0002313743637205,0.000400075040905462,10
"141",234,1.97391147007057e-05,5.29137140135866e-05,1.5395155144676e-05,0,0,1.64379058107997e-05,0.000558361251395903,3.35363680951762e-05,0.000270197243988111,0,9.66580753148959e-05,7
"142",235,1.31637404768565e-05,4.070782770819e-06,2.3099489501282e-05,4.48858216910733e-05,0,0,0.000525074385537951,1.25801460135614e-05,0.000135391280801516,0,7.5826564679306e-05,7
"143",236,2.9631385563589e-05,2.44323549532528e-05,7.70249869057522e-05,5.61173526077734e-05,5.53209537332424e-05,1.64341238146888e-05,0.000591893559197692,3.35585954049893e-05,0.000135556459265284,0,0.000101996977144626,9
"144",237,0,8.14693817695964e-06,0,0,3.68976459301897e-05,0,0.000525306428750104,4.19573964596349e-06,0.000135722041259501,0,7.10268793762718e-05,5
"145",238,1.64731076517585e-05,1.22256861666361e-05,2.31258431296974e-05,2.24628240262366e-05,0,3.2863386900654e-05,0.000558822302848326,5.45636169801976e-05,0.000136109976861304,0.000116387337057728,9.73034081622538e-05,9
"146",239,0,4.07557750933307e-06,0,0,0,0,0.000533711378893383,0,0.000136147038801906,0,6.73933995204622e-05,3
"147",240,0,0,0,0,0,0,0.000542548307666625,0,0,0,5.42548307666625e-05,1
"148",241,3.29940445749542e-06,4.08066661769867e-06,0,3.37404683177003e-05,3.69487705296606e-05,1.64341238146888e-05,0.000534072133117479,4.2005334677504e-06,0,0,6.32776100322473e-05,7
"149",242,6.60301361541407e-06,4.08288251505563e-06,7.72642282076244e-06,3.37624921220852e-05,1.84914661883541e-05,1.64306135191088e-05,0.0005343842891019,4.20705438879914e-06,0,0,6.2568823427148e-05,8
"150",243,0,0,0,0,0,0,0.000542779364363612,0,0,0,5.42779364363612e-05,1
"151",244,0,0,0,0,0,0,1.67036931865635e-05,0,0,0,1.67036931865635e-06,1
"152",245,0,0,0,0,0,0,8.35191634720587e-06,4.21089864788044e-06,0,0,1.25628149950863e-06,2
"153",246,0.000188936288694649,6.13123290918827e-05,7.73634535045645e-06,2.25339417497606e-05,3.70363511786819e-05,3.29066438513936e-05,4.17864545029083e-05,2.94951691126589e-05,0,0,4.21743523532391e-05,8
"154",247,1.98971318284469e-05,5.72458997624295e-05,7.73975836474385e-06,2.25481685250116e-05,3.70617448669483e-05,3.29142255282733e-05,4.18011269583828e-05,2.52909513191339e-05,0,0,2.4449900715337e-05,8
"155",248,0,8.18082904521544e-06,7.74341422620062e-06,0,0,0,8.36169341014942e-06,0,0,0,2.42859366815655e-06,3
"156",249,2.65531960090546e-05,3.27363049714171e-05,3.098541361654e-05,2.25705612170047e-05,0,1.64663263625885e-05,6.69220859614194e-05,2.10864586979533e-05,0,0.000236211172788473,4.53531519624451e-05,8
"157",250,3.9853604426407e-05,3.27552039830328e-05,3.87560847052987e-05,3.38814600650524e-05,0,6.5942399314199e-05,5.86024160938978e-05,2.95455888435857e-05,0,0.000237276070708269,5.36612828139743e-05,8
"158",251,1.99367340971318e-05,2.45703264167864e-05,3.10115983377783e-05,0,0.000241415810878568,8.24266402901418e-05,2.51067034898318e-05,2.53225459287677e-05,0,0,4.49790359439006e-05,7
"159",252,3.3238050920694e-06,0,0,1.13000734504774e-05,0,0,8.37703352488817e-06,4.22384699536644e-06,0,0,2.72247590628014e-06,4
"160",253,6.65218707280486e-06,0,0,1.13091468379625e-05,0,0,1.67668485869738e-05,8.4530853761623e-06,0,0,4.31812678739035e-06,4
"161",254,3.99240112984952e-05,4.09894861967905e-06,1.55227680199933e-05,2.26231547989367e-05,3.71774853148933e-05,3.30321898690274e-05,0.000343916453466426,8.45587302661063e-06,0,0,5.04750884414062e-05,8
"162",255,9.98342751033285e-06,4.09997376016793e-06,0,4.52657666323401e-05,1.85946187173432e-05,1.65297452766253e-05,0.00101639674753041,1.69214043073435e-05,0,0,0.000112779168373456,7
"163",256,0,0,0,0,0,0,0.000327648491976813,0,0,0,3.27648491976813e-05,1
"164",257,3.99809424174477e-05,4.1040626115792e-05,9.33321926065348e-05,6.79778845282335e-05,5.58555203872649e-05,4.96861491578198e-05,0.000370164723301869,5.09303273122369e-05,0.000139742873113471,0,9.0871123894067e-05,9
"165",258,6.9974342740995e-05,3.69449028349055e-05,0.000466882470119522,1.13300325171933e-05,0,0,0.000387143470320403,3.82173719187244e-05,0,0.000119731800766284,0.000113022439121803,7
"166",259,9.99810036093142e-06,0,0,0,0,0,0.000328324283369112,1.27431282680814e-05,0,0,3.51065511998125e-05,3
"167",260,3.33540128212825e-06,0,0,0,0,0,0.000328661840674852,1.27583024653293e-05,0,0,3.4475554442231e-05,3
"168",261,3.00503844779747e-05,3.70088615662973e-05,7.79247091460231e-05,0,0,3.32065948297332e-05,0.000371138890294718,3.40544360159715e-05,0.000140884756269372,0,7.2426863260009e-05,7
"169",262,3.00718717735388e-05,3.70295701689783e-05,7.79885200898428e-05,0,0,3.3250760611149e-05,0.000380022632459,2.98307742790541e-05,0.000141262890238734,0,7.29457019620297e-05,7
"170",263,2.67391297081758e-05,1.6462328020117e-05,1.56026930248161e-05,2.27223667617219e-05,5.6058001345392e-05,0,8.44644531348982e-06,1.27928496499023e-05,0,0,1.58823813823615e-05,7
"171",264,3.00897678072918e-05,4.11624269366922e-05,3.90207356189079e-05,1.13651861617493e-05,5.6073718248257e-05,3.33005877553739e-05,5.9175099118291e-05,2.56029494597778e-05,0,0,2.95790471106341e-05,8
"172",265,3.34485076948292e-06,0,0,0,0,0,8.46030846284656e-06,0,0,0,1.18051592323295e-06,2
"173",266,3.3475604653109e-06,0,0,1.13774703332461e-05,1.87066240155639e-05,0,1.69362350749428e-05,0,0,0,5.03678898890638e-06,4
"174",267,1.0081492060825e-05,4.13588876113588e-06,1.5692674659469e-05,3.42626114962482e-05,3.75798571965427e-05,0,1.70225804529709e-05,8.59619790166809e-06,0,0,1.2737130252886e-05,7
"175",268,3.36013601830602e-06,1.24060756687909e-05,1.56897200953935e-05,2.28422627545485e-05,0,0,1.70306978328437e-05,8.59963537546008e-06,0,0,7.99285277453426e-06,6
"176",269,1.00893920132373e-05,4.13799381783724e-06,0,0,0,0,0,4.30214849295738e-06,0,0,1.85295343240319e-06,3
"177",270,6.73022240019921e-06,8.27948220118314e-06,0,0,0,0,0,1.29162809721654e-05,0,0,2.79259855735478e-06,3
"178",271,1.68334865180606e-05,4.14083818846611e-06,7.85589152584981e-06,1.14368059288402e-05,1.88068908448055e-05,0,8.53060354020047e-06,4.30728145930696e-06,0,0,7.19117980055297e-06,7
"179",272,0.000104400304444759,4.14222752427345e-05,6.28663931978563e-05,0.00011439160823162,5.64344701743825e-05,0.000100825085281218,5.12557662737058e-05,9.91191325783041e-05,0,0.00024804663276696,8.7876166819154e-05,9
"180",273,0,0,0,0,0,0,0,0,0,0,0,0
"181",274,5.73589896720078e-05,4.56389873123615e-05,1.57438166160241e-05,4.58284640590271e-05,1.88469439680356e-05,1.68296336188761e-05,5.9878190652159e-05,1.72648952884101e-05,0,0.000374531835205993,6.51921756392894e-05,9
"182",275,1.01233359766488e-05,8.29875518672199e-06,1.5745303963093e-05,1.14588227205537e-05,0,0,2.56616426872872e-05,3.45408229351064e-05,0,0,1.05828683469411e-05,6
"183",276,0,0,0,0,0,0,0,0,0,0,0,0
"184",277,0,0,0,1.14685475084581e-05,0,3.37199892096035e-05,0,0,0,0,4.51885367180615e-06,2
"185",278,0,0,0,0,0,0,0,0,0,0,0,0
"186",279,3.71945817638347e-05,5.81999584286011e-05,2.36712536295922e-05,1.14786840836567e-05,0,0,0,5.20108702718868e-05,0,0,1.82555348177572e-05,5
"187",280,0.000186092464270247,0.000220459470814078,0.000268466974614079,0.000252742834166236,0.000151174436402804,0.000135240220441559,0.000128846054733804,0.000151781919737721,0,0.000125596583772921,0.000162040095895345,9
"188",281,3.04493306222152e-05,4.15909365031172e-05,8.68418767319033e-05,5.74369342461977e-05,1.88946622579121e-05,6.76303998647392e-05,1.71810973566882e-05,2.16862348792727e-05,0,0,3.41711472462046e-05,8
"189",282,1.35371578060328e-05,0,0,0,0,0,0,0,0,0,1.35371578060328e-06,1
"190",283,5.76228213489164e-05,3.75021876276116e-05,4.74593431626906e-05,0.000115105263763712,5.68214103074038e-05,3.39155502798033e-05,1.72207441083529e-05,3.0441400304414e-05,0,0.000126454223571067,5.22542944473972e-05,9
"191",284,2.37484563503372e-05,2.50248162761405e-05,1.58323042335582e-05,4.60845420924686e-05,3.7914691943128e-05,3.39731612026499e-05,8.62582053117803e-06,2.17839295594854e-05,0,0.000126839167935058,3.39826890124004e-05,9
"192",285,0,4.17836609172349e-06,0,0,0,0,0,0,0,0,4.17836609172349e-07,1
"193",286,0,4.18032238646244e-06,0,0,0,0,0,0,0,0,4.18032238646244e-07,1
"194",287,3.40405831832711e-06,8.36550567390422e-06,3.97020756245137e-05,1.15528136877737e-05,0,0,3.46701567957841e-05,8.75836971706087e-06,0,0,1.06452979817364e-05,6
"195",288,3.40524066538403e-06,4.18448560118505e-06,0,0,1.90262371810727e-05,0,0,8.76623945859705e-06,0,0,3.53822029062388e-06,4
"196",289,5.7946314443971e-05,2.51328901567036e-05,7.95500648333028e-05,6.94171275192633e-05,1.90479818663213e-05,1.71762281003092e-05,8.72676498821887e-06,3.08545384822212e-05,0,0,3.07851910390311e-05,8
"197",290,9.20738090934822e-05,0.000108960309112015,7.95823518176609e-05,3.47266434384007e-05,0.000152479701139786,8.59431400185637e-05,6.11262956591598e-05,7.05856402338149e-05,0,0.000129600829445308,8.15078719958192e-05,9
"198",291,4.77585871645386e-05,3.77238280464087e-05,5.57293781397534e-05,1.15782282995056e-05,0,3.43902606781759e-05,4.36776588774842e-05,2.64803626044319e-05,0,0.000129718510831496,3.87056814641794e-05,8
"199",292,0,1.25846316478317e-05,7.969206984213e-06,0,0,1.72194097186348e-05,8.74775838691335e-06,0,0,0,4.65210067375929e-06,4
"200",293,1.02498573561518e-05,3.35826847677338e-05,7.97530844505411e-06,0,0,1.72324659658797e-05,8.75603071615575e-06,0,0,0,7.77963472509751e-06,5
"201",294,0.0003385240352065,0.000361289888924364,0.000239408182971694,0.000220422747627555,0.000401276441251218,0.000189756594041643,0.000157749441304062,0.000394127936585258,0.000305950741930549,0.000130821559392988,0.000273932756923583,10
"202",295,1.70974658136171e-05,8.40198454875041e-06,7.99520287827304e-06,0,0,0,0,8.85786667139086e-06,0,0,4.23525199120314e-06,4
"203",296,0,4.20349983396176e-06,0,0,0,0,0,0,0,0,4.20349983396176e-07,1
"204",297,0,4.20843538789149e-06,0,0,0,0,0,0,0,0,4.20843538789149e-07,1
"205",298,2.7425249055543e-05,3.3685912551371e-05,1.60298796957529e-05,2.32636586755999e-05,5.74943942965561e-05,0,2.64589929707275e-05,0.000106787217570057,0,0,2.91145304815607e-05,7
"206",299,0,0,0,0,0,0,0,0,0,0,0,0
"207",300,5.83692991220571e-05,0.000126504347532744,0.000104401737887391,0.000163115031050111,0.000134377639560777,1.73991717994223e-05,3.53841390596665e-05,5.35334293960983e-05,0.00015605493133583,0,8.49139726744097e-05,9
"208",301,5.83977712662354e-05,4.21798549012991e-05,4.82140704728997e-05,6.99365908243193e-05,1.92030724915987e-05,1.74134118097759e-05,4.4271294492651e-05,5.35769297740393e-05,0.000156568028808517,0,5.09761024841336e-05,9
"209",302,8.60549650272622e-05,0.000101434880919676,9.6611356664976e-05,7.00664463466187e-05,3.848151925038e-05,0.000139830804726281,9.77100321554833e-05,0.000116450412279248,0.000157505118916365,0.000134210173131123,0.000103835570941741,10
"210",303,0,4.23230262656701e-06,0,0,0,1.75223409847556e-05,0,0,0,0,2.17546436113226e-06,2
"211",304,3.44889428449239e-06,1.27050811854688e-05,8.06894103217894e-06,0,0,3.50944919194932e-05,0,0,0,0,5.93174084216333e-06,4
"212",305,1.38122023902016e-05,1.69617300964698e-05,4.04056729564831e-05,0,1.93053919959845e-05,5.27556008862941e-05,4.46915389978369e-05,1.35192987990356e-05,0,0,2.01451436122306e-05,7
"213",306,0.00135298331089896,0.00107050007646429,0.000785113598653166,0.000621978125146693,0.000676524596501401,0.000916428747664869,0.000743055120365977,0.000844262850177205,0.000640820249919897,0.00109155410015009,0.000874322077594254,10
"214",307,1.03739461799672e-05,3.82165605095541e-05,2.42818638758711e-05,1.17373647268715e-05,3.86495835507372e-05,0,2.6857654431513e-05,1.8058853804549e-05,0,0,1.68175827079063e-05,7
"215",308,0,0,0,0,0,0,0,0,0,0,0,0
"216",309,0,0,0,0,0,0,0,0,0,0,0,0
"217",310,4.85297227219628e-05,2.12736083869074e-05,5.67932886559463e-05,2.35341185884236e-05,3.87491765799977e-05,3.53744384307899e-05,4.4915962234659e-05,1.35889874845425e-05,0,0,2.82759303083229e-05,8
"218",311,0,0,0,0,0,0,0,4.53712273824432e-06,0,0,4.53712273824432e-07,1
"219",312,5.21271346061621e-05,7.24897235156663e-05,4.87991346286792e-05,0.000165104074532697,1.94178527738403e-05,0,0.000108262211075224,5.91091792008439e-05,0,0,5.25309310333113e-05,7
"220",313,3.13345379722376e-05,2.98910258600075e-05,8.14849823177588e-06,8.26875826875827e-05,1.94435262779258e-05,7.13203173754123e-05,9.05165781112811e-06,2.73780081586464e-05,0,0,2.79255154374716e-05,8
"221",314,0.000906940888383483,0.001031051330099,0.00108586497718051,0.000757217226691907,0.00109085242325074,0.000500285877644368,0.000616880760577691,0.000924049532714556,0.00195662807761291,0.00124861265260821,0.00101183837467634,10
"222",315,1.39510388292288e-05,2.99381990034857e-05,1.63261307886337e-05,0,0,0,9.0833946462472e-06,9.16153620639109e-06,0.000327064595257563,0,4.0552489473155e-05,6
"223",316,0,0,0,0,0,0,0,0,0,0,0,0
"224",317,0,4.28241682475922e-06,0,0,0,0,0,0,0,0,4.28241682475922e-07,1
"225",318,3.49955030778545e-06,8.57621900232844e-06,0,0,0,0,0,4.60939948743478e-06,0,0,1.66851687975487e-06,3
"226",319,4.90369493413287e-05,6.86721804704903e-05,4.10051174386563e-05,0.000368319749067319,5.86579070858752e-05,9.03489275582299e-05,5.4947067658156e-05,6.00631124704882e-05,0.000165617754223253,0,9.56668765313797e-05,9
"227",320,1.05163160643739e-05,0.000300698910181236,8.20741786426572e-06,2.37755587256301e-05,1.95717696794144e-05,1.81028240405503e-05,0,0,0.00016594756057086,0,5.4682035712633e-05,7
"228",321,5.27496641604715e-05,0.000318903660927837,4.93871873173703e-05,3.5778175313059e-05,3.92665017473593e-05,1.81712458206135e-05,3.68120743603902e-05,4.17656667656668e-05,0.000500250125062531,0.000282925449144151,0.000137600975061945,10
"229",322,7.04540410676605e-06,0.000297931320353891,0,0,0,0,0,0,0,0,3.04976724460657e-05,2
"230",323,0,0.000298543626309914,0,0,0,0,2.78393853063724e-05,0,0,0,3.26383011616287e-05,2
"231",324,0,0.000299101395373031,0,0,0,0,2.79241208555951e-05,0,0,0,3.27025516228627e-05,2
"232",325,3.5447040349366e-06,0.000299581887886906,0,0,0,0,2.80135585623442e-05,0,0,0,3.31140150484186e-05,3
"233",326,0.000149093723154255,0.00053475935828877,0.000157878118092832,0.000252668054335664,9.90412804056731e-05,0.000148323939483833,8.42617732422058e-05,0.000155624407566176,0,0,0.000158165065456941,8
"234",327,0,0.000300364355021961,0,0,0,0,2.81526247630487e-05,0,0,0,3.2851697978501e-05,2
"235",328,5.35098921954039e-05,0.000393016532895484,5.00972722035285e-05,8.45574023965984e-05,1.99131785415588e-05,5.60297331117046e-05,8.48728322064107e-05,8.0715615147947e-05,0,0.000145900204260286,9.68612662958922e-05,9
"236",329,3.57598795607256e-06,0.000301903303434697,0,0,0,0,2.84090909090909e-05,4.76826244516498e-06,0,0,3.38656644745025e-05,4
"237",330,3.58457628516021e-05,0.000333288017857221,3.35581730930568e-05,3.64148378325889e-05,0,1.88643652141105e-05,5.71346950435652e-05,3.83832955897593e-05,0,0,5.53489147481904e-05,7
"238",331,3.9557104276123e-05,0.00195626599930385,2.52503997979968e-05,1.21762635917542e-05,4.00986426609459e-05,0.000113851992409867,0.000105348848345544,2.89466320593599e-05,0,0,0.000232149588244544,8
"239",332,0,0.00193567204942593,0,0,0,9.53616112297833e-05,9.62751157708267e-05,0,0,0,0.000212730877642654,3
"240",333,1.81143668666493e-05,0.00195960807838432,1.69553311800063e-05,1.22711431796986e-05,2.01861159894225e-05,9.68691878487291e-05,0.000126883735457172,9.84014681499048e-06,0,0,0.000226072810572099,8
"241",334,7.27910641689626e-06,0.00196737108366011,1.70396939670964e-05,0,0,9.75876336950582e-05,0.000127666260753427,9.891881732662e-06,0,0,0.000222683566022525,6
"242",335,3.66890347481848e-06,0.00196685976020477,0,0,0,9.91119568664764e-05,9.9614491916284e-05,0,0,0,0.000216925511246235,4
"243",336,3.68241389595708e-06,0.00197404002163332,0,0,0,9.98402555910543e-05,0.000100289837630753,0,0,0,0.000217785252875108,4
"244",337,3.69538225033998e-06,0.00198059200709034,0,0,0,0.000100502512562814,0.000100908173562059,0,0,0,0.000218569807546555,4
"245",338,7.41248633322832e-06,0.00198591721717682,0,0,0,0.000101428107757222,0.000101773919415411,0,0,0,0.000219653173068268,4
"246",339,4.08640897524008e-05,0.00203097809542417,9.57504221723159e-05,6.27975031712739e-05,0.000103470397119384,6.11359051170753e-05,0.000204578466070661,4.63912743167596e-05,0,0.000323781771086288,0.000296974792423032,9
"247",340,4.46159680549669e-05,0.00201436886140415,3.48523133222968e-05,0.000100569474650207,4.14250207125104e-05,4.08421654516122e-05,0.000102420189067669,2.58096486790622e-05,0,0,0.000240490364134247,8
"248",341,3.72396483087614e-06,0.00114204594573689,0,0,0,0,0.000102764361319494,2.07170159210267e-05,0,0,0.000126925128780829,4
"249",342,1.86899817959577e-05,0.00118733930960786,1.75189642788318e-05,3.79027163613392e-05,0,0,0.000363142113072079,4.18425360761116e-05,0,0.000326690623979092,0.000199312624517127,7
"250",343,0.000569113605559341,0.00221455567045215,0.00104425353422782,0.000493508465568294,0.00351427674929401,0.000436037457693985,0.000686120611686921,0.00166312531150809,0.000583090379008746,0.000327278677794142,0.00115313604627935,10
"251",344,3.74812593703148e-06,0.000315568503519275,8.77839811791144e-06,1.26667257780536e-05,0,0,0.000322866218819976,1.57473701891784e-05,0,0,6.79375342361426e-05,6
"252",345,3.75144430605783e-06,0.000315828500546978,0,0,0,0,0.000323368034548224,5.2579829325874e-06,0,0,6.48205962333847e-05,4
"253",346,3.76282181533576e-06,0.000316689538688905,0,0,0,0,0.000324658323296853,5.28103001209356e-06,0,0,6.50391713813187e-05,4
"254",347,7.60464948269372e-06,0.000319610168235381,0,0,0,2.15016771308162e-05,0.000333104100404023,5.41820408207496e-06,0,0,6.87238799334989e-05,5
"255",348,3.82526203044909e-06,0.000320863075170313,0,0,0,2.17410209583442e-05,0.000108252054082726,5.47762117867453e-06,0,0,4.60159033420507e-05,5
"256",349,3.86727511795189e-05,0.000347465147837029,4.50694068866054e-05,1.30407000247773e-05,4.3109022718455e-05,0,0.000133108527819682,3.36492625203298e-05,0,0,6.54114818986398e-05,7
"257",350,1.55560308787213e-05,0.000335381839309586,2.72081697064238e-05,1.31161302169408e-05,2.16900919659899e-05,2.25204936492208e-05,0.00012298885273762,2.82739862362235e-05,0,0,5.86735594700726e-05,8
"258",351,0,0.000329118391994314,0,0,0,0,8.02053256336221e-05,5.79656379698115e-06,0,0,4.15120281424918e-05,3
"259",352,0,0.000334680021993259,1.83798189587833e-05,0,0,0,0,5.81557643993673e-06,0,0,3.58875417391979e-05,3
"260",353,0,0.000336422007766542,1.85032704530526e-05,0,0,0,0,5.88761716358155e-06,0,0,3.60812895383176e-05,3
"261",354,1.19136971776451e-05,0.000356641974832643,1.85582124729746e-05,2.67494115129467e-05,0,2.35776766557423e-05,1.17002854869659e-05,0.000260137991379973,0,0,7.09279249518891e-05,7
"262",355,8.05678421514837e-06,0.000361481684113857,9.42764751911455e-06,2.71145998562926e-05,0,2.43700346054491e-05,1.20821100196938e-05,0.000274787345126799,0,0,7.17320205456354e-05,7
"263",356,0,0.000339289753449446,0,2.73030087915688e-05,0,0,0,0.000253203643662189,0,0,6.19796405903204e-05,3
"264",357,4.08882564838553e-06,0,0,2.75194011778304e-05,0,0,0,0.000264747040506297,0,0,2.96355267332513e-05,3
"265",358,0.000471137695112459,0.000427273991931477,0.000432355569220127,0.000399768410024537,0.000433819668013791,0.000529153857783601,8.74573645347893e-05,0.000189488444363035,0,0.000195388823759281,0.00031658438247431,9
"266",359,0,4.97398605294311e-06,0,0,0,0,0,0,0,0,4.97398605294311e-07,1
"267",360,0,0.000908079412043528,0,0,0,0,0,0,0,0,9.08079412043528e-05,1
"268",361,0,0.000915893776451465,0,1.39631651702808e-05,0,0,0,0,0,0,9.29856941621746e-05,2
"269",362,0.000491230699420931,0.000585234926416798,0.000576791475217519,0.000602367444140926,0.000603416264389157,0.000499684409846413,0.000260756192959583,0.000388961407117334,0.000247341083353945,0.00062111801242236,0.000487690191528497,10
"270",363,1.25767707045088e-05,1.52255667717231e-05,1.96707122764915e-05,0,0,0,0,6.69124584306352e-06,0,0,5.41642955957869e-06,4
"271",364,0,5.11145528243346e-06,0,0,0,0,0,0,0,0,5.11145528243346e-07,1
"272",365,0,5.14789914236e-06,0,0,0,0,0,0,0,0,5.14789914236e-07,1
"273",366,3.47042976934656e-05,5.22668116199576e-05,2.03260295133949e-05,2.90444379901249e-05,0,0,0,2.15240459466634e-05,0,0,1.57865622763606e-05,5
"274",367,3.92599927587124e-05,4.72967291684184e-05,0,0,0,0,2.86668482233721e-05,2.90119964605364e-05,0,0.000475737392959087,6.19972959570126e-05,5
"275",368,0,5.29534803674972e-06,0,0,0,2.95351172544155e-05,0,0,0,0,3.48304652911652e-06,2
"276",369,6.24701593435279e-05,6.96841699007269e-05,0.000125550591657163,7.45645430684801e-05,0.000123560519942668,0.000215324986926697,0.000120738314794971,0.000137903559444095,0.000885739592559787,0.00024740227610094,0.000206293871373906,10
"277",370,0,1.07665225747062e-05,0,0,0,0,1.52480863651612e-05,0,0,0,2.60146089398674e-06,2
"278",371,1.80155834797099e-05,2.70245436905798e-05,5.28401585204756e-05,4.51311058625307e-05,4.98591479071623e-05,0,9.22707839940947e-05,3.12005179285976e-05,0,0,3.16341841383151e-05,7
"279",372,0.000261461479511338,0.000281292430528884,0.000370225414388017,0.000331205588341563,0.000349336261103903,0.000314080216087189,0.000138606542228793,0.000234367676010125,0,0.00506713959969597,0.000734771520789578,9
"280",373,1.80437832400319e-05,3.24749131296074e-05,0,1.50622825382959e-05,0,0,0,0,0,0,6.55809789079352e-06,3
"281",374,0,5.4173528646962e-06,0.000529891160355663,0,0,0,0,0,0,0,5.35308513220359e-05,2
"282",375,9.07045932806037e-06,1.08749435862301e-05,0.000553397541637844,0,7.53579502637528e-05,0,1.5603788599872e-05,0,0,0,6.64304683415759e-05,5
"283",376,1.85574375890177e-05,0.000294642509687067,0.000567592643126126,0,7.67636447378521e-05,0,9.9812020694359e-05,8.44730150953278e-06,0,0,0.000106581555734395,6
"284",377,1.89529445768518e-05,1.70030435447945e-05,0.000715435521373636,0,7.82390986855831e-05,0,3.42518538815913e-05,8.70011571153896e-06,0,0,8.72582577773996e-05,6
"285",378,0,5.69249160357488e-06,0.000561513841316188,0,0,0,0,0,0,0,5.67206332919763e-05,2
"286",379,0,5.79072326133534e-06,0.000572305015681157,0,0,0,0,0,0,0,5.78095738942493e-05,2
"287",380,5.88957055214724e-05,7.02473291380067e-05,0.000603178285581719,1.62977932787901e-05,2.6919349628513e-05,0,7.43218134522482e-05,2.83760392724384e-05,0.000344589937973811,0,0.0001222826253847,8
"288",381,2.45703867870288e-05,2.34433608402101e-05,0.00061549896061968,4.89460288455263e-05,5.39039969813762e-05,0,1.86908900601847e-05,0,0,0,7.85053624134006e-05,6
"289",382,0,5.88283741013966e-06,0.000583117579828797,0,2.7057741219763e-05,0,1.89444170802864e-05,0,0,0,6.35002575538986e-05,4
"290",383,4.51891164523531e-05,3.58976199877948e-05,0.000655027034752162,4.99126528574994e-05,2.75019938945574e-05,0.000121256214380987,5.93201906155458e-05,4.02450926140194e-05,0.000363240101707228,0,0.000139759001726215,9
"291",384,1.51050556621301e-05,2.99920221221155e-05,1.19348832768416e-05,0,0,4.10761963442185e-05,2.00714543775842e-05,1.02105413629031e-05,0,0,1.28390153145793e-05,6
"292",385,1.51887198440625e-05,1.81014040655754e-05,1.2016631017328e-05,0,0,4.27807486631016e-05,2.0919626793858e-05,1.06548468898502e-05,0,0,1.19661977273776e-05,6
"293",386,5.2167290065783e-05,4.35309847330618e-05,7.46770218803674e-05,1.73220162826953e-05,0,4.64123271140815e-05,4.551557770647e-05,2.31889435117336e-05,0,0,3.02814161294193e-05,7
"294",387,5.75358945523969e-05,5.61328227325458e-05,4.99394484187922e-05,0.000139072387177526,0.00017186067827681,0.000141602945341263,0.000138786084381939,7.08265457893619e-05,0.000409332787556283,0.000343878954607978,0.00015789685488349,10
"295",388,0,6.27100787638589e-06,1.25528790027993e-05,3.4965034965035e-05,0,0,0,0,0,0,5.37889218442202e-06,3
"296",389,3.7406350529567e-05,1.9103048209726e-05,2.55908282471562e-05,5.32084707885495e-05,0,5.02537815970652e-05,0,3.78501135503407e-05,0,0,2.23412592922405e-05,6
"297",390,1.07135778528919e-05,6.38027728685089e-06,0,1.77708274097242e-05,0,0,2.47445129042635e-05,0,0,0,5.96091954537304e-06,4
"298",391,0,6.40602679000404e-06,0,0,0,0,0,0,0,0,6.40602679000404e-07,1
"299",392,3.36064793292147e-05,3.31619963521804e-05,1.34188561766995e-05,5.55627581353138e-05,0,0.000112511251125113,0,0,0.000485201358563804,0,7.33462699682325e-05,6
"300",393,0,6.66400106624017e-06,0,0,0,0,0,0,0,0,6.66400106624017e-07,1
"301",394,0,6.72205641149741e-06,0,0,0,0,0,0,0,0,6.72205641149741e-07,1
"302",395,0,7.64216334359931e-06,0,0,0,0,0,0,0,0,7.64216334359931e-07,1
"303",396,0,0.000632911392405063,0,0,0,0,0,0,0,0,6.32911392405063e-05,1
"304",397,0,0.00105263157894737,0,0,0,0,0,0,0,NA,0.000116959064327485,NA
"305",398,0,0.00108459869848156,0,0,0,0,0,0,NA,NA,0.000135574837310195,NA
"306",399,0,0.00112233445566779,0,0,0,0,0,0,NA,NA,0.000140291806958474,NA
"307",400,0,0.00225479143179256,0,0,0,0,0,0,NA,NA,0.00028184892897407,NA
"308",401,0,0.00114155251141553,0,0,0,0,0,0,NA,NA,0.000142694063926941,NA
"309",402,0,0.00114942528735632,0,0,0,NA,0,0,NA,NA,0.000164203612479475,NA
"310",403,0,0.00115473441108545,0,0,0,NA,0,0,NA,NA,0.000164962058726493,NA
"311",404,0,0.00116959064327485,0,0,0,NA,0,0,NA,NA,0.000167084377610693,NA
"312",405,0,0,0,0,0,NA,0,0,NA,NA,0,NA
"313",406,0,0,0,0,0,NA,0,0,NA,NA,0,NA
"314",407,0,0,0,NA,0,NA,0,0,NA,NA,0,NA
"315",408,0,0,0,NA,0,NA,0,0,NA,NA,0,NA
"316",409,0,0,0,NA,0,NA,0,0,NA,NA,0,NA
"317",410,0,0,0,NA,0,NA,0,0,NA,NA,0,NA
"318",411,0,0,0,NA,0,NA,0,0,NA,NA,0,NA
"319",412,0,0,0,NA,0,NA,0,0,NA,NA,0,NA
"320",413,0,0,0,NA,0,NA,0,0,NA,NA,0,NA
"321",414,0,0,0,NA,0,NA,0,0,NA,NA,0,NA
"322",415,0,0,0,NA,0,NA,0,0,NA,NA,0,NA
"323",416,0,0,0,NA,0,NA,0,0,NA,NA,0,NA
"324",417,0,0,0,NA,0,NA,0,0,NA,NA,0,NA
"325",418,0,0,0,NA,0,NA,0,0,NA,NA,0,NA
"326",419,0,0,0,NA,0,NA,0,0,NA,NA,0,NA
"327",420,0,0,0,NA,0,NA,0,0,NA,NA,0,NA
"328",421,0,0,0,NA,0,NA,0,0,NA,NA,0,NA
"329",422,0,0,0,NA,0,NA,NA,0,NA,NA,0,NA
"330",423,0,0,0,NA,0,NA,NA,0,NA,NA,0,NA
"331",424,0,0,0,NA,0,NA,NA,0,NA,NA,0,NA
"332",425,0,0,0,NA,0,NA,NA,0,NA,NA,0,NA
"333",426,0,0,0,NA,0,NA,NA,0,NA,NA,0,NA
"334",427,0,0,0,NA,0,NA,NA,0,NA,NA,0,NA
"335",428,0,0,0,NA,0,NA,NA,0,NA,NA,0,NA
"336",429,0,0,0,NA,0,NA,NA,0,NA,NA,0,NA
"337",430,0,0,0,NA,0,NA,NA,0,NA,NA,0,NA
"338",431,0,0,0,NA,0,NA,NA,0,NA,NA,0,NA
"339",432,0,0,0,NA,0,NA,NA,0,NA,NA,0,NA
"340",433,0,0,0,NA,0,NA,NA,0,NA,NA,0,NA
"341",434,0,0,0,NA,0,NA,0,0,NA,NA,0,NA
"342",435,0,0.00321543408360129,0,NA,0,NA,0,0,NA,NA,0.000535905680600214,NA
"343",436,0,0,0,NA,0,NA,0,0,NA,NA,0,NA
"344",437,0,0,0,NA,0,NA,0,0,NA,NA,0,NA
"345",438,0,0,0,NA,0,NA,0,0,NA,NA,0,NA
"346",439,0,0,0,NA,0,NA,0,0,NA,NA,0,NA
"347",440,0,0,0,NA,0,NA,0,0,NA,NA,0,NA
"348",441,0,0,0,NA,0,NA,0,0,NA,NA,0,NA
"349",442,0,0,0,NA,0,NA,0,0,NA,NA,0,NA
"350",443,0,0,0,NA,0,NA,0,0,NA,NA,0,NA
"351",444,0,0,0,NA,0,NA,0,0,NA,NA,0,NA
"352",445,0,0,0,NA,0,NA,0,0,NA,NA,0,NA
"353",446,0,0,0,NA,0,NA,0,0,NA,NA,0,NA
"354",447,0,0,0,NA,0,NA,0,0,NA,NA,0,NA
"355",448,0,0,0,NA,0,NA,0,0,NA,NA,0,NA
"356",449,0,0,0,NA,0,NA,0,0,NA,NA,0,NA
"357",450,0,0,0,NA,0,NA,0,0,NA,NA,0,NA
"358",451,0,0,0,NA,0,NA,0,0,NA,NA,0,NA
"359",452,0,0,0,NA,0,NA,0,0,NA,NA,0,NA
"360",453,0,0,0,NA,0,NA,0,0,NA,NA,0,NA
"361",454,0,0,0,NA,0,NA,0,0,NA,NA,0,NA
"362",455,0,0,0,NA,0,NA,0,0,NA,NA,0,NA
"363",456,0,0,0,NA,0,NA,0,0,NA,NA,0,NA
"364",457,0,0,0,NA,0,NA,0,0,NA,NA,0,NA
"365",458,0,0,0,NA,0,NA,0,0,NA,NA,0,NA
"366",459,0,0,0,NA,0,NA,0,0,NA,NA,0,NA
"367",460,0,0,0,NA,0,NA,0,0,NA,NA,0,NA
"368",461,0,0,0,NA,0,NA,0,0,NA,NA,0,NA
"369",462,0,0,0,NA,0,NA,0,0,NA,NA,0,NA
"370",463,0,0,0,NA,0,NA,0,0,NA,NA,0,NA
"371",464,0,0,0,NA,0,NA,0,0,NA,NA,0,NA
"372",465,0,0,0,NA,0,NA,0,0,NA,NA,0,NA
"373",466,0,0,0,NA,0,NA,0,0,NA,NA,0,NA
"374",467,0,0,0,NA,0,NA,0,0,NA,NA,0,NA
"375",468,0,0,0,NA,0,NA,0,0,NA,NA,0,NA
"376",469,0,0,0,NA,0,NA,0,0,NA,NA,0,NA
"377",470,0,0,0,NA,0,NA,0,0,NA,NA,0,NA
"378",471,0,0,0,NA,0,NA,0,0,NA,NA,0,NA
"379",472,0,0,0,NA,0,NA,0,0,NA,NA,0,NA
"380",473,0,0,0,NA,0,0,0,0,NA,NA,0,NA
"381",474,0,0,0,0,0,0,0,0,NA,NA,0,NA
"382",475,0,0,0,0,0,0,0,0,NA,NA,0,NA
"383",476,0,0,0,0,0,0,0,0,NA,NA,0,NA
"384",477,0,0,0,0,0,0,0,0,NA,NA,0,NA
"385",478,0,0,0,0,0,0,0,0,NA,NA,0,NA
"386",479,0,0,0,0,0,0,0,0,NA,NA,0,NA
"387",480,0,0,0,0,0,0,0,0,NA,NA,0,NA
"388",481,0,0,0,0,0,0,0,0,NA,NA,0,NA
"389",482,0,0,0,0,0,0,0,0,NA,NA,0,NA
"390",483,0,0,0,0,0,0,0,0,NA,NA,0,NA
"391",484,0,0,0,0,0,0,0,0,NA,NA,0,NA
"392",485,0,0,0,0,0,0,0,0,NA,NA,0,NA
"393",486,0,0,0,0,0,0,0,0,NA,NA,0,NA
"394",487,0,0,0,0,0,0,0,0,NA,NA,0,NA
"395",488,0,0,0,0,0,0,0,0,NA,NA,0,NA
"396",489,0,0,0,0,0,0,0,0,NA,NA,0,NA
"397",490,0,0,0,0,0,0,0,0,NA,NA,0,NA
"398",491,0,0,0,0,0,0,0,0,NA,NA,0,NA
"399",492,0,0,0,0,0,0,0,0,NA,NA,0,NA
"400",493,0,0,0,0,0,0,0,0,NA,NA,0,NA
"401",494,0,0,0,0,0,0,0,0,NA,NA,0,NA
"402",495,0,0,0,0,0,0,0,0,NA,NA,0,NA
"403",496,0,0,0,0,0,0,0,0,NA,NA,0,NA
"404",497,0,0,0,0,0,0,0,0,NA,NA,0,NA
"405",498,0,0,0,0,0,0,0,0,NA,NA,0,NA
"406",499,0,0,0,0,0,0,0,0,NA,NA,0,NA
"407",500,0,0,0,0,0,0,0,0,NA,NA,0,NA
"408",501,0,0,0,0,0,0,0,0,NA,NA,0,NA
"409",502,0,0,0,0,0,0,0,0,NA,NA,0,NA
"410",503,0,0,0,0,0,0,0,0,NA,NA,0,NA
"411",504,0,0,0,0,0,0,0,0,NA,NA,0,NA
"412",505,0,0,0,0,0,0,0,0,NA,NA,0,NA
"413",506,0,0,0,0,0,0,0,0,NA,NA,0,NA
"414",507,0,0,0,0,0,0,0,0,NA,NA,0,NA
"415",508,0,0,0,0,0,0,0,0,NA,NA,0,NA
"416",509,0,0,0,0,0,0,0,0,NA,NA,0,NA
"417",510,0,0,0,0,0,0,0,0,NA,NA,0,NA
"418",511,0,0,0,0,0,0,0,0,NA,NA,0,NA
"419",512,0,0,0,0,0,0,0,0,NA,NA,0,NA
"420",513,0,0,0,0,0,0,0,0,NA,NA,0,NA
"421",514,0,0,0,0,0,0,0,0,NA,NA,0,NA
"422",515,0,0,0,0,0,0,0,0,NA,NA,0,NA
"423",516,0,0,0,0,0,0,0,0,NA,NA,0,NA
"424",517,0,0,0,0,0,0,0,0,NA,NA,0,NA
"425",518,0,0,0,0,0,0,0,0,NA,NA,0,NA
"426",519,0,0,0,0,0,0,0,0,NA,NA,0,NA
"427",520,0,0,0,0,0,0,0,0,NA,NA,0,NA
"428",521,0,0,0,0,0,0,0,0,NA,NA,0,NA
"429",522,0,0,0,0,0,0,0,0,NA,NA,0,NA
"430",523,0,0,0,0,0,0,0,0,NA,NA,0,NA
"431",524,0,0,0,0,0,0,0,0,NA,NA,0,NA
"432",525,0,0,0,0,0,0,0,0,NA,NA,0,NA
"433",526,0,0,0,0,0,0,0,0,NA,NA,0,NA
"434",527,0,0,0,0,0,0,0,0,NA,0,0,NA
"435",528,0,0,0,0,0,0,0,0,0,0,0,0
"436",529,0,0,0,0,0,0,0,0,0,0,0,0
"437",530,0,0,0,0,0,0,0,0,0,0,0,0
"438",531,0,0,0,0,0,0,0,0,0,0,0,0
"439",532,0.000499750124937531,0,0,0,0,0,0,0,0,0,4.99750124937531e-05,1
"440",533,0,0,0,0,0,0,0,0,0,0,0,0
"441",534,0.000283949740895861,0.000296501284838901,0.000834028356964137,0,0.000518134715025907,0,0,0.00164744645799012,0,0,0.000358006055571492,5
"442",535,0,0,0,0,0,0,0,0,0,0,0,0
"443",536,0,0,0,0,0,0,0,0,0,0,0,0
"444",537,0,0,0,0,0,0,0,0,0,0,0,0
"445",538,0,0,0,0,0,0,0,0,0,0,0,0
"446",539,0,0,0,0,0,0,0,0,0,0,0,0
"447",540,0,0,0,0,0,0,0,0,0,0,0,0
"448",541,0,0,0,0,0,0,0,0,0,0,0,0
"449",542,0,0,0,0,0,0,0,0,0,0,0,0
"450",543,0,0,0,0.000123578843302027,0,0,0,0,0,0,1.23578843302027e-05,1
"451",544,0,8.01571079315458e-05,8.2047915982934e-05,0,0,0,0,0,0,0,1.6220502391448e-05,2
"452",545,0,0,0,0,0,0,0,0,0,0,0,0
"453",546,0,0,0,0,0,0,0,0,0,0,0,0
"454",547,0,0,0,0,0,0,0,0,0,0,0,0
"455",548,2.11859918222072e-05,0,0,0,0,0,0,0,0,0,2.11859918222072e-06,1
"456",549,5.91074770958526e-05,2.64473301420222e-05,5.3527459586768e-05,0.000288537834523552,0,0,0.00105374077976818,0,0,0,0.000148136088111637,5
"457",550,0,0,0,0,0,0,0,0,0,0,0,0
"458",551,0,0,0,0,0,0,0,0,0,0,0,0
"459",552,5.12873115191302e-05,2.30792310000231e-05,0,0.000126008064516129,0,0,0,0,0,0,2.00374607035282e-05,3
"460",553,0,2.24709001842614e-05,0,0,0,0,0,0,0,0,2.24709001842614e-06,1
"461",554,0,0,0,0,0,0,0,0,0,0,0,0
"462",555,0,0,0,0,0,0,0,0,0,0,0,0
"463",556,5.79701743452993e-05,3.89590151160979e-05,0,0,0,0,0,0,0,0,9.69291894613972e-06,2
"464",557,0,0,0,0,0,0,0,0,0,0,0,0
"465",558,1.28748181431937e-05,1.72690693698517e-05,3.39766240826311e-05,0,8.54481756814492e-05,0,0.000237473284255521,0,0,0,3.87041971532647e-05,5
"466",559,0,0,0,0,0,0,0,0,0,0,0,0
"467",560,0,0,0,0,0,0,0,0,0,0,0,0
"468",561,0,0,0,0,0,0,0,0,0,0,0,0
"469",562,0,0,0,0,0,0,0,0,0,0,0,0
"470",563,4.15066929542389e-05,2.77292515874997e-05,0.000108468693223418,7.56172256039926e-05,0,0,0,0,0,0,2.5332186336915e-05,4
"471",564,0,0,0,0,0,0,0,0,0,0,0,0
"472",565,0,0,0,0,0,0,0,0,0,0,0,0
"473",566,0,0,0,0,0,0,0,0,0,0,0,0
"474",567,9.70817233947537e-06,2.58795823035416e-05,0,0.000105920982946722,0,0,0,3.28213207299462e-05,0,0,1.74330058319685e-05,4
"475",568,0,0,0,0,0,0,0,2.91834471487772e-05,0,0,2.91834471487772e-06,1
"476",569,5.38454635196985e-05,0.000119262006702525,6.99528983817563e-05,9.74342318934719e-05,5.78636731859738e-05,0,0.000133529176124983,0.000139637501047281,0,0,6.7152495085569e-05,7
"477",570,0,0,2.25641951351595e-05,0,0,0,0,0,0,0,2.25641951351595e-06,1
"478",571,6.07781337639898e-05,0,2.23909003381026e-05,3.13312654698123e-05,0,0,0,0,0,0,1.14500299571905e-05,3
"479",572,5.90667454223272e-05,0,0,0,0,0,0,0,0,0,5.90667454223272e-06,1
"480",573,5.00467102629121e-05,0,2.14325517596125e-05,0,0,0,0,0,0,0,7.14792620225246e-06,2
"481",574,4.80761526257592e-05,0,2.05161872717574e-05,0,0,0,0,0,0,0,6.85923398975166e-06,2
"482",575,4.63402766514516e-05,1.01746995919945e-05,0,0,0,0,0,0,0,0,5.65149762434462e-06,2
"483",576,4.37005637372722e-05,2.89036832927076e-05,0,0,0,0,0,1.5623779392235e-05,0,0,8.82280264222148e-06,3
"484",577,4.91745697225149e-05,3.70109922647026e-05,0,2.51635631605435e-05,0,0,0,1.44573436076855e-05,0,0,1.25806468755447e-05,4
"485",578,4.89188924762743e-05,1.84111203166713e-05,0,2.5030662561638e-05,0,0,0,1.42537451715438e-05,0,0,1.06614420526127e-05,4
"486",579,5.37703066923868e-05,0,0,0,0,0,0,1.29784168927074e-05,0,0,6.67487235850942e-06,2
"487",580,5.28223649893365e-05,0,0,0,0,0,0,1.23967966677411e-05,0,0,6.52191616570775e-06,2
"488",581,3.89077303175519e-05,1.70128787492132e-05,0,0,0,0,0,0,0,0,5.59206090667651e-06,2
"489",582,0.000127906835097636,0.000175511376328302,7.68994155644417e-05,0.000174018968067519,7.63621091214539e-05,6.50321909345126e-05,0.000120930682532772,0.000108120965736466,0,0,9.24782543383103e-05,8
"490",583,1.18562079104619e-05,7.73162000633993e-06,0,2.10810355004638e-05,0,0,0,1.00183335503972e-05,0,0,5.06871969676629e-06,4
"491",584,0,7.32933640188217e-06,0,0,0,0,0,0,0,0,7.32933640188217e-07,1
"492",585,0,1.44019586663786e-05,0,3.92626474803196e-05,0,0,0,0,0,0,5.36646061466982e-06,2
"493",586,0,7.04994888787056e-06,0,0,0,0,0,0,0,0,7.04994888787056e-07,1
"494",587,9.20954976136431e-05,7.01921862058316e-05,9.43879614897117e-05,7.66650694777192e-05,6.60436548558597e-05,4.6264168401573e-05,1.8379650051463e-05,0.000134289023550938,0,0.000861326442721792,0.000145964365436853,9
"495",588,5.32560765183307e-06,1.3794149901027e-05,2.64918206503742e-05,0,0,0,0,8.0818530072575e-06,0,0,5.36934312104917e-06,4
"496",589,3.64796131076461e-05,4.04585300067431e-05,1.29528645259899e-05,0,0,0,0,2.33663057870551e-05,0,0,1.13257313427434e-05,4
"497",590,4.64410662868819e-05,3.99818748833862e-05,1.28009831155033e-05,0,0,0,0,3.05352835201075e-05,0,0,1.29759207805879e-05,4
"498",591,0,6.62822297342083e-06,0,0,0,0,0,0,0,0,6.62822297342083e-07,1
"499",592,5.0719455475926e-06,1.96255446088629e-05,2.51161622504081e-05,3.57142857142857e-05,0,3.8454143433955e-05,1.5752000504064e-05,1.47390452046516e-05,0,0,1.5447312726382e-05,7
"500",593,1.49884588866573e-05,0.000154592359272643,0,0,0,0,0,7.18504361321473e-06,0,0.000324359390204346,5.01125251976861e-05,4
"501",594,0,6.41107834337736e-06,0,0,0,0,1.52274215407105e-05,0,0,0,2.16384998840879e-06,2
"502",595,2.98078881608036e-05,3.84179488657101e-05,2.45371676747353e-05,1.74538346074633e-05,0,3.67066769445362e-05,4.55913194127838e-05,3.53359387698853e-05,0.000363901018922853,0,5.91751793358771e-05,8
"503",596,5.32981888306377e-05,3.11256917684996e-05,0.000107363975807317,5.10290865793502e-05,2.89653574325107e-05,6.87852524418765e-05,2.88729446072558e-05,1.34642960529416e-05,0.000677966101694915,0.000298596595998806,0.000135946749121411,10
"504",597,0,0,1.18490431897624e-05,1.6901027582477e-05,0,0,0,0,0,0,2.87500707722394e-06,2
"505",598,7.19469319429988e-05,0.000234203584547494,8.25880742820737e-05,0.000101028810048999,8.59500343800138e-05,6.77506775067751e-05,4.28082191780822e-05,9.31736957346413e-05,0.000646203554119548,0,0.000142565358174063,9
"506",599,0,0,0,0,0,0,0,0,0,0,0,0
"507",600,0,0,0,0,0,0,0,0,0,0,0,0
"508",601,4.69208211143695e-05,7.83000457754114e-05,5.74706037861634e-05,6.58880890806964e-05,0,0.000129525289812836,6.89350907185794e-05,4.51446887273712e-05,0.000307597662257767,0,7.99782291273194e-05,8
"509",602,9.33214504019821e-06,1.79714972054322e-05,1.14237408181683e-05,4.91456841898334e-05,0,0,1.372514033956e-05,0,0,0,1.01598207593192e-05,5
"510",603,1.86233611442193e-05,1.19527150592257e-05,1.1394323348108e-05,4.90404420178507e-05,0,0,1.36783936094545e-05,0,0,0,1.04689235178858e-05,5
"511",604,4.61812707238452e-06,0,2.25868747670729e-05,0,0,0,1.35153399107988e-05,0,0,0,4.07203417502561e-06,3
"512",605,0,0,2.24519808260084e-05,0,0,0,1.34130965474689e-05,0,0,0,3.58650773734773e-06,2
"513",606,1.36452951022487e-05,5.82798130383598e-06,1.109422323796e-05,0,2.69338504632622e-05,0,0,6.21848007909907e-06,0,0,6.3719830186406e-06,5
"514",607,4.45918949771689e-06,0,0,0,0,0,1.26393488207488e-05,0,0,0,1.70985383184657e-06,2
"515",608,0,0,0,0,0,0,0,5.91680965623336e-06,0,0,5.91680965623336e-07,1
"516",609,0,5.56923111195268e-06,0,1.52711390742635e-05,0,0,1.2148749286261e-05,5.73069186642903e-06,0,0,3.87198113389063e-06,4
"517",610,4.3338259448824e-06,2.75980835890756e-05,3.14831722444354e-05,4.54166982060404e-05,7.63125763125763e-05,0,1.19773388748488e-05,1.13138810005996e-05,0,0,2.08435576172458e-05,7
"518",611,0,0,0,0,2.52372299616394e-05,0,0,0,0,0,2.52372299616394e-06,1
"519",612,5.11528575265036e-05,8.13744690315896e-05,3.09080793719478e-05,8.93721605719818e-05,7.4992500749925e-05,0.00010468737731948,2.3474729453743e-05,7.78214442548319e-05,0,0,5.33783618280002e-05,8
"520",613,0.000122260727324851,8.56677803478112e-05,9.15257339855389e-05,5.88321812031181e-05,0,5.12439468087832e-05,0.000311879129510696,4.93296646679017e-05,0,0.000212901852246115,9.83641016094815e-05,8
"521",614,0,0,0,0,0,0,0.00025281544472535,0,0,0,2.5281544472535e-05,1
"522",615,0,0,1.00676546391753e-05,0,0,0,0.000252045001489357,0,0,0,2.62112656128532e-05,2
"523",616,1.66181278848031e-05,1.58085271195283e-05,9.9965012245714e-06,0,0,0,0.000260705946362585,1.07788820143575e-05,0,0,3.13907984605846e-05,5
"524",617,0.000637512212084582,6.82045927923485e-05,0.00020882431908356,5.76186223387399e-05,0.000990146831530139,2.47390035129385e-05,0.000292726863319072,5.3549530638364e-05,0,0,0.000233332197529974,8
"525",618,4.12663827539533e-06,0,0,0,0,0,0,0,0,0,4.12663827539533e-07,1
"526",619,0,0,0,0,0,0,0,0,0,0,0,0
"527",620,1.23213405618531e-05,0,0,0,0,0,0,2.12745588188365e-05,0,0,3.35958993806896e-06,2
"528",621,4.10019229901882e-06,0,1.96815524808597e-05,0,2.39114320556658e-05,0,0,1.59137685925863e-05,0,0,6.36069454281306e-06,4
"529",622,4.08603556485356e-06,2.0723133752286e-05,0,0,2.38078232507202e-05,0,1.10718674918899e-05,2.11016095252665e-05,0,0,8.07904695850162e-06,5
"530",623,4.05462389308768e-06,1.54259093573566e-05,0,0,0,0,1.09792382604495e-05,1.04723555993067e-05,0,0,4.09321271102005e-06,4
"531",624,0,0,0,0,0,0,1.0910003382101e-05,0,0,0,1.0910003382101e-06,1
"532",625,0,0,0,0,0,0,1.08103433365044e-05,1.03202902065606e-05,0,0,2.1130633543065e-06,2
"533",626,0,0,0,0,0,0,0,5.12904681793935e-06,0,0,5.12904681793935e-07,1
"534",627,8.71166372978003e-05,7.01817707863366e-05,0.000170125893160939,0.000137674674743581,6.88452359096751e-05,2.31647710162385e-05,7.49954467050215e-05,0.000138238938324954,0.000219876868953386,0.000193348801237432,0.000118356903813536,10
"535",628,3.94399526720568e-06,0,0,0.000164455651792567,0,0,0,0,0,0,1.68399647059772e-05,2
"536",629,4.72102666593228e-05,0.000109493047191503,8.44372724884602e-05,0.000232211886516685,9.09525000568453e-05,6.85682940208448e-05,4.24610419939705e-05,9.65501120489458e-05,0,0.000190803281816447,9.62687702793025e-05,9
"537",630,1.57170305814123e-05,9.94129664332119e-06,9.37013924026911e-06,0.000177382381836044,0,0,1.06090665082379e-05,0,0,0,2.23019914809285e-05,5
"538",631,0,0,9.32861927106169e-06,0.000176668841052403,0,0,0,0,0,0,1.85997460323464e-05,2
"539",632,0,0,9.31523693305139e-06,0.000176429075511644,0,0,0,5.04464510921657e-06,0,0,1.90788957553912e-05,3
"540",633,7.79717976008078e-06,4.92647239943838e-06,0,0.00018944006928094,0,0,2.09680970403531e-05,1.00591477889993e-05,0,0,2.33190966269811e-05,5
"541",634,1.94548744187856e-05,9.83057012391434e-06,1.8534478764121e-05,0.000229556011666847,4.48169228700757e-05,2.23513634331694e-05,0,2.5098889625123e-05,0,0.000187020759304283,5.56663870206319e-05,8
"542",635,0,0,0,0.000161729426669182,0,0,0,0,0,0,1.61729426669182e-05,1
"543",636,7.75984821736887e-06,0,0,0.000161470457634189,4.46757656309335e-05,4.45255799456788e-05,1.04258979304593e-05,1.00122149021807e-05,0,0,2.7886976426081e-05,6
"544",637,3.85687893642706e-06,0,0,0.00016041922891824,0,6.62514906585398e-05,0,4.98122079759307e-06,0,0,2.355088193108e-05,4
"545",638,0,0,0,0.000159140640541078,0,0,0,4.91489853191981e-06,0,0,1.64055539072998e-05,2
"546",639,3.81434805163102e-06,0,0,0.000158397022135984,0,0,1.02027282095232e-05,4.90405221834802e-06,0,0,1.77318150615486e-05,4
"547",640,2.65305271615747e-05,1.43164605891701e-05,3.59641078203952e-05,0.000170467211287552,4.3418795996787e-05,0,2.01484944037557e-05,2.42631287789823e-05,0.00019782393669634,0,5.32932662734557e-05,8
"548",641,2.26898001784931e-05,1.42780313450381e-05,3.58683273702239e-05,0.000170019094452146,4.32797385903789e-05,2.11940741368713e-05,3.00990257948651e-05,1.93431080506016e-05,0.000197199763360284,0,5.53970963278902e-05,9
"549",642,4.9098661872623e-05,4.27744455956579e-05,3.57989886785698e-05,6.52860836184159e-05,6.47906183184675e-05,0.000105741778576716,5.00851447460683e-05,4.82790917737256e-05,0,0,4.61854813180244e-05,8
"550",643,0.000267497541659916,0.000241778350882017,0.000107080712086735,0.000221377226794458,0.000301379889350526,0.000273540241977906,0.000129780670666573,0.00022144342601864,0,0,0.000176387805943677,8
"551",644,3.75639055943925e-06,0,0,0,0,0,0,4.80822398630618e-06,0,0,8.56461454574542e-07,2
"552",645,3.75362694203274e-06,0,0,0,0,0,0,4.80554367518369e-06,0,0,8.55917061721643e-07,2
"553",646,0,0,0,0,0,0,0,0,0,0,0,0
"554",647,0,0,0,0,0,0,0,0,0,0,0,0
"555",648,3.35414143296376e-05,9.36996364454106e-06,1.76306208623137e-05,0,0,0,2.95133252663578e-05,9.50114251238711e-06,0,0,9.95564666152372e-06,5
"556",649,7.44125132082211e-06,3.27373575340352e-05,1.76028446196905e-05,0,2.12449543233482e-05,0,1.96272779909518e-05,4.73947126458572e-06,0,0,1.03393157053434e-05,6
"557",650,1.11423095779293e-05,4.66761886091429e-05,2.63625019771876e-05,1.28363113575683e-05,2.12003646462719e-05,6.15207940283816e-05,2.93728888236158e-05,1.41916439600363e-05,0,0,2.23303002980134e-05,8
"558",651,7.376644069547e-06,2.31497557700766e-05,8.71999232640675e-06,0,2.10296096904441e-05,0,0,4.69300695034329e-06,0,0,6.49690088068178e-06,5
"559",652,7.35586188633722e-06,2.30804028915129e-05,0,0,2.09626027167533e-05,0,1.93139678615575e-05,0,0,0,7.07128353561609e-06,4
"560",653,7.71398030363696e-05,8.7585857188955e-05,6.07665263249273e-05,8.84631424635721e-05,8.37117803402884e-05,0.00012087757116667,5.78553038849837e-05,0.000102816710519552,0,0.000808407437348424,0.000148762413227374,9
"561",654,0,4.60047200842806e-06,0,0,0,0,1.92185728287817e-05,1.86295194049732e-05,0,0,4.24485642421829e-06,3
"562",655,6.59046140552574e-05,5.51204611745252e-05,6.923289947383e-05,0.000125887506923813,4.16892483428524e-05,7.999200079992e-05,0.000105452872152772,6.5055459779462e-05,0,0,6.08335062702432e-05,8
"563",656,3.6549440428067e-06,4.58494761697348e-06,1.72795134089024e-05,2.51325743295886e-05,4.16120508499261e-05,0,0,0,0,0.000158277936055714,2.50541966303911e-05,6
"564",657,8.36859665911067e-05,9.12458711243316e-05,0.000111781801922647,8.75350140056022e-05,0.000124141355623603,3.95671355372228e-05,3.8049578600917e-05,0.000138490728045757,0.00035486160397445,0,0.000106935905542564,9
"565",658,7.23363931627641e-06,1.35985966248283e-05,0,0,0,0,0,4.57762274895401e-06,0,0,2.54098586900587e-06,3
"566",659,6.47766285924039e-05,0.000103641418715838,6.80006120055081e-05,8.64966389877422e-05,0.000163405367866334,9.67791886032827e-05,1.87157268252513e-05,6.3692528866364e-05,0,0.000146541617819461,8.12049728282185e-05,9
"567",660,1.79734567989992e-05,5.85163845876846e-05,2.54731640217031e-05,6.1708587367018e-05,6.12094997143557e-05,0,9.35243724514609e-06,1.36428129661294e-05,0,0,2.47876342701036e-05,7
"568",661,3.59145091025323e-06,4.4973937603159e-06,0,0,4.07838659026489e-05,0,9.34527035867148e-06,0,0,0,5.82179809318895e-06,4
"569",662,0,0,0,0,0,0,0,0,0,0,0,0
"570",663,0,0,0,0,0,0,0,0,0,0,0,0
"571",664,0,0,0,0,0,0,0,0,0,0,0,0
"572",665,0,8.93475395921285e-06,0,3.67764238605438e-05,2.02433247636592e-05,0,0,4.50245608979698e-06,0,0,7.04569586732128e-06,4
"573",666,4.62061219557274e-05,3.55557135809492e-05,4.1882360824915e-05,7.31511058008827e-05,0.000100713048382548,5.6550424128181e-05,3.66996045617608e-05,1.78805312305829e-05,0,0,4.08638910465547e-05,8
"574",667,5.67766477647743e-05,5.32533349901038e-05,2.50894858328037e-05,0.000121750776161198,2.01110127906041e-05,7.51343025658364e-05,7.32071120709377e-05,6.69036542775966e-05,0.000157977883096366,0.000410846343467543,0.000106105055301776,10
"575",668,8.14127591492013e-05,0.000106385808133195,8.35331167041173e-05,0.000218948802471689,4.01751637137921e-05,0.000187483595185421,9.13817839551864e-05,0.00011579847502316,0.000157109190887667,0.000408608008716971,0.00014908367039404,10
"576",669,0,0,0,0,0,0,0,0,0,0,0,0
"577",670,1.41341757302069e-05,8.84818722764174e-06,8.33701551518587e-06,0,0,0,3.64916890178262e-05,4.44616362771383e-06,0,0,7.22572311185745e-06,5
"578",671,0,0,1.66505711145892e-05,0,0,0,9.11053815948908e-06,2.22066282343954e-05,0,0,4.79677375084737e-06,3
"579",672,2.1151039573595e-05,8.82456759618779e-06,4.15662149804639e-05,2.42206990093734e-05,3.99992000159997e-05,7.45795577432226e-05,2.73084765511215e-05,8.87717102313835e-05,0,0,3.26421465701347e-05,8
"580",673,3.52094079538053e-05,3.08523626298554e-05,2.49097023290572e-05,6.04931400779152e-05,1.99736348020613e-05,0,0,3.54532925029581e-05,0,0,2.06891540295652e-05,6
"581",674,3.51632277029973e-06,4.40059496043865e-06,0,0,0,0,0,0,0,0,7.91691773073838e-07,2
"582",675,3.51398742695299e-06,6.59708936417253e-05,0,1.20743781695243e-05,1.99310386064218e-05,9.28401663695781e-05,0,0,0,0,1.94330464214202e-05,5
"583",676,0,0,0,0,1.9921509253541e-05,0,0,0,0,0,1.9921509253541e-06,1
"584",677,3.50772576599961e-06,0,0,0,0,0,0,1.32289131124987e-05,0,0,1.67366388784983e-06,2
"585",678,5.25928263384874e-05,7.89723070443298e-05,9.0921865055421e-05,2.40975468697287e-05,1.98743938309882e-05,5.53791626670605e-05,6.31170821874577e-05,5.28736847670914e-05,0,0.000264200792602378,7.02029661362942e-05,9
"586",679,3.50116763940774e-06,4.38089230014369e-06,0,0,0,0,0,0,0,0,7.88205993955144e-07,2
"587",680,2.79859230806904e-05,4.81444684194171e-05,2.46933904025023e-05,2.40404841753513e-05,3.96502844907912e-05,9.20064772559988e-05,1.79938640923445e-05,8.35609269105766e-05,0,0,3.58075818827672e-05,8
"588",681,2.44667985543617e-05,3.93535523139889e-05,2.4665575900088e-05,0,1.98047254074822e-05,0,1.79620282722325e-05,2.63530073173517e-05,0,0,1.52605687765505e-05,6
"589",682,0,0,0,0,0,0,0,0,0,0,0,0
"590",683,0.00053430929174335,0.000371286047507142,0.000369576465370685,0.000335763622409823,0.000494471805217667,0.000788657997542322,0.00041262636682484,0.000351091235446171,0.000297929390734396,0.000128518185323223,0.000408423040811962,10
"591",684,1.39550299160954e-05,8.72805983957826e-06,1.64114683340719e-05,0,0,0,5.37668133305853e-05,8.76812261342663e-06,0,0,1.01629494033757e-05,5
"592",685,0,0,0,0,0,0,0,0,0,0,0,0
"593",686,1.04553296042658e-05,4.35819100207886e-06,8.1928263612381e-06,2.39343242143558e-05,0,0,0,0,0,0,4.69406711819385e-06,4
"594",687,0,0,0,0,0,0,0,0,0,0,0,0
"595",688,0,4.3418607478421e-06,0,2.38814524699392e-05,0,0,8.92530412973822e-06,0,0,0,3.71486173475195e-06,3
"596",689,0,0,0,0,0,0,8.92466688680845e-06,0,0,0,8.92466688680845e-07,1
"597",690,1.38902393288236e-05,4.76805576024482e-05,8.16253234403441e-06,7.15486709834365e-05,5.89344648750589e-05,0,8.91217938434665e-06,0,0,0,2.09128644518148e-05,6
"598",691,1.04095823675554e-05,5.19761775852734e-05,8.15580856686132e-06,9.53288846520496e-05,5.88824118235883e-05,1.81643143879534e-05,0,0,0,0,2.42917179383281e-05,6
"599",692,0.000208188035433604,0.000177582965895408,0.000212019897251896,0.00010722966210742,0.000117739403453689,0.000218003451721319,3.56131697501736e-05,0.000148299355333979,0.000290993743634512,0,0.0001515669684582,9
"600",693,0,8.65291430153676e-06,0,0,0,0,0,0,0,0,8.65291430153676e-07,1
"601",694,5.54244997072894e-05,7.78196658942344e-05,4.88444223740017e-05,4.75941173670934e-05,3.91688372730656e-05,9.06634753123357e-05,8.8954517555174e-05,3.9232781168265e-05,0,0,4.87702316651459e-05,8
"602",695,1.03797967635794e-05,1.29550459904133e-05,0,0,1.95579894386857e-05,0,0,4.35430074284371e-06,0,0,4.7247132935522e-06,4
"603",696,0,1.72681747539285e-05,0,0,0,0,0,0,0,0.000373366521468575,3.90634696222504e-05,2
"604",697,0.000901548175832982,0.00106026256583541,0.00109513920436109,0.000652060511215441,0.000780548725754205,0.00103126356925749,0.000461561676178979,0.000574462529375925,0.000575043128234618,0.000865265760197775,0.000799715584624391,10
"605",698,1.0344542219525e-05,2.15078740326834e-05,1.61926274967008e-05,4.73613791633612e-05,3.89605329800912e-05,1.80642364247263e-05,0,3.47773164953159e-05,0,0,1.87208508812404e-05,7
"606",699,0,8.58970009062134e-06,0,0,0,0,0,4.34269038354641e-06,0,0,1.29323904741677e-06,2
"607",700,3.4406352788979e-05,3.4331080356185e-05,6.46172237209828e-05,2.36275355299066e-05,0,3.6063977496078e-05,0,8.68428708516246e-06,0.000284252416145537,0,4.85982873122831e-05,7
"608",701,1.0310234970255e-05,4.28599593687585e-06,8.0678343512251e-06,0,0,1.79995320121677e-05,8.83642018945285e-06,4.33463372345037e-06,0,0,5.38346511834268e-06,6
"609",702,0,4.2825818829656e-06,0,0,0,1.79959689029657e-05,0,0,0,0,2.22785507859313e-06,2
"610",703,1.03024100771307e-05,4.28256354253656e-06,8.0589918201233e-06,0,0,1.79962927636907e-05,0,0,0,0,4.06402582034813e-06,4
"611",704,6.86424244504316e-06,4.28067531933838e-06,0,0,0,0,0,4.33275563258232e-06,0,0,1.54776733969639e-06,3
"612",705,1.71548361198505e-05,8.55776060520483e-06,2.41483675703522e-05,2.35668414540741e-05,0,3.59602279878454e-05,2.64727683456285e-05,2.59779620288788e-05,0,0,1.61838764111834e-05,7
"613",706,2.74347481661586e-05,3.84901593492597e-05,8.04472869152488e-06,0,1.93719610236144e-05,1.79717125244865e-05,8.82145377558222e-06,1.73097228713368e-05,0,0,1.37444486401963e-05,7
"614",707,7.20253529242293e-05,9.40999341300461e-05,9.6555386583629e-05,3.53302792269735e-05,7.75043596202286e-05,3.59421331656034e-05,4.41022112848738e-05,6.0588749534765e-05,0,0,5.16148406470349e-05,8
"615",708,0,4.27540445326128e-06,0,1.17709375551763e-05,0,0,0,4.32853587274105e-06,0,0,2.03748778811786e-06,3
"616",709,3.42790935236509e-06,4.27290168480513e-06,0,0,0,0,8.82402251890547e-06,0,0,0,1.65248335560757e-06,3
"617",710,1.37183620275739e-05,1.70971588796232e-05,0,0,0,0,0,4.3344646286014e-06,0,0,3.51499855357985e-06,3
"618",711,1.37063282117354e-05,1.28109319953027e-05,0,0,1.93614590795562e-05,0,3.5287371531913e-05,0,0,0,8.11660908185073e-06,4
"619",712,3.41093203717916e-06,1.6986580601325e-05,0,0,1.92741360368521e-05,0,0,1.29931439510418e-05,0,0,5.26647926263981e-06,4
"620",713,6.81558724803626e-06,1.69679179092132e-05,3.19213458039391e-05,1.17020654145457e-05,3.85252533035405e-05,0,0,1.73265182361604e-05,0,0.000238635007755638,3.61893695671073e-05,7
"621",714,7.15202828116326e-05,8.90109610640625e-05,0.000119619132681542,0.000234189295207316,7.70119368502118e-05,3.5977046644241e-05,0,6.49592488978581e-05,0.000138792505204719,0.000357015351660121,0.00011880957610217,9
"622",715,0.000289391256979436,0.000296630280018984,0.00037478868297662,0.000315571710749308,0.000269562538508934,0.000270875469517481,0.000115012695632172,0.000195358287098539,0.00069415521310565,0.000118764845605701,0.000294011098019282,10
"623",716,1.01979767214185e-05,1.69219054065488e-05,1.59184972938555e-05,2.33347723109592e-05,1.92333583366992e-05,0,8.8710678991537e-06,1.74176580217024e-05,0,0,1.11895235990337e-05,7
"624",717,4.08321594087503e-05,8.46589514142278e-05,7.16920111202275e-05,8.17556440592845e-05,9.62667744854541e-05,1.81195528094367e-05,6.2138266519902e-05,5.23137955838438e-05,0,0,5.07777155401127e-05,8
"625",718,3.4024599785645e-05,5.50197012853449e-05,3.98193792955155e-05,7.00631736282214e-05,7.70149023836112e-05,1.81110205560083e-05,4.43691155460507e-05,3.9232610145553e-05,0,0,3.7765450262595e-05,8
"626",719,3.40230948768024e-06,4.23078062133244e-06,0,0,0,0,0,4.35891288712595e-06,0,0,1.19920029961386e-06,3
"627",720,0.000149661900161907,0.000122638158228598,9.54448925051898e-05,9.33271115258983e-05,7.69645193565766e-05,9.04911861584682e-05,0.000141867867814614,0.000139423831018317,0.0002712600027126,0,0.000118107946948217,9
"628",721,1.35976258545258e-05,8.45222800730273e-06,7.95001033501344e-06,1.16588163969594e-05,0,5.42829225925524e-05,8.86171296911693e-06,1.30654054195302e-05,0,0,1.17868721575001e-05,7
"629",722,5.10047944506784e-05,5.49476095676468e-05,3.97560568352589e-05,1.16588163969594e-05,1.92244843032086e-05,7.24230957252268e-05,0.000736416225999929,0.00130458305700024,0,0,0.000229001414027915,8
"630",723,3.39885186783904e-06,2.11238746255793e-05,0,0,0,0,0.000674003848916716,0.00124767696509122,0,0,0.000194620354050135,4
"631",724,3.40046994494639e-06,2.11310165286811e-05,0,0,0,0,0.000674841722977473,0.00124919195625207,0,0,0.000194856516570317,4
"632",725,2.38111436152119e-05,4.65078915435969e-05,7.95197010059242e-06,1.16613996011801e-05,0,1.81461856717718e-05,0.000675753776663377,0.00125947889060901,0.000135098621994056,0,0.00021784098797988,8
"633",726,0.000248325503709575,0.00117638097817348,0.00020670684199647,0.000116593601343158,0.000326954514857198,0.000127090179560268,0.00085481501268866,0.00140141893667338,0.000271407246573484,0.00128459651991125,0.000601428933548692,10
"634",727,2.04142042032846e-05,6.33976044158545e-05,4.76814876624151e-05,6.99308849753494e-05,3.84482294590334e-05,0,0.000703103445206882,0.00126531291319691,0.000134861766689144,0,0.000234315053580887,8
"635",728,0,4.22502482202083e-06,0,0,0,0,0.000676602033367163,0.00125724448805618,0,0,0.000193807154624536,3
"636",729,1.70112580505779e-05,3.38063403791381e-05,7.94615684124373e-06,3.49556645654428e-05,3.82284916948602e-05,1.81363125249374e-05,0.000721256589257729,0.00126652730483866,0,0,0.000213786811815259,8
"637",730,3.40393085935638e-06,1.6911960561308e-05,0,0,0,0,0.00067706013363029,0.0012585952848723,0,0,0.000195597130992325,4
"638",731,0.000343694064641707,0.000494656023811134,0.000333767761213007,0.000221396194315944,0.000497065402336207,0.00125229133015118,0.000774883099532398,0.00148669865188447,0.000668091929449492,0.000458820830465703,0.000653136528780124,10
"639",732,0,8.44042117701673e-06,0,0,0,1.80920159933421e-05,0.00068462701164755,0.0012523700884979,0,0,0.000196352953731581,4
"640",733,5.77477036795478e-05,5.90694868127371e-05,0.000134915281139637,0.000139612807148176,0.000152663015476213,0.000108501057885314,0.000773340207468511,0.00133982520973081,0,0.000113947128532361,0.000287962189787331,9
"641",734,1.01884524080407e-05,1.26534227508541e-05,1.58693634004872e-05,3.48946762355623e-05,1.90759604746099e-05,5.4255434586031e-05,0.00068470615435233,0.00125684256623604,0,0,0.000208848603044396,8
"642",735,3.39672759263725e-06,0,0,0,0,0,0.000676409334448815,0.00125369863013699,0,0,0.000193350469217844,3
"643",736,3.39477883015922e-06,0,0,1.16287182826709e-05,0,0,0.000676120491788695,0.00125334700620976,0,0,0.000194449099511129,4
"644",737,3.39399534343839e-06,4.21427036230082e-06,0,1.1625744047619e-05,0,0,0.000676048319664111,0.00124884427131032,0,0,0.000194412660072779,5
"645",738,4.75432048874415e-05,5.05929920273877e-05,5.55229468407443e-05,5.81496772692912e-05,1.9063596156779e-05,7.23065798987708e-05,0.00072964772252031,0.00138523584078555,0,0.000113649278327083,0.000253171183871336,9
"646",739,0.000227477209839238,0.000185499034561843,0.000317289082082686,0.000209295024592165,0.000247826750038127,0.000289268151576511,0.000889885560716892,0.00140716029791468,0.000397561622051418,0,0.000417126273337357,9
"647",740,0,0,0,0,0,0,0.00067642739530951,4.37937663952913e-06,0,0,6.80806771949039e-05,2
"648",741,6.79368594827967e-06,0,1.58676007394302e-05,1.16311528798735e-05,0,0,0.000676270899885212,4.3795300764228e-06,0,0,7.14942869529218e-05,5
"649",742,0,8.44006498850041e-06,1.58829742457573e-05,3.49060445633836e-05,0,1.80763182155059e-05,0.000676391274552558,8.75963559915907e-06,0,0,7.62456312164864e-05,6
"650",743,1.35864027281497e-05,1.26548105153039e-05,7.93650793650794e-06,0,5.71537435702038e-05,0,0.00125584502338009,8.76220684941709e-06,0,0,0.000135593869497968,6
"651",744,1.35856182645052e-05,1.26546503731013e-05,7.93543728227144e-06,0,5.71504772064847e-05,0,0.0012571550847911,8.76808417360807e-06,0,0,0.000135724935209107,6
"652",745,6.79204787035339e-06,0,7.9353113419405e-06,0,0,0,0.00123917946706368,0,0,0,0.000125390682627597,3
"653",746,0,4.2180388650101e-06,0,1.16238521446007e-05,0,0,0.00123978736308823,4.38592643924176e-06,0,0,0.000126001518053708,4
"654",747,0.000112094675842578,0.000151880149686325,0.000103168052822043,0.00024417752869086,5.71439455989638e-05,7.25347260000725e-05,0.00133962061944057,2.19568854597113e-05,0,0.000113314447592068,0.00022158910311332,9
"655",748,3.73535993588764e-05,6.32564416143044e-05,5.55348401786635e-05,3.48634514816967e-05,5.71210967250571e-05,0,0.00127821229050279,8.79109286470948e-06,0,0.000113404400090724,0.000164853721281682,8
"656",749,0,0,0,0,0,0,0.00109820448031714,0,0,0,0.000109820448031714,1
"657",750,0.000142639302561734,2.52851959391975e-05,8.72323552735924e-05,6.96815552923141e-05,0.000133239431257971,5.43389664728577e-05,0.00113321019710719,3.51125136609623e-05,0,0,0.000168073951756582,8
"658",751,0,0,0,0,0,0,0.00109997227712147,0.000902312561071155,0,0,0.000200228483819263,2
"659",752,6.80228148521014e-06,0,1.58819652343781e-05,0,0,0,0.000580792737410201,0.000919708157679343,0,0,0.000152318514180913,4
"660",753,2.04087880241232e-05,1.68762129778078e-05,7.9391543212817e-06,1.16243926254853e-05,7.62413037262937e-05,1.81438809761408e-05,0.000589854502556036,0.000919999647847025,0,0,0.000166108788305419,8
"661",754,0,0,7.94262249509543e-06,0,0,0,0.000563269466324533,0.000902936525764523,0,0,0.000147414861458415,3
"662",755,4.4225960638895e-05,2.53180581049433e-05,4.76595203863598e-05,2.32501365945525e-05,0,7.26071409123087e-05,5.36068473813055e-05,0.000929793947085471,0,0.000113032666440601,0.000130949427754444,8
"663",756,2.04094822454512e-05,2.53152807253672e-05,3.17687236915257e-05,2.32514880952381e-05,3.8109029934643e-05,3.63035704561544e-05,0,0.000916784203102962,0,0,0.000109194177825134,7
"664",757,2.3798272245435e-05,3.3731505647919e-05,0,1.16183151119425e-05,0,0,8.92689763526482e-06,0.000906933639753631,0,0,9.85008630394192e-05,5
"665",758,0,0,0,0,0,0,0,0.000902693991140389,0,0,9.02693991140389e-05,1
"666",759,0,0,0,0,0,0,0,0.000903577284507837,0,0,9.03577284507837e-05,1
"667",760,0.000353910025182059,0.000278520969252973,0.000405257219140855,0.000220932801544204,0.000381417346860935,0.000853846852575166,0.000277094972067039,0.00126980767704558,0.000132065504490227,0.000790513833992095,0.000496336720215113,10
"668",761,3.40178866047768e-06,4.21846591268619e-06,0,0,0,0,8.93734918223255e-06,0.000908033006558996,0,0,9.24590610314392e-05,4
"669",762,0,1.26555045116874e-05,0,0,0,0,0,0.000908205148553264,0.000132013201320132,0,0.000105287385438508,3
"670",763,3.40233263925748e-06,1.2656572347077e-05,0,0,1.90650499504309e-05,0,0,0.000912895643238619,0.000132030631106417,0,0.00010800502292818,5
"671",764,0,0,0,0,0,0,0,0.000904977375565611,0,0,9.04977375565611e-05,1
"672",765,3.4044291623402e-06,0,0,0,0,0,0,0.000914836257568392,0,0.000113327289211242,0.000103156797594197,3
"673",766,1.36462416544703e-05,8.46353064644447e-06,7.96793702142578e-06,0,1.91226526943818e-05,3.6726898780667e-05,2.70440818534211e-05,0.000920094054058859,0,0.000229463056447912,0.000126252845315758,8
"674",767,0,0,0,0,0,0,0,0.000910884402104365,0,0,9.10884402104365e-05,1
"675",768,7.50855804968618e-05,2.96392898426154e-05,6.3760769592489e-05,5.8314478318677e-05,3.82811752320796e-05,0,9.00600700667345e-06,0.000937169658799179,0,0,0.000121125695928858,7
"676",769,0.000781919561305567,0.00070323488045007,0.000781449349323807,0.000513460842775956,0.000574349549135604,0.000752376408411935,0.000513601427271335,0.00162718013239733,0.00133958472873409,0.000572737686139748,0.000815989456594545,10
"677",770,2.72956494146789e-05,1.27000254000508e-05,1.59362549800797e-05,0,0,0,1.80261378999549e-05,0.000916207080590642,0,0,9.90165148285407e-05,5
"678",771,0,0,0,0,0,0,0,0.000911654051746373,0,0,9.11654051746373e-05,1
"679",772,0,0,7.96565210810983e-06,0,0,0,0,0.000911520282437894,0,0,9.19485934546004e-05,2
"680",773,0,0,0,0,0,0,0,0.000911925764794327,0,0,9.11925764794327e-05,1
"681",774,1.70709639973369e-05,2.96420510605502e-05,7.96939751354798e-06,0,0,0,9.02087430313746e-06,0.000917235114966071,0,0,9.80938401840644e-05,5
"682",775,2.05229241062267e-05,2.12012635953103e-05,7.9805275128686e-06,1.16842904714611e-05,3.83722491893862e-05,0,9.03277089279907e-06,0.000936417267534413,0,0.00045903144365389,0.000150424273695636,8
"683",776,2.73727934962243e-05,3.81808925844222e-05,3.99179287385136e-05,1.16886608301287e-05,3.83899264832908e-05,0,3.61594995525262e-05,0.000946111792926475,0.000268312315535283,0.000458715596330275,0.000186484940647714,9
"684",777,3.42254774454104e-05,2.97030543226431e-05,0.00010381396537405,0.00016370056827483,0,1.84209556791806e-05,3.61663652802893e-05,8.02747179235606e-05,0,0,4.66305104299964e-05,7
"685",778,0.00035951024433001,0.000318345621474322,0.00028758357897764,0.000245573824169142,0.00038413521559589,0.000442518668756338,7.23536647131177e-05,0.000343607341594784,0.000268348316114316,0.000114718366410462,0.000283669484213602,10
"686",779,3.42359059334249e-06,0,0,0,0,1.8447121326717e-05,0,0,0,0,2.18707119200595e-06,2
"687",780,0.000404131733245657,1.6977352212149e-05,3.99491846371416e-05,2.33950963877971e-05,0,1.84461004943555e-05,9.05042899033414e-06,1.33996766211375e-05,0,0.000227868292127151,7.53217864715723e-05,8
"688",781,0.000390579496632108,1.27383666866234e-05,3.99709011839381e-05,2.34087876588871e-05,0,1.84610840348545e-05,9.05870949624517e-06,2.23497648804735e-05,0,0.000227712626665149,7.44279737238279e-05,8
"689",782,0.00040100353705684,1.27433447881844e-05,3.9984006397441e-05,2.34170101161484e-05,1.92359481398838e-05,5.54487653408251e-05,9.06684075000907e-06,2.23733667442277e-05,0,0.000227842333105491,8.1111515243905e-05,9
"690",783,0.000126812215100936,0.000152980571467424,0.000104020804160832,9.37009534072009e-05,0.000134737166284911,0.000258832664682283,0.000145108922384865,0.000192497951911326,0.000266737796745799,0,0.000147542904614558,9
"691",784,1.02774218744647e-05,2.54858235106722e-05,1.59943699817664e-05,1.170864214877e-05,5.77111748071485e-05,1.84842883548983e-05,9.06947215672048e-06,3.13365953236846e-05,0,0,1.80067788158125e-05,8
"692",785,5.82646724154477e-05,5.09972079028673e-05,4.80034562488499e-05,5.85624099602947e-05,0.000115482331203326,7.39863865048831e-05,9.07276356378153e-06,5.37393640841917e-05,0,0,4.68108591883642e-05,8
"693",786,0.00039434745783054,0.000408185826597559,0.000392247900673225,0.000585987858331575,0.000500645061906687,0.000166641978966079,0.000308796149130376,0.000547050857793681,0.000133404482390608,0.00125542113672677,0.000469272871034711,10
"694",787,0,0,0,0,0,0,9.0887608383473e-06,0,0,0,9.0887608383473e-07,1
"695",788,3.43294598259496e-06,4.25526482640647e-06,0,0,0,1.85649308456326e-05,9.09512592201839e-06,0,0,0,3.53482675766524e-06,4
"696",789,3.43543444503992e-06,4.25925216050566e-06,0,0,0,1.86032667336384e-05,9.10705341286827e-06,0,0,0,3.54050067520523e-06,4
"697",790,0,0,0,0,0,0,9.10929330102571e-06,8.99798445148287e-06,0,0,1.81072777525086e-06,2
"698",791,0,0,0,0,1.9239649068801e-05,0,9.1330039363247e-06,1.35242354298904e-05,0,0,4.1896888435016e-06,3
"699",792,1.7192587931491e-05,4.69107161134045e-05,8.02800166982435e-06,1.17398450340456e-05,1.92437217357837e-05,7.45600954369222e-05,1.82355301068602e-05,3.60175405422441e-05,0.00013598041881969,0,3.67908457390266e-05,9
"700",793,3.44148782401608e-06,1.28097832584673e-05,0,0,1.92782233189389e-05,0,9.11095318792252e-06,1.35031124674237e-05,0,0,5.81435600567685e-06,5
"701",794,1.37257526001723e-05,1.70336713097616e-05,8.01532530197738e-06,0,5.76357802924055e-05,1.84311412562666e-05,0,1.34332167628634e-05,0,0,1.28274887523447e-05,6
"702",795,0,0,0,0,0,0,0,0,0,0,0,0
"703",796,0,0,0,8.76981429918221e-05,0,0,5.37976669745089e-05,0,0,0,1.41495809966331e-05,2
"704",797,0,0,0,0,0,0,4.48736358414704e-05,0,0,0,4.48736358414704e-06,1
"705",798,1.3745704467354e-05,2.13284192655346e-05,2.40194076814066e-05,7.82044263705326e-06,1.91901746305891e-05,3.72564360493275e-05,9.09587047480444e-06,1.36387814203427e-05,0,0,1.46095236626412e-05,8
"706",799,5.84604274488901e-05,0.000529631607047517,3.20541073331784e-05,1.56456571567147e-05,1.92063918872201e-05,3.73517602016995e-05,1.82234006687988e-05,5.46844026412566e-05,0,0,7.65257754385276e-05,8
"707",800,0.00180147223765629,0.000620557131913327,0.00108496479891986,0.00134870226613346,1.92418703097941e-05,5.6155588416974e-05,0.000959368461447093,0.00141641117959637,0.000131527028804419,0,0.000743840056319758,9
"708",801,0.00110405741098537,0.000603787158603325,0.00224657578368455,0.00103504246026456,0.00332245166026,0.00374221938055926,0.00182126023886881,0.0046000522837448,0.00118592699960469,0.00219146482122261,0.0021852838197798,10
"709",802,0.000379750331418471,7.71360250949202e-05,0,7.83864924396228e-06,0,0,4.5774132122455e-05,2.28874851231347e-05,0,0,5.33386623002943e-05,5
"710",803,0.00295104050216294,0.00024950958460956,0.00102886492704781,7.07046900777752e-05,7.74308445769372e-05,0,0.00112888570720559,0.000490805425464086,0.000132152768600502,0,0.00061293944497452,8
"711",804,3.83083052405762e-05,0.000225808132566744,0,1.5793920919838e-05,1.95419369967951e-05,0,0.000330757710789133,4.14112970018221e-05,0,0,6.71621303514908e-05,6
"712",805,0.00101975602686289,0.000265478252543804,0,1.5812901746535e-05,3.91634683167541e-05,3.78314985056558e-05,0.000680816611925331,4.1458796865715e-05,0,0,0.000210031755676668,7
"713",806,0.000251718327191872,0.00105146048297376,0,7.91552551173873e-06,3.92303014848669e-05,1.89422639793908e-05,0.00118885243484351,3.22766570605187e-05,0,0,0.000259039599304566,7
"714",807,5.95359001477891e-05,0.000340853970293266,0.000190589834103979,0,1.96618167518679e-05,1.89656153393897e-05,0.00029489010735843,9.23199069415338e-06,0,0,9.33729234688874e-05,7
"715",808,0,0.000332535539735809,0.000190800116139201,0,0,0,0.000295153941227471,4.61966313416426e-06,0,0,8.23109260236646e-05,4
"716",809,3.15864837926242e-05,1.75221107134565e-05,1.66104679168812e-05,7.93820898128964e-06,0.00203404557841937,1.90085158150852e-05,0.000701955315002448,1.38736663938179e-05,0,0.000706880301602262,0.000354942064863723,9
"717",810,0.000612503520135173,5.70853953602747e-05,0.000433499508144789,3.97674400108167e-05,0.00217795905436978,5.71428571428571e-05,0.000425618534761931,7.41399762752076e-05,0,0.000472925041380941,0.000435064132758177,9
"718",811,0.000285438412257642,8.79414661601238e-06,4.17606280798463e-05,7.95994555397241e-06,0,0,2.78037794604213e-05,6.03354651864366e-05,0,0,4.32092377154331e-05,6
"719",812,0.000310839832711654,0.000127823691460055,4.18788528544626e-05,7.97066794197354e-06,0.00240657133196762,1.9147184406533e-05,0.000474118697010263,9.77940457396723e-05,0,0,0.000348614430409223,8
"720",813,0.000915987338862266,0.00050742159233308,8.38194863541876e-06,7.9736550437355e-06,0,0,0.000437152370854028,0.000582655510755821,0.000137494843943352,0,0.00025970672604277,7
"721",814,0.000438852612765656,1.32536348093465e-05,0,1.59650047096764e-05,0,1.91787652710918e-05,6.51259722377284e-05,0.000667024278750845,0,0,0.000121940026854434,6
"722",815,3.54392518065159e-06,1.77242112725984e-05,1.6827651196446e-05,1.5988616105333e-05,3.9897861474625e-05,5.77322761912093e-05,0.000251797554765968,0.000163410899040078,0,0,5.66922995226909e-05,8
"723",816,7.09536885274981e-06,0.000470412809429558,2.52742253449932e-05,0,1.99732358639423e-05,0,0.000326522996548185,1.40103115893297e-05,0.000558971492453885,0,0.000142226044008264,7
"724",817,0,0,6.7756989556954e-05,0,0,1.93498452012384e-05,0,0,0,0,8.71068347581924e-06,2
"725",818,0,1.7895570398937e-05,3.40222845964106e-05,0,0,0,9.35725046552321e-06,0,0,0,6.12751054608709e-06,3
"726",819,7.1483716009493e-06,0,0,8.0480306469007e-06,0,0,0,0,0,0,1.519640224785e-06,2
"727",820,0,0,0,0,0,0,9.39787795915682e-06,0,0,0,9.39787795915682e-07,1
"728",821,0,0,6.88669662379698e-05,0,0,0,0,0,0,0,6.88669662379698e-06,1
"729",822,0,4.64261174766477e-06,3.4674364375558e-05,8.09624819858478e-06,0,0,1.92992444345804e-05,0,0,0,6.6712468756388e-06,4
"730",823,0.000107075078090962,9.81498748589096e-06,8.75472755287855e-05,0,0,0,8.73930648747852e-05,0,0.000161498708010336,0,4.5332911399076e-05,5
"731",824,0.000107416955581237,1.96764212525026e-05,5.27435433112396e-05,0,0,0,8.75750469499557e-05,0,0.000162548764629389,0,4.29960731724324e-05,5
"732",825,0,0,0,0,0,0,0,0,0,0,0,0
"733",826,0,0,0,0,0,0,0,0,0,NA,0,NA
"734",827,0,0,0,0,NA,NA,0,NA,0,NA,0,NA
"735",828,0,0,0,NA,NA,NA,0,NA,0,NA,0,NA
"736",829,0,0,0,NA,NA,NA,0,NA,0,NA,0,NA
"737",830,0,0,0,NA,NA,NA,0,NA,0,NA,0,NA
"738",831,NA,NA,0,NA,NA,NA,0,NA,NA,NA,0,NA
"739",832,NA,NA,0,NA,NA,NA,0,NA,NA,NA,0,NA
"740",833,NA,NA,0,NA,NA,NA,0,NA,NA,NA,0,NA
"741",834,NA,NA,0,NA,NA,NA,0,NA,NA,NA,0,NA
