"","ref251.pos","Animal:20615 Week3: plasma","Animal:20615 Week6: plasma","Animal:20615 Week6: R ing LN","Animal:20615 Week6: L cran HLN 1","Animal:20615 Week6: central carinal LN gran","Animal:20615 Week6: *RLL gran A","Animal:20615 Week6: LML","Animal:20615 Week6: RLL gran 10","Animal:20615 Week6: RLL gran 14","Animal:20615 Week6: *RLL gran 6","mean","count"
"1",94,NA,NA,NA,NA,NA,NA,NA,NA,NA,NA,NA,NA
"2",95,0,0,0,0,0,0,0,0,0,0,0,0
"3",96,0,0,0,0,0,0,0,0,0,0,0,0
"4",97,0,0,0,0,0,0,0,0,0,0,0,0
"5",98,3.20643485669526e-05,6.54334639821497e-05,9.0207198997081e-05,0.000137997019264384,4.89907897315305e-05,0.000100825762998961,6.22921001158633e-05,0,1.10672111734564e-05,0,5.48877894830379e-05,8
"6",99,6.86018485911467e-05,3.26643670952232e-05,5.3120727245852e-05,6.43021835184318e-05,4.07600942373379e-05,6.55037236347512e-05,6.84726856232259e-05,0,0,9.21658986175115e-05,4.8559152856348e-05,8
"7",100,2.73494299922966e-05,1.95368464924848e-05,1.61125855405657e-05,1.83200512961436e-05,2.43787482325408e-05,3.51794150165846e-05,1.86336561096653e-05,0,4.40363740449611e-05,0,2.03547106725243e-05,8
"8",101,6.83287249404401e-05,6.5080862972243e-05,5.52061720500352e-05,4.5766590389016e-05,6.49614291514413e-05,8.53722228918083e-05,7.4481885384792e-05,0,1.09985591887463e-05,4.59221160911095e-05,5.16118563059632e-05,9
"9",102,4.55398291345611e-06,0,0,0,0,0,0,0,0,0,4.55398291345611e-07,1
"10",103,0.00011833026888278,0.000156061019858765,0.000103413566940751,0.000137166684955558,0.000121680159644369,0.000155332411360311,0.000105313369222478,0,5.48359855671686e-05,0,9.52133466432181e-05,8
"11",104,0,0,0,0,0,0,0,0,0,0,0,0
"12",105,6.81852274431903e-05,5.84533250199716e-05,7.80428684885851e-05,9.13467247631836e-05,6.48403306856865e-05,6.00726879524224e-05,2.47563051214606e-05,0,2.19166073091885e-05,0,4.67614076783689e-05,8
"13",106,0.00013166497166933,0.000116757261653023,6.87775253387866e-05,9.1235881247377e-05,9.71368901624615e-05,8.00284100855804e-05,0.000123658307365089,0,5.47417285248199e-05,0,7.64000976046468e-05,8
"14",107,0,0,0,9.11726627887894e-06,0,0,0,0,0,0,9.11726627887894e-07,1
"15",108,0.000176721676952775,0.000213698736587166,9.84310547688702e-05,0.000191289931773258,0.000161638366482668,9.98721636305529e-05,0.000104916252144612,0.000105635662599694,7.63308834754542e-05,0.000136568489097282,0.000136510321751233,10
"16",109,0,0,0,0,0,0,0,0,0,0,0,0
"17",110,4.06989364011287e-05,3.2321038410322e-05,1.59915929911132e-05,1.81813223275729e-05,2.4204284158296e-05,2.98757170172084e-05,1.84576765476762e-05,0.000156119900083264,2.15326974010034e-05,0,3.57383165337585e-05,9
"18",111,4.06487541156864e-05,7.74783383479036e-05,7.52878047445006e-05,4.53942948450239e-05,4.83469376243926e-05,6.46152163864189e-05,0.000104401441968151,5.17920033146882e-05,4.28655628784225e-05,4.46727719454992e-05,5.95503126170687e-05,10
"19",112,3.61164031674086e-05,7.09851447451633e-05,2.73655836736928e-05,9.0753984099902e-06,3.22167543230857e-05,4.96645161931155e-05,2.45448465026662e-05,0,1.06551874780237e-05,4.43832941280902e-05,3.05007128621236e-05,9
"20",113,4.5107219861611e-06,1.28921634984175e-05,2.27835065639282e-06,0,0,4.95530316544766e-06,1.22404264564577e-05,0,0,0,3.68769657628768e-06,5
"21",114,0,0,0,0,0,0,0,0,0,0,0,0
"22",115,4.5063110886797e-06,6.4390671079574e-06,2.27630210170973e-06,0,0,0,0,0,0,0,1.32216802983468e-06,3
"23",116,4.50162508665628e-06,0,0,0,8.03180595156821e-06,4.9404429601158e-06,0,0,0,0,1.74738739983403e-06,3
"24",117,0,0,0,0,0,0,0,0,0,0,0,0
"25",118,0,0,2.27253100868561e-06,9.04240889773035e-06,0,0,0,0,0,0,1.1314939906416e-06,2
"26",119,0,0,0,0,0,0,0,0,0,0,0,0
"27",120,4.49796017506061e-06,6.42483584544415e-06,1.59030911065371e-05,0,0,9.86679822397632e-06,1.21833100835166e-05,0,5.20237228176048e-05,0,1.0089971825214e-05,6
"28",121,0,0,0,0,0,0,0,0,0,0,0,0
"29",122,0,0,0,0,0,0,0,0,0,0,0,0
"30",123,0,0,0,0,0,0,0,0,0,0,0,0
"31",124,0,0,2.27017332773357e-06,0,0,0,0,0,0,0,2.27017332773357e-07,1
"32",125,0,0,0,0,0,0,0,0,0,0,0,0
"33",126,0,0,0,0,0,0,0,0,0,0,0,0
"34",127,0,0,0,0,0,0,0,0,0,0,0,0
"35",128,0,0,0,0,0,0,0,0,0,0,0,0
"36",129,0,0,0,0,0,0,0,0,0,0,0,0
"37",130,0,0,0,0,0,0,0,0,0,0,0,0
"38",131,0,0,0,0,0,0,0,0,0,0,0,0
"39",132,0,0,0,0,0,0,0,0,0,0,0,0
"40",133,0,0,0,0,0,0,0,0,0,0,0,0
"41",134,0,0,0,0,0,0,0,0,0,0,0,0
"42",135,0,0,0,0,0,0,0,0,0,0,0,0
"43",136,0,0,0,9.02242071547796e-06,0,0,0,0,0,0,9.02242071547796e-07,1
"44",137,0,0,0,0,0,0,0,0,0,0,0,0
"45",138,4.4915962234659e-06,0,2.269457191229e-06,0,0,0,0,0,0,0,6.7610534146949e-07,2
"46",139,0,0,0,0,0,0,0,0,0,0,0,0
"47",140,0,0,0,0,0,0,0,0,0,0,0,0
"48",141,0,6.42231884244125e-06,0,0,0,0,0,0,0,0,6.42231884244125e-07,1
"49",142,0,0,0,0,0,0,0,0,0,0,0,0
"50",143,0,0,0,0,0,0,0,0,0,0,0,0
"51",144,0,0,0,0,0,0,0,0,0,0,0,0
"52",145,4.49387709246152e-06,6.42042207854744e-06,4.54446302624882e-06,0,1.60792384872652e-05,1.47223367292857e-05,6.05631158511843e-06,0,1.04359078718053e-05,0,6.27525568707324e-06,7
"53",146,0,0,0,0,0,0,0,0,0,0,0,0
"54",147,0,0,0,0,0,0,0,0,0,0,0,0
"55",148,4.49093056572252e-06,1.9278718864869e-05,3.17869727903513e-05,9.01225666906994e-06,0,4.90104784402905e-06,6.05151045701007e-06,0.00010128633647321,1.04464826692853e-05,4.33576135969476e-05,2.30611869930495e-05,9
"56",149,0,0,2.27027640615245e-06,0,0,0,0,0,0,0,2.27027640615245e-07,1
"57",150,0,0,0,0,0,0,0,0,0,0,0,0
"58",151,0,0,0,0,0,0,0,0,0,0,0,0
"59",152,0,6.42000988681523e-06,4.53652583778291e-06,2.70080483984227e-05,0,0,0,0,0,0,3.79645841230209e-06,3
"60",153,0,0,0,0,0,0,0,0,0,0,0,0
"61",154,4.49175762475857e-06,0,2.26851505273163e-06,0,0,0,1.20814531571857e-05,0,0,0,1.88417258346759e-06,3
"62",155,0,0,0,0,0,0,0,0,0,0,0,0
"63",156,0,0,0,0,0,0,0,0,0,0,0,0
"64",157,0,0,0,0,0,0,0,0,0,0,0,0
"65",158,0,0,0,0,2.40803319875103e-05,0,0,0,0,4.33388229175696e-05,6.74191549050799e-06,2
"66",159,0,0,0,0,0,0,0,0,0,0,0,0
"67",160,0,0,0,0,0,0,0,0,0,0,0,0
"68",161,0,0,0,0,0,0,0,0,0,0,0,0
"69",162,0,0,0,0,0,0,0,0,0,0,0,0
"70",163,0,0,0,0,0,0,0,0,0,0,0,0
"71",164,0,0,0,0,0,0,0,0,0,0,0,0
"72",165,0,0,0,0,0,0,0,0,0,0,0,0
"73",166,0,0,0,0,0,0,0,0,0,0,0,0
"74",167,0,0,0,0,0,0,0,0,0,0,0,0
"75",168,0,0,0,0,0,0,0,0,0,0,0,0
"76",169,0,0,0,0,0,0,0,0,0,0,0,0
"77",170,0,0,0,0,0,0,0,0,0,0,0,0
"78",171,0,0,0,0,0,0,0,0,0,0,0,0
"79",172,0,0,0,0,0,0,0,0,0,0,0,0
"80",173,0,0,0,0,0,0,0,0,0,0,0,0
"81",174,0,0,0,0,0,0,0,0,0,0,0,0
"82",175,0,0,0,0,0,0,0,0,0,0,0,0
"83",176,0,0,0,0,0,0,0,0,0,0,0,0
"84",177,0,6.4032374768683e-06,0,0,0,0,0,0,0,0,6.4032374768683e-07,1
"85",178,0,0,0,8.96643862024443e-06,0,0,0,0,0,0,8.96643862024443e-07,1
"86",179,0,0,0,0,0,0,0,0,0,0,0,0
"87",180,0,0,0,0,0,0,0,0,0,0,0,0
"88",181,0,0,0,0,0,0,0,0,0,0,0,0
"89",182,0,0,0,0,0,0,0,0,0,0,0,0
"90",183,0,0,0,0,0,0,0,0,0,0,0,0
"91",184,0,0,0,0,0,0,0,0,0,0,0,0
"92",185,0,0,0,0,0,0,0,0,0,0,0,0
"93",186,0,0,0,0,0,0,0,0,0,0,0,0
"94",187,0,0,0,0,0,0,0,0,0,0,0,0
"95",188,0,0,4.5110170313448e-06,0,0,0,0,0,0,0,4.5110170313448e-07,1
"96",189,0,0,0,0,0,0,0,0,0,0,0,0
"97",190,0,0,0,0,0,9.5419392083053e-06,0,0,0,0,9.5419392083053e-07,1
"98",191,0,1.27620202278021e-05,9.01109942171269e-06,0,0,9.54107432496899e-06,5.90336196463886e-06,0,1.02963283293178e-05,0,4.75138842684404e-06,5
"99",192,0,0,0,0,0,0,0,0,0,0,0,0
"100",193,0,0,0,0,0,0,0,0,0,0,0,0
"101",194,0,0,0,0,0,0,0,0,0,0,0,0
"102",195,0,0,0,0,0,0,0,0,0,0,0,0
"103",196,4.45849365333428e-06,0,0,0,0,0,0.000388749815932852,0,0,0,3.93208309586187e-05,2
"104",197,0,0,0,0,0,0,0,0,0,0,0,0
"105",198,0,1.27696796725854e-05,0,0,0,0,5.88695862056786e-06,0,1.03267379900037e-05,0,2.8983376283157e-06,3
"106",199,0,0,0,0,0,0,0,0,0,0,0,0
"107",200,0,0,0,0,0,0,0,0,0,0,0,0
"108",201,0,0,0,0,0,0,0,0,0,0,0,0
"109",202,0,0,2.25022502250225e-06,0,0,0,0,0,1.0421443161449e-05,0,1.26716681839512e-06,2
"110",203,0,0,0,0,0,0,0,0,0,0,0,0
"111",204,0,0,0,0,0,0,0,0,0,0,0,0
"112",205,4.45243904610946e-06,0,6.73992213143297e-06,0,0,0,0,0,0,0,1.11923611775424e-06,2
"113",206,0,0,0,0,0,0,0,0,0,0,0,0
"114",207,0,0,0,8.93088388957855e-06,0,0,0,0,0,0,8.93088388957855e-07,1
"115",208,0,0,0,0,0,0,0,0,0,0,0,0
"116",209,0,0,0,0,0,0,0,0,0,0,0,0
"117",210,0,0,0,0,0,0,0,0,0,0,0,0
"118",211,4.45426362113815e-06,0,2.24794369350636e-06,0,0,0,0,0,2.09680970403531e-05,0,2.76703043549976e-06,3
"119",212,0,0,0,0,0,0,0,0,0,0,0,0
"120",213,0,0,0,0,0,0,0,0,0,0,0,0
"121",214,0,0,0,0,0,0,0,0,0,0,0,0
"122",215,0,0,0,0,0,0,0,0,0,0,0,0
"123",216,4.45811600017832e-06,0,0,0,0,4.7118247955068e-06,5.86166471277843e-06,0,0,0,1.50316055084636e-06,3
"124",217,0,0,0,0,0,0,0,0,0,0,0,0
"125",218,0,0,0,0,0,0,0,0,0,0,0,0
"126",219,0,0,0,0,0,0,0,0,0,0,0,0
"127",220,0,0,0,0,0,0,0,0,0,0,0,0
"128",221,0,0,0,0,0,0,0,0,0,0,0,0
"129",222,0,0,0,0,0,0,0,0,0,0,0,0
"130",223,0,0,0,0,0,0,0,0,0,0,0,0
"131",224,0,0,0,0,0,0,0,0,0,0,0,0
"132",225,0,0,0,0,0,0,0,0,0,0,0,0
"133",226,0,0,0,0,0,0,0,0,0,0,0,0
"134",227,0,0,0,0,0,0,0,0,0,0,0,0
"135",228,0,0,0,0,0,0,0,0,0,0,0,0
"136",229,0,0,0,0,0,0,0,0,0,0,0,0
"137",230,4.47325218853863e-06,0,0,0,1.59919400622086e-05,0,0,0,0,0,2.04651922507473e-06,2
"138",231,0,0,0,0,0,0,0,0,0,0,0,0
"139",232,0,0,0,0,0,0,0,0,0,0,0,0
"140",233,0,0,0,0,0,0,0,0,0,0,0,0
"141",234,0,0,0,0,0,0,0,0,0,0,0,0
"142",235,4.47759857433261e-06,0,2.26031097358375e-06,0,0,0,5.90981620471603e-06,0,2.21053096953888e-05,0,3.47530354480212e-06,4
"143",236,4.47884195062525e-06,0,0,0,0,0,0,0,0,0,4.47884195062525e-07,1
"144",237,0,6.41840284463614e-06,4.52351549530233e-06,8.98448379648347e-06,0,4.74624216276763e-06,5.9140102903779e-06,0,0,0,3.05866545895675e-06,5
"145",238,0,0,0,0,0,0,0,0,0,0,0,0
"146",239,0,0,0,0,0,0,0,0,0,0,0,0
"147",240,0,0,0,0,0,0,0,0,3.33953001680897e-05,0,3.33953001680897e-06,1
"148",241,0,0,0,0,0,0,0,0,0,0,0,0
"149",242,0,0,0,0,0,0,0,0,0,0,0,0
"150",243,0,0,0,0,0,0,0,0,0,0,0,0
"151",244,0,0,0,0,0,0,0,0,0,0,0,0
"152",245,0,0,0,0,0,0,0,0,0,0,0,0
"153",246,0,0,0,0,0,0,0,0,0,0,0,0
"154",247,0,0,0,0,0,0,0,0,0,0,0,0
"155",248,0,0,0,0,0,0,0,0,0,0,0,0
"156",249,0,0,0,0,0,0,0,0,0,0,0,0
"157",250,0,0,0,0,0,0,0,0,0,0,0,0
"158",251,0,0,0,0,0,0,0,0,0,0,0,0
"159",252,0,0,0,0,0,0,0,0,0,0,0,0
"160",253,0,0,0,0,0,0,0,0,0,0,0,0
"161",254,0,0,0,0,0,0,0,0,0,0,0,0
"162",255,0,0,0,0,0,0,0,0,0,0,0,0
"163",256,0,0,0,0,0,0,0,0,0,0,0,0
"164",257,0,0,0,0,0,0,0,0,0,0,0,0
"165",258,0,0,0,0,0,0,0,0,0,0,0,0
"166",259,0,0,0,0,0,0,0,0,0,0,0,0
"167",260,0,0,0,0,0,0,0,0,0,0,0,0
"168",261,0,0,0,0,0,0,0,0,0,0,0,0
"169",262,0,0,0,0,0,0,0,0,0,0,0,0
"170",263,0,0,0,0,0,0,0,0,0,0,0,0
"171",264,0,0,0,0,0,0,0,0,0,0,0,0
"172",265,0,0,0,0,0,0,0,0,0,0,0,0
"173",266,0,0,0,0,0,0,0,0,0,0,0,0
"174",267,0,0,0,0,0,0,0,0,0,0,0,0
"175",268,0,0,0,0,0,0,0,0,0,0,0,0
"176",269,0,0,0,0,0,0,0,0,0,0,0,0
"177",270,0,0,0,0,0,0,0,0,0,0,0,0
"178",271,0,0,0,0,0,0,0,0,0,0,0,0
"179",272,0,0,0,0,0,0,0,0,0,0,0,0
"180",273,0,0,0,0,0,0,0,0,0,0,0,0
"181",274,0,0,0,0,0,0,0,0,0,0,0,0
"182",275,0,0,0,0,0,0,0,0,0,0,0,0
"183",276,0,0,0,0,0,0,0,0,0,0,0,0
"184",277,0,0,0,0,0,0,0,0,0,0,0,0
"185",278,0,0,0,0,0,0,0,0,0,0,0,0
"186",279,0,1.31515785182116e-05,0,0,0,0,0,0,0,0,1.31515785182116e-06,1
"187",280,0,0,0,0,0,0,0,0,0,0,0,0
"188",281,0,0,0,0,0,0,0,0,0,0,0,0
"189",282,0,0,0,0,0,0,0,0,0,0,0,0
"190",283,0,0,0,0,0,0,0,0,0,0,0,0
"191",284,0,0,0,0,0,0,0,0,0,0,0,0
"192",285,0,0,0,0,0,0,0,0,0,0,0,0
"193",286,0,0,0,0,0,0,0,0,0,0,0,0
"194",287,0,0,0,0,0,0,0,0,0,0,0,0
"195",288,0,0,0,0,0,0,0,0,0,0,0,0
"196",289,0,0,0,0,0,0,0,0,0,0,0,0
"197",290,0,0,6.9856956239274e-06,0,0,0,0,0,0,0,6.9856956239274e-07,1
"198",291,0,0,0,0,0,0,0,0,0,0,0,0
"199",292,0,0,0,0,0,0,0,0,0,0,0,0
"200",293,9.23348245407497e-06,0,0,0,0,0,0,0,0,0,9.23348245407497e-07,1
"201",294,0,0,0,0,0,0,0,0,0,0,0,0
"202",295,0,0,0,0,0,0,0,0,0,0,0,0
"203",296,0,0,0,0,0,0,0,0,0,0,0,0
"204",297,0,0,0,0,0,0,0,0,0,0,0,0
"205",298,0,0,0,0,0,0,0,0,0,0,0,0
"206",299,0,0,0,0,0,0,0,0,0,0,0,0
"207",300,0,0,0,0,0,0,0,0,0,0,0,0
"208",301,0,0,0,0,0,0,0,0,0,0,0,0
"209",302,0,0,0,0,0,0,0,0,0,0,0,0
"210",303,0,0,0,0,0,0,0,0,0,0,0,0
"211",304,0,0,0,0,0,0,0,0,0,0,0,0
"212",305,9.32914143911336e-06,6.71830806129784e-06,9.4290031422153e-06,0,1.66921221529499e-05,3.04435627086653e-05,6.36642601576327e-06,0,0,0,7.89785635200049e-06,6
"213",306,0,0,0,0,0,0,0,0,0,0,0,0
"214",307,0,0,0,0,0,0,0,0,0,0,0,0
"215",308,0,0,0,0,0,0,0,0,0,0,0,0
"216",309,4.67829691279187e-06,6.7367286445702e-06,0,0,0,0,0,0,0,0,1.14150255573621e-06,2
"217",310,0,0,0,0,0,0,0,0,0,0,0,0
"218",311,0,0,0,0,0,0,0,0,0,0,0,0
"219",312,9.38530917554751e-06,0,7.11374161467707e-06,0,2.51897628803654e-05,0,0,0,1.36109976861304e-05,0,5.52998113567204e-06,4
"220",313,0,0,0,0,0,0,0,0,0,5.56978946195834e-05,5.56978946195834e-06,1
"221",314,0,0,0,0,0,0,0,0,0,0,0,0
"222",315,0,0,0,0,0,0,0,0,0,0,0,0
"223",316,0,0,0,0,0,0,0,0,0,0,0,0
"224",317,4.71415708514239e-06,1.35875103604767e-05,7.15445758479821e-06,0,1.68753586013703e-05,5.16892031592441e-06,6.50372663536206e-06,0,0,0,5.4004130583074e-06,6
"225",318,0,0,0,0,0,0,0,0,0,0,0,0
"226",319,0,0,0,0,0,0,0,0,0,0,0,0
"227",320,0,0,0,0,0,0,0,0,0,0,0,0
"228",321,0,1.36668033347e-05,2.39932435026297e-06,0,0,0,0,0,0,0,1.6066127684963e-06,2
"229",322,0,0,0,0,0,0,0,0,0,0,0,0
"230",323,0,0,0,0,0,0,0,0,0,0,0,0
"231",324,0,0,0,0,0,0,0,0,0,0,0,0
"232",325,0,0,2.41625268204048e-06,0,0,0,0,0,0,0,2.41625268204048e-07,1
"233",326,0,0,0,0,0,0,0,0,0,0,0,0
"234",327,0,0,0,0,0,0,0,0,0,0,0,0
"235",328,0,0,0,0,0,0,0,0,0,0,0,0
"236",329,0,0,0,0,0,0,0,0,0,0,0,0
"237",330,0,0,0,0,0,0,0,0,0,0,0,0
"238",331,0,0,0,0,0,0,0,0,0,0,0,0
"239",332,0,0,0,0,0,0,0,0,0,0,0,0
"240",333,0,0,0,0,0,0,0,0,0,0,0,0
"241",334,0,0,0,0,0,0,0,0,0,0,0,0
"242",335,0,0,0,0,0,0,0,0,0,0,0,0
"243",336,0,0,0,0,0,0,0,0,0,0,0,0
"244",337,0,0,0,0,0,0,0,0,0,0,0,0
"245",338,0,0,0,0,0,0,0,0,0,0,0,0
"246",339,0,0,0,0,0,1.15786975123168e-05,0,0,0,0,1.15786975123168e-06,1
"247",340,0,0,0,0,0,0,0,0,0,0,0,0
"248",341,0,0,2.52863681189471e-06,0,0,0,0,0,0,0,2.52863681189471e-07,1
"249",342,0,0,0.00103673173489071,0,0,0,0,0,0,0,0.000103673173489071,1
"250",343,0,0,0,0,0,0,0,0,0,0,0,0
"251",344,0,0,2.54383019424687e-06,0,0,0,0,0,0,0,2.54383019424687e-07,1
"252",345,0,0,0,0,0,0,0,0,0,0,0,0
"253",346,0,0,2.55328710181488e-06,0,0,0,0,0,0,0,2.55328710181488e-07,1
"254",347,0,0,0,0,0,0,0,0,0,0,0,0
"255",348,0,0,0,0,0,0,0,0,0,0,0,0
"256",349,0,0,0,0,0,0,0,0,0,0,0,0
"257",350,0,0,0,0,0,0,0,0,0,0,0,0
"258",351,0,0,0,0,0,0,0,0,0,0,0,0
"259",352,0,0,0,0,0,0,0,0,0,0,0,0
"260",353,0,0,0,0,0,0,0,0,0,0,0,0
"261",354,0,0,0,0,0,0,0,0,0,0,0,0
"262",355,0,0,0,0,0,0,8.86792118191654e-06,0,0,0,8.86792118191654e-07,1
"263",356,0,0,0,0,0,0,0,0,0,0,0,0
"264",357,5.45140346382176e-06,7.87904096313397e-06,0,0,0,0,0,0,0,0,1.33304444269557e-06,2
"265",358,0,0,0,0,0,0,0,0,0,0,0,0
"266",359,0,0,0,0,0,0,0,0,0,0,0,0
"267",360,5.47942203056422e-06,0,0,0,0,7.16727707976463e-06,9.28289626363425e-06,0,0,0,2.19295953739631e-06,3
"268",361,5.52535030720948e-06,7.98753943847598e-06,5.60506698055042e-06,0,1.97782854204369e-05,0,0,0,0,0,3.88962421466728e-06,4
"269",362,0,0,8.42983148766856e-06,0,0,0,0,0,0,0,8.42983148766856e-07,1
"270",363,0,0,0,0,0,0,0,0,0,0,0,0
"271",364,0,0,0,0,0,0,0,0,0,0,0,0
"272",365,0,0,0,0,0,0,0,0,0,0,0,0
"273",366,5.74517835906216e-06,0,0,0,0,0,0,0,0,0,5.74517835906216e-07,1
"274",367,0,0,0,0,0,0,0,0,0,0,0,0
"275",368,0,0,0,0,0,0,0,0,0,0,0,0
"276",369,0,0,0,0,0,0,0,0,0,0,0,0
"277",370,0,0,0,0,0,0,0,0,0,0,0,0
"278",371,1.78362277567376e-05,8.60333465251131e-06,9.02174239918203e-06,0,0,0,0,0,0,0.000106326422115896,1.41787726924327e-05,4
"279",372,0,0,0,0,0,0,0,0,0,0,0,0
"280",373,0,0,0,0,0,0,0,0,0,0,0,0
"281",374,5.95940453629873e-06,0,0,0,0,0,0,0,0,0,5.95940453629873e-07,1
"282",375,0,0,0,0,0,0,0,0,0,0,0,0
"283",376,0,0,0,0,0,0,0,0,0,0,0,0
"284",377,0,0,0,0,0,0,0,0,0,0,0,0
"285",378,6.26166234611965e-06,0,0,0,0,0,0,0,0,0,6.26166234611965e-07,1
"286",379,0,0,0,0,0,0,0,0,0,0,0,0
"287",380,0,0,0,0,0,0,0,0,0,0,0,0
"288",381,0,0,0,0,0,0,0,0,0,0,0,0
"289",382,0,0,0,0,0,0,0,0,0,0,0,0
"290",383,0,0,0,0,0,0,0,0,0,0,0,0
"291",384,0,0,3.32682384800407e-06,0,0,0,0,0,0,0,3.32682384800407e-07,1
"292",385,0,0,3.34588038477624e-06,0,0,0,0,0,0,0,3.34588038477624e-07,1
"293",386,0,0,0,0,0,0,0,0,3.23739842662436e-05,0,3.23739842662436e-06,1
"294",387,0,0,0,0,0,0,0,0,0,0,0,0
"295",388,0,0,0,0,0,0,0,0,0,0,0,0
"296",389,0,0,0,0,0,0,0,0,0,0,0,0
"297",390,0,0,0,0,0,0,0,0,0,0,0,0
"298",391,0,0,0,0,0,0,0,0,0,0,0,0
"299",392,0,0,0,0,0,0,0,0,0,0,0,0
"300",393,0,0,0,0,0,0,0,0,0,0,0,0
"301",394,0,0,0,0,0,0,0,0,0,0,0,0
"302",395,0,0,0,0,0,0,0,0,0,0,0,0
"303",396,0,0,0,0,0,0,0,NA,0,NA,0,NA
"304",397,0,NA,0,0,NA,NA,0,NA,NA,NA,0,NA
"305",398,0,NA,0,0,NA,NA,0,NA,NA,NA,0,NA
"306",399,0,NA,0,0,NA,NA,0,NA,NA,NA,0,NA
"307",400,0,NA,0,NA,NA,NA,0,NA,NA,NA,0,NA
"308",401,0,NA,0,NA,NA,NA,0,NA,NA,NA,0,NA
"309",402,0,NA,0,NA,NA,NA,0,NA,NA,NA,0,NA
"310",403,0,NA,0,NA,NA,NA,0,NA,NA,NA,0,NA
"311",404,0,NA,0,NA,NA,NA,0,NA,NA,NA,0,NA
"312",405,0,NA,0,NA,NA,NA,0,NA,NA,NA,0,NA
"313",406,0,NA,0,NA,NA,NA,0,NA,NA,NA,0,NA
"314",407,0,NA,0,NA,NA,NA,0,NA,NA,NA,0,NA
"315",408,0,NA,0,NA,NA,NA,0,NA,NA,NA,0,NA
"316",409,0,NA,0,NA,NA,NA,0,NA,NA,NA,0,NA
"317",410,NA,NA,0,NA,NA,NA,0,NA,NA,NA,0,NA
"318",411,NA,NA,0,NA,NA,NA,0,NA,NA,NA,0,NA
"319",412,NA,NA,0,NA,NA,NA,0,NA,NA,NA,0,NA
"320",413,NA,NA,0,NA,NA,NA,0,NA,NA,NA,0,NA
"321",414,NA,NA,0,NA,NA,NA,0,NA,NA,NA,0,NA
"322",415,NA,NA,0,NA,NA,NA,0,NA,NA,NA,0,NA
"323",416,NA,NA,0,NA,NA,NA,0,NA,NA,NA,0,NA
"324",417,NA,NA,0,NA,NA,NA,0,NA,NA,NA,0,NA
"325",418,NA,NA,0,NA,NA,NA,0,NA,NA,NA,0,NA
"326",419,NA,NA,0,NA,NA,NA,0,NA,NA,NA,0,NA
"327",420,NA,NA,0,NA,NA,NA,0,NA,NA,NA,0,NA
"328",421,NA,NA,0,NA,NA,NA,0,NA,NA,NA,0,NA
"329",422,NA,NA,0,NA,NA,NA,0,NA,NA,NA,0,NA
"330",423,NA,NA,0,NA,NA,NA,0,NA,NA,NA,0,NA
"331",424,NA,NA,0,NA,NA,NA,0,NA,NA,NA,0,NA
"332",425,NA,NA,0,NA,NA,NA,0,NA,NA,NA,0,NA
"333",426,NA,NA,0,NA,NA,NA,0,NA,NA,NA,0,NA
"334",427,NA,NA,0,NA,NA,NA,0,NA,NA,NA,0,NA
"335",428,NA,NA,0,NA,NA,NA,0,NA,NA,NA,0,NA
"336",429,NA,NA,0,NA,NA,NA,0,NA,NA,NA,0,NA
"337",430,NA,NA,0,NA,NA,NA,0,NA,NA,NA,0,NA
"338",431,NA,NA,0,NA,NA,NA,0,NA,NA,NA,0,NA
"339",432,NA,NA,0,NA,NA,NA,0,NA,NA,NA,0,NA
"340",433,NA,NA,0,NA,NA,NA,0,NA,NA,NA,0,NA
"341",434,NA,NA,0,NA,NA,NA,NA,NA,NA,NA,0,NA
"342",435,NA,NA,0,NA,NA,NA,NA,NA,NA,NA,0,NA
"343",436,NA,NA,0,NA,NA,NA,NA,NA,NA,NA,0,NA
"344",437,NA,NA,0,NA,NA,NA,NA,NA,NA,NA,0,NA
"345",438,NA,NA,0,NA,NA,NA,NA,NA,NA,NA,0,NA
"346",439,NA,NA,0,NA,NA,NA,NA,NA,NA,NA,0,NA
"347",440,NA,NA,0,NA,NA,NA,NA,NA,NA,NA,0,NA
"348",441,NA,NA,0,NA,NA,NA,NA,NA,NA,NA,0,NA
"349",442,NA,NA,0,NA,NA,NA,NA,NA,NA,NA,0,NA
"350",443,NA,NA,0,NA,NA,NA,NA,NA,NA,NA,0,NA
"351",444,NA,NA,0,NA,NA,NA,NA,NA,NA,NA,0,NA
"352",445,NA,NA,0,NA,NA,NA,NA,NA,NA,NA,0,NA
"353",446,NA,NA,0,NA,NA,NA,NA,NA,NA,NA,0,NA
"354",447,NA,NA,0,NA,NA,NA,NA,NA,NA,NA,0,NA
"355",448,NA,NA,0,NA,NA,NA,NA,NA,NA,NA,0,NA
"356",449,NA,NA,0,NA,NA,NA,NA,NA,NA,NA,0,NA
"357",450,NA,NA,0,NA,NA,NA,NA,NA,NA,NA,0,NA
"358",451,NA,NA,0,NA,NA,NA,NA,NA,NA,NA,0,NA
"359",452,NA,NA,0,NA,NA,NA,NA,NA,NA,NA,0,NA
"360",453,NA,NA,NA,NA,NA,NA,NA,NA,NA,NA,NA,NA
"361",454,NA,NA,NA,NA,NA,NA,NA,NA,NA,NA,NA,NA
"362",455,NA,NA,NA,NA,NA,NA,NA,NA,NA,NA,NA,NA
"363",456,NA,NA,NA,NA,NA,NA,NA,NA,NA,NA,NA,NA
"364",457,NA,NA,NA,NA,NA,NA,NA,NA,NA,NA,NA,NA
"365",458,NA,NA,NA,NA,NA,NA,NA,NA,NA,NA,NA,NA
"366",459,NA,NA,NA,NA,NA,NA,NA,NA,NA,NA,NA,NA
"367",460,NA,NA,NA,NA,NA,NA,NA,NA,NA,NA,NA,NA
"368",461,NA,NA,NA,NA,NA,NA,NA,NA,NA,NA,NA,NA
"369",462,NA,NA,NA,NA,NA,NA,NA,NA,NA,NA,NA,NA
"370",463,NA,NA,NA,NA,NA,NA,NA,NA,NA,NA,NA,NA
"371",464,NA,NA,NA,NA,NA,NA,NA,NA,NA,NA,NA,NA
"372",465,NA,NA,NA,NA,NA,NA,NA,NA,NA,NA,NA,NA
"373",466,NA,NA,NA,NA,NA,NA,NA,NA,NA,NA,NA,NA
"374",467,NA,0,NA,NA,NA,NA,NA,NA,NA,NA,0,NA
"375",468,NA,0,NA,NA,NA,NA,0,NA,NA,NA,0,NA
"376",469,NA,0,NA,NA,NA,NA,0,NA,NA,NA,0,NA
"377",470,NA,0,NA,NA,NA,NA,0,NA,NA,NA,0,NA
"378",471,NA,0,NA,NA,NA,NA,0,NA,NA,NA,0,NA
"379",472,NA,0,NA,NA,NA,NA,0,NA,NA,NA,0,NA
"380",473,NA,0,NA,NA,NA,NA,0,NA,NA,NA,0,NA
"381",474,NA,0,NA,NA,NA,NA,0,NA,NA,NA,0,NA
"382",475,NA,0,NA,NA,NA,NA,0,NA,NA,NA,0,NA
"383",476,NA,0,NA,NA,NA,NA,0,NA,NA,NA,0,NA
"384",477,NA,0,NA,NA,NA,NA,0,NA,NA,NA,0,NA
"385",478,NA,0,NA,NA,NA,NA,0,NA,NA,NA,0,NA
"386",479,NA,0,NA,NA,NA,NA,0,NA,NA,NA,0,NA
"387",480,NA,0,NA,NA,NA,NA,0,NA,NA,NA,0,NA
"388",481,NA,0,NA,NA,NA,NA,0,NA,NA,NA,0,NA
"389",482,NA,0,NA,NA,NA,NA,0,NA,NA,NA,0,NA
"390",483,NA,0,NA,NA,NA,NA,0,NA,NA,NA,0,NA
"391",484,NA,0,NA,NA,NA,NA,0,NA,NA,NA,0,NA
"392",485,NA,0,NA,NA,NA,NA,0,NA,NA,NA,0,NA
"393",486,NA,0,NA,NA,NA,NA,0,NA,NA,NA,0,NA
"394",487,NA,0,NA,NA,NA,NA,0,NA,NA,NA,0,NA
"395",488,NA,0,NA,NA,NA,NA,0,NA,NA,NA,0,NA
"396",489,NA,0,NA,NA,NA,NA,0,NA,NA,NA,0,NA
"397",490,NA,0,NA,NA,NA,NA,0,NA,NA,NA,0,NA
"398",491,NA,0,NA,NA,NA,NA,0,NA,NA,NA,0,NA
"399",492,NA,0,NA,NA,NA,NA,0,NA,NA,NA,0,NA
"400",493,NA,0,NA,NA,NA,NA,0,NA,NA,NA,0,NA
"401",494,NA,0,NA,NA,NA,NA,0,NA,NA,NA,0,NA
"402",495,NA,0,NA,NA,NA,NA,0,NA,NA,NA,0,NA
"403",496,NA,0,NA,NA,NA,NA,0,NA,NA,NA,0,NA
"404",497,NA,0,NA,NA,NA,NA,0,NA,NA,NA,0,NA
"405",498,NA,0,0,NA,NA,NA,0,NA,NA,NA,0,NA
"406",499,NA,0,0,NA,NA,NA,0,NA,NA,NA,0,NA
"407",500,NA,0,0,NA,NA,NA,0,NA,NA,NA,0,NA
"408",501,NA,0,0,NA,NA,NA,0,NA,NA,NA,0,NA
"409",502,NA,0,0,NA,NA,NA,0,NA,NA,NA,0,NA
"410",503,NA,0,0,NA,NA,NA,0,NA,NA,NA,0,NA
"411",504,NA,0,0,NA,NA,NA,0,NA,NA,NA,0,NA
"412",505,NA,0,0,NA,NA,NA,0,NA,NA,NA,0,NA
"413",506,NA,0,0,NA,NA,NA,0,NA,NA,NA,0,NA
"414",507,NA,0,0,NA,NA,NA,0,NA,NA,NA,0,NA
"415",508,NA,0,0,NA,NA,NA,0,NA,NA,NA,0,NA
"416",509,NA,0,0,NA,NA,NA,0,NA,0,NA,0,NA
"417",510,NA,0,0,NA,NA,NA,0,NA,0,NA,0,NA
"418",511,NA,0,0,NA,NA,NA,0,NA,0,NA,0,NA
"419",512,NA,0,0,NA,NA,NA,0,NA,0,NA,0,NA
"420",513,NA,0,0,NA,NA,NA,0,NA,0,NA,0,NA
"421",514,NA,0,0,NA,NA,NA,0,NA,0,NA,0,NA
"422",515,NA,0,0,NA,NA,NA,0,NA,0,NA,0,NA
"423",516,NA,0,0,NA,NA,NA,0,NA,0,NA,0,NA
"424",517,NA,0,0,NA,NA,NA,0,NA,0,NA,0,NA
"425",518,NA,0,0,NA,NA,NA,0,NA,0,NA,0,NA
"426",519,NA,0,0,NA,NA,NA,0,NA,0,NA,0,NA
"427",520,NA,0,0,NA,NA,NA,0,NA,0,NA,0,NA
"428",521,NA,0,0,NA,NA,NA,0,NA,0,NA,0,NA
"429",522,NA,0,0,NA,NA,NA,0,NA,0,NA,0,NA
"430",523,NA,0,0,NA,NA,NA,0,NA,0,NA,0,NA
"431",524,NA,0,0,NA,NA,NA,0,NA,0,NA,0,NA
"432",525,NA,0,0,NA,NA,NA,0,NA,0,NA,0,NA
"433",526,NA,0,0,NA,NA,NA,0,NA,0,NA,0,NA
"434",527,0,0,0,NA,0,NA,0,NA,0,NA,0,NA
"435",528,0,0,0,0,0,NA,0,0,0.000380662352493338,NA,4.75827940616673e-05,NA
"436",529,0,0,0,0,0,NA,0,0,0,NA,0,NA
"437",530,0,0,0,0,0,NA,0,0,0,NA,0,NA
"438",531,0,0,0,0,0,NA,0,0,0,NA,0,NA
"439",532,0,0,0,0,0,NA,0,0,0,NA,0,NA
"440",533,0,0.000318979266347687,0,0,0,NA,0,0,0,0,3.54421407052986e-05,NA
"441",534,0,0,0,0,0,NA,0,0,0,0,0,NA
"442",535,0,0,0,0,0,NA,0,0,0,0,0,NA
"443",536,0,0,0,0,0,NA,0,0,0,0,0,NA
"444",537,0,0,0,0,0,NA,0,0,0,0,0,NA
"445",538,0,0,0,0,0,NA,0,0,0,0,0,NA
"446",539,0,0,0,0,0,NA,0,0,0,0,0,NA
"447",540,0,0,0,0,0,NA,0,0,0,0,0,NA
"448",541,0,0,0,0,0,NA,0,0,0,0,0,NA
"449",542,0,0,0,0,0,NA,0,0,0,0,0,NA
"450",543,0,0,0,0,0,NA,0,0,0,0,0,NA
"451",544,0,0,0,0,0,NA,0,0,0,0,0,NA
"452",545,0,0,0,0,0,NA,0,0,0,0,0,NA
"453",546,0,0,0,0,0,0,0,0,0,0,0,0
"454",547,0,0,0,0,0,0,0,0,0,0,0,0
"455",548,0,0,0,0,0,0,0,0,0,0,0,0
"456",549,0,0,0,0,0,0,0,0,0,0,0,0
"457",550,0,0,0,0,0,0,0,0,0,0,0,0
"458",551,0,0,0,0,0,0,0,0,0,0,0,0
"459",552,0,0,0,0,0,0,0,0,0,0,0,0
"460",553,0,0,0,0,0,0,0,0,0,0,0,0
"461",554,0,0,0,0,0,0,0,0,0,0,0,0
"462",555,0,0,0,0,0,0,0,0,0,0,0,0
"463",556,0,0,0,0,0,0,0,0,0,0,0,0
"464",557,0,0,0,0,0,0,0,0,0,0,0,0
"465",558,0,0,0,0,0,0,0,0,0,0,0,0
"466",559,0,0,0,0,0,0,0,0,0,0,0,0
"467",560,0,0,0,0,0,0,0,0,0,0,0,0
"468",561,0,0,0,0,0,0,0,0,0,0,0,0
"469",562,0,0,0,0,0,0,0,0,0,0,0,0
"470",563,0,0,0,0,0,0,0,0,0,0,0,0
"471",564,0,0,0,0,0,0,0,0,0,0,0,0
"472",565,0,0,0,0,0,0,0,0,0,0,0,0
"473",566,0,0,0,0,0,0,0,0,0,0,0,0
"474",567,0,0,0,0,0,0,0,0,0,0,0,0
"475",568,0,0,0,0,0,0,0,0,0,0,0,0
"476",569,0,0,0,0,0,0,0,0,0,0,0,0
"477",570,0,0,0,0,0,0,0,0,0,0,0,0
"478",571,0,0,0,0,0,0,0,0,0,0,0,0
"479",572,0,0,0,0,0,0,0,0,0,0,0,0
"480",573,0,0,0,0,0,0,0,0,0,0,0,0
"481",574,0,0,0,0,0,0,0,0,0,0,0,0
"482",575,0,0,0,0,0,0,0,0,0,0,0,0
"483",576,0,0,0,0,0,0,0,0,0,0,0,0
"484",577,0,0,0,0,0,0,0,0,0,0,0,0
"485",578,0,0,0,0,0,0,0,0,0,0,0,0
"486",579,0,0,0,0,0,0,0,0,0,0,0,0
"487",580,0,0,0,0,0,0,0,0,0,0,0,0
"488",581,0,0,0,0,0,0,0,0,0,0,0,0
"489",582,0,0,0,0,0,0,0,0,0,0,0,0
"490",583,0,0,0,0,0,0,0,0,0,0,0,0
"491",584,0,0,0,0,0,0,0,0,0,0,0,0
"492",585,0,0,0,0,0,0,0,0,0,0,0,0
"493",586,0,0,0,0,0,0,0,0,0,0,0,0
"494",587,0,0,0,0,0,0,0,0,0,0,0,0
"495",588,0,0,0,0,0,0,0,0,0,0,0,0
"496",589,0,0,0,0,0,0,0,0,0,0,0,0
"497",590,0,0,0,0,0,0,0,0,0,0,0,0
"498",591,0,0,0,0,0,0,0,0,0,0,0,0
"499",592,0,9.78703413717507e-06,0,0,0,0,0,0,0,0,9.78703413717507e-07,1
"500",593,0,0,0,0,0,0,0,0,0,0,0,0
"501",594,0,0,0,0,0,0,0,0,0,0,0,0
"502",595,0,0,0,0,0,0,0,0,0,0,0,0
"503",596,0,0,0,0,0,0,0,0,0,0,0,0
"504",597,0,0,0,0,0,0,0,0,0,0,0,0
"505",598,0,0,0,0,0,0,0,0,0,0,0,0
"506",599,0,0,0,0,0,0,0,0,0,0,0,0
"507",600,1.28461227190103e-05,2.74273176083379e-05,7.56867627636265e-06,0,0,2.50969369188491e-05,2.60443796228774e-05,0,0,0.00013250298131708,2.31486414462517e-05,6
"508",601,0,0,0,0,0,0,0,0,0,0,0,0
"509",602,0,0,0,0,0,0,0,0,0,0,0,0
"510",603,0,0,0,0,0,0,0,0,0,0,0,0
"511",604,0,0,0,0,0,0,0,0,0,0,0,0
"512",605,0,0,0,0,0,0,0,0,0,0,0,0
"513",606,0,0,0,0,0,0,0,0,0,0,0,0
"514",607,0,0,0,0,0,0,0,0,0,0,0,0
"515",608,0,0,0,0,0,0,0,0,0,0,0,0
"516",609,0,0,0,0,0,0,0,0,0,0,0,0
"517",610,0,0,0,0,0,0,0,0,0,0,0,0
"518",611,0,0,0,0,0,0,0,0,0,0,0,0
"519",612,5.79374275782155e-06,0,6.59458782177467e-06,0,0,0,0,0,1.88900222902263e-05,0,3.12783528698225e-06,3
"520",613,0,0,0,0,0,0,0,0,0,0,0,0
"521",614,0,0,0,0,0,0,0,0,0,0,0,0
"522",615,0,0,0,0,0,0,0,0,0,0,0,0
"523",616,0.000265175664772823,0,0,0,0,0,0,0,0,0,2.65175664772823e-05,1
"524",617,0,0,0,0,0,0,0,0,0,0,0,0
"525",618,0,0,0,0,0,0,0,0,0,0,0,0
"526",619,0,0,0,0,0,0,0,0,0,0,0,0
"527",620,0,0,0,0,0,0,0,0,0,0,0,0
"528",621,0,0,0,0,0,0,0,0,0,0,0,0
"529",622,0,0,0,0,0,0,0,0,0,0,0,0
"530",623,0,0,0,0,0,0,0,0,0,0,0,0
"531",624,0,0,0,0,0,0,0,0,0,0,0,0
"532",625,0,0,0,0,0,0,0,0,0,0,0,0
"533",626,0,0,0,0,0,0,0,0,0,0,0,0
"534",627,0,0,0,0,0,0,0,0,0,0,0,0
"535",628,0,0,0,0,0,0,0,0,0,0,0,0
"536",629,0,0,0,0,0,0,0,0,0,0,0,0
"537",630,0,0,0,0,0,0,0,0,0,0,0,0
"538",631,0,0,0,0,0,0,0,0,0,0,0,0
"539",632,0,0,0,0,0,0,0,0,0,0,0,0
"540",633,0,0,2.90353301897749e-06,0,0,0,0,0,0,0,2.90353301897749e-07,1
"541",634,0,0,0,0,0,0,0,0,0,0,0,0
"542",635,0,0,0,0,0,0,0,0,0,0,0,0
"543",636,0,0,0,0,0,0,0,0,0,0,0,0
"544",637,0,0,0,0,0,0,0,0,0,0,0,0
"545",638,0,0,0,0,0,0,0,0,0,0,0,0
"546",639,0,0,0,0,0,0,0,0,0,0,0,0
"547",640,0,0,0,0,0,0,0,0,0,0,0,0
"548",641,0,0,0,0,0,0,0,0,0,0,0,0
"549",642,0,7.30518887565838e-06,0,0,0,0,0,0,0,0,7.30518887565838e-07,1
"550",643,0,0,0,0,0,0,0,0,0,0,0,0
"551",644,0,0,0,0,0,0,0,0,0,0,0,0
"552",645,0,0,0,0,0,0,0,0,0,0,0,0
"553",646,0,0,0,0,0,0,0,0,0,0,0,0
"554",647,0,0,0,0,0,0,0,0,0,0,0,0
"555",648,0,0,0,0,0,0,0,0,0,0,0,0
"556",649,0,0,0,0,0,0,0,0,0,0,0,0
"557",650,0,0,0,0,0,0,0,0,0,0,0,0
"558",651,0,0,0,0,0,0,0,0,0,0,0,0
"559",652,0,0,2.66239972737027e-06,0,0,1.29615947946235e-05,0,0,0,0,1.56239945219938e-06,2
"560",653,0,0,0,0,0,0,0,0,0,0,0,0
"561",654,0,0,0,0,0,0,0,0,0,0,0,0
"562",655,0,0,0,0,0,0,0,0,0,0,0,0
"563",656,0,0,0,0,0,0,0,0,0,0,0,0
"564",657,0,0,0,0,0,0,0,0,0,0,0,0
"565",658,0,0,0,0,0,0,0,0,0,0,0,0
"566",659,0,0,0,0,0,0,0,0,0,0,0,0
"567",660,0,0,0,0,0,0,0,0,0,0,0,0
"568",661,0,0,0,0,0,0,0,0,0,0,0,0
"569",662,0,0,0,0,0,0,0,0,0,0,0,0
"570",663,0,0,0,0,0,0,0,0,0,0,0,0
"571",664,0,0,0,0,0,0,0,0,0,0,0,0
"572",665,0,0,0,0,0,0,0,0,0,0,0,0
"573",666,0,0,0,0,0,0,0,0,0,0,0,0
"574",667,0,0,0,0,0,0,0,0,0,0,0,0
"575",668,0,0,0,0,0,0,0,0,0,0,0,0
"576",669,0,0,0,0,0,0,0,0,0,0,0,0
"577",670,0,0,0,0,0,0,0,0,0,0,0,0
"578",671,0,0,0,0,0,0,0,0,0,0,0,0
"579",672,0,0,0,0,0,0,0,0,0,0,0,0
"580",673,0,0,0,0,0,0,0,0,0,0,0,0
"581",674,0,0,0,0,0,0,0,0,0,0,0,0
"582",675,0,0,0,0,0,0,0,0,0,0,0,0
"583",676,0,0,0,0,0,0,0,0,0,0,0,0
"584",677,4.77035510523403e-06,0,0,9.73852071870283e-06,0,0,0,0,0,0,1.45088758239369e-06,2
"585",678,0,0,0,0,0,0,0,0,0,0,0,0
"586",679,0,0,0,0,8.46833266998061e-06,0,0,0,0,0,8.46833266998061e-07,1
"587",680,4.75755499733577e-06,6.7754349829259e-06,4.96288999009903e-06,0,8.46224147852283e-06,0,6.69595028926505e-06,0,0,0,3.16540717381486e-06,5
"588",681,0,0,0,0,0,0,0,0,0,0,0,0
"589",682,0,0,0,0,0,0,0,0,0,0,0,0
"590",683,0,0,0,0,0,0,0,0,0,0,0,0
"591",684,0,0,0,0,0,0,0,0,0,0,0,0
"592",685,1.42197616767943e-05,6.75228564869208e-06,7.40857814568228e-06,9.66753352217249e-06,0,1.108837993225e-05,2.65791327228993e-05,0,0,0,7.57156716484904e-06,6
"593",686,0,0,0,0,0,0,0,0,0,0,0,0
"594",687,0,0,0,0,0,0,0,0,0,0,0,0
"595",688,0,0,0,0,0,0,0,0,0,0,0,0
"596",689,0,0,0,0,0,0,0,0,0,0,0,0
"597",690,0,0,0,0,0,0,0,0,0,0,0,0
"598",691,0,0,0,0,0,0,0,0,0,0,0,0
"599",692,0,0,0,0,0,0,0,0,0,0,0,0
"600",693,0,0,0,0,0,0,0,0,0,0,0,0
"601",694,0,0,0,0,0,0,0,0,0,0,0,0
"602",695,0,0,0,0,0,0,0,0,0,0,0,0
"603",696,0,0,2.44225889409633e-06,0,0,5.45905165354675e-06,0,5.65578869973418e-05,0,0,6.44591975449849e-06,3
"604",697,0,0,0,0,0,0,0,0,0,0,0,0
"605",698,0,0,0,0,0,0,0,0,0,0,0,0
"606",699,0,0,0,0,0,0,0,0,0,0,0,0
"607",700,0,0,0,0,0,0,0,0,0,0,0,0
"608",701,0,0,0,0,0,0,0,0,0,0,0,0
"609",702,0,0,0,0,0,0,0,0,0,0,0,0
"610",703,0,0,0,0,0,0,0,0,0,0,0,0
"611",704,0,0,0,1.89753320683112e-05,1.66296656605719e-05,0,0,0,0,0,3.56049977288831e-06,2
"612",705,0,0,0,0,0,0,0,0,0,0,0,0
"613",706,0,0,0,0,0,0,0,0,0,0,0,0
"614",707,0,0,0,0,0,0,0,0,0,0,0,0
"615",708,0,0,0,0,0,0,0,0,0,0,0,0
"616",709,0,0,0,0,0,5.38485563202051e-06,0,0,0,0,5.38485563202051e-07,1
"617",710,0,0,0,0,0,0,0,0,0,0,0,0
"618",711,0,0,0,0,0,0,0,0,0,0,0,0
"619",712,0,0,0,0,0,0,0,0,0,0,0,0
"620",713,0,0,0,0,0,0,0,0,0,0,0,0
"621",714,0,0,0,0,0,0,0,0,0,0,0,0
"622",715,0,0,0,0,0,0,0,0,0,0,0,0
"623",716,0,0,0,0,0,0,0,0,0,0,0,0
"624",717,0,0,0,0,0,0,0,0,0,0,0,0
"625",718,0,0,0,0,0,0,0,0,0,0,0,0
"626",719,0,0,0,0,0,0,0,0,0,0,0,0
"627",720,0,0,0,0,0,0,0,0,0,0,0,0
"628",721,0,0,0,0,0,0,0,0,0,0,0,0
"629",722,0,0,0,0,0,0,0,0,0,0,0,0
"630",723,0,0,0,0,0,0,0,0,0,0,0,0
"631",724,0,0,0,0,0,0,0,0,0,0,0,0
"632",725,0,0,0,0,0,0,0,0,0,0,0,0
"633",726,0,0,0,0,0,0,0,0,0,0,0,0
"634",727,0,0,0,0,0,0,0,0,0,0,0,0
"635",728,0,0,0,0,0,0,0,0,0,0,0,0
"636",729,0,0,0,0,0,0,0,0,0,0,0,0
"637",730,0,0,0,0,0,0,0,0,0,0,0,0
"638",731,0,0,0,0,0,0,0,0,0,0,0,0
"639",732,0,0,0,0,0,0,0,0,0,0,0,0
"640",733,0,0,0,0,0,0,0,0,0,0,0,0
"641",734,0,0,0,0,0,0,0,0,0,0,0,0
"642",735,0,0,0,0,0,0,0,0,0,0,0,0
"643",736,0,0,0,0,0,0,0,0,0,0,0,0
"644",737,0,0,0,0,0,0,0,0,0,0,0,0
"645",738,0,6.56465197497555e-06,0,0,0,0,0,0,0,0,6.56465197497555e-07,1
"646",739,0,0,0,0,0,0,0,0,0,0,0,0
"647",740,0,0,0,0,0,0,0,0,0,0,0,0
"648",741,0,0,0,0,0,0,0,0,0,0,0,0
"649",742,0,0,0,0,0,0,0,0,0,0,0,0
"650",743,0,0,0,0,0,0,0,0,0,0,0,0
"651",744,0,0,0,0,0,0,0,0,0,0,0,0
"652",745,0,0,0,0,0,0,0,0,0,0,0,0
"653",746,0,0,3.07550361371675e-05,7.46192088498382e-05,8.22253467854001e-06,5.3324232664292e-06,2.57736940791381e-05,0,2.08694200388171e-05,4.6178711613946e-05,2.11751028663876e-05,7
"654",747,0,0,0,0,0,0,0,0,0,0,0,0
"655",748,0,0,0,0,0,0,0,0,0,0,0,0
"656",749,0,0,0,0,0,0,0,0,0,0,0,0
"657",750,0,0,0,0,0,0,0,0,0,0,0,0
"658",751,0,0,0,0,0,0,0,0,0,0,0,0
"659",752,0,6.56978424828529e-06,0,0,0,0,0,0,0,0,6.56978424828529e-07,1
"660",753,0,0,0,0,0,0,0,0,0,0,0,0
"661",754,0,0,0,0,0,0,0,0,0,0,0,0
"662",755,0,0,0,0,0,0,0,0,0,0,0,0
"663",756,0,0,2.36607428053596e-06,0,0,0,0,0,0,0,2.36607428053596e-07,1
"664",757,0,0,0,0,0,0,0,0,0,0,0,0
"665",758,0,0,0,0,1.64415543845515e-05,0,0,0,0,0,1.64415543845515e-06,1
"666",759,0,0,0,0,0,0,0,0,1.0395874916833e-05,0,1.0395874916833e-06,1
"667",760,0,0,0,0,0,0,0,0,0,0,0,0
"668",761,0,0,0,0,0,0,0,0,0,0,0,0
"669",762,0,0,0,0,0,0,0,0,0,0,0,0
"670",763,0,0,0,0,0,0,0,0,0,0,0,0
"671",764,0,0,0,0,0,0,0,0,0,0,0,0
"672",765,0,0,0,0,0,0,0,0,0,0,0,0
"673",766,0,0,0,0,0,0,0,0,0,0,0,0
"674",767,0,0,7.13005699292223e-06,0,0,0,0,0,0,0,7.13005699292223e-07,1
"675",768,9.25193481086732e-06,0,0.000522130005624764,9.36996364454106e-06,0,0,1.30264306277437e-05,0,0,0,5.53778334707916e-05,4
"676",769,0,0,0,0,0,0,0,0,0,0,0,0
"677",770,0,0,0,0,0,0,0,0,0,0,0,0
"678",771,0,0,0,0,0,0,0,0,0,0,0,0
"679",772,0,0,0,0,0,0,0,0,0,0,0,0
"680",773,0,0,0,0,0,0,0,0,0,0,0,0
"681",774,0,0,0,0,0,0,0,0,0,0,0,0
"682",775,0,0,0,0,0,0,0,0,0,0,0,0
"683",776,0,0,0,0,0,0,0,0,0,0,0,0
"684",777,0,0,0,0,0,0,0,0,0,0,0,0
"685",778,0,0,0,0,0,0,0,0,0,0,0,0
"686",779,0,0,0,0,0,1.08837022001404e-05,0,0,1.05081753604304e-05,0,2.13918775605708e-06,2
"687",780,0,0,0,0,0,0,0,0,0,0,0,0
"688",781,0,0,0,9.3984079097001e-06,0,0,0,0,0,0,9.3984079097001e-07,1
"689",782,0,0,0,0,0,0,0,0,0,0,0,0
"690",783,0,0,0,0,0,0,0,0,0,0,0,0
"691",784,0,0,0,0,0,0,0,0,0,0,0,0
"692",785,0,0,0,0,8.26924667162822e-06,0,0,0,0,0,8.26924667162822e-07,1
"693",786,0,0,0,0,0,0,0,0,0,0,0,0
"694",787,0,0,0,0,0,0,0,0,0,0,0,0
"695",788,0,0,0,0,0,0,0,0,0,0,0,0
"696",789,0,0,0,0,0,0,0,0,0,0,0,0
"697",790,0,0,0,0,0,0,0,0,0,0,0,0
"698",791,0,0,0,0,0,0,0,0,0,0,0,0
"699",792,0,0,0,0,0,0,0,0,0,0,0,0
"700",793,0,0,0,0,0,0,0,0,0,0,0,0
"701",794,0,0,0,0,0,0,0,0,0,0,0,0
"702",795,0,0,0,0,0,0,0,0,0,0,0,0
"703",796,0,0,0,0,0,0,0,0,0,0,0,0
"704",797,4.64768243315471e-06,0,0,0,0,0,0,0,0,0,4.64768243315471e-07,1
"705",798,0,0.000126005557508273,0,0,8.16880008495552e-06,0,6.69859664400308e-06,0,0,0,1.40872954237232e-05,3
"706",799,0,0,0,0,0.000261531923240381,0,0,0,4.22087857587557e-05,0,3.03740708999136e-05,2
"707",800,0,1.3293806415591e-05,0,0,2.45629835837393e-05,1.6920855518455e-05,0.000154881111911704,0,0.00387989203778677,0,0.000408955079521626,5
"708",801,0,0,0,0,0,0,0,0,0,0,0,0
"709",802,0.000158917120047862,0,0,0,8.20001476002657e-06,5.66723150073957e-06,0,0,0,0,1.72784366308628e-05,3
"710",803,0,0,0,0,0,0,0,0,0,0,0,0
"711",804,0,0,0,2.89357433592469e-05,0,0,0,0,1.06794250197569e-05,0,3.96151683790038e-06,2
"712",805,0,6.76750245321964e-06,2.44584890523803e-06,0.000319096473500488,0,0,6.81760851928361e-06,0,0,0,3.3512743337823e-05,4
"713",806,0,0,0,0,0,5.72983813207277e-06,0,0,1.07045751354129e-05,0,1.64344132674856e-06,2
"714",807,0,0,0,0,0.000282134262716787,0,0,0,0.000160740693113869,0,4.42874955830656e-05,2
"715",808,4.74511608926512e-06,0,0,0,0,1.14951777729243e-05,0,0,0.00151068730915519,0,0.000152692760301738,3
"716",809,4.74993943827216e-06,0,4.93119746733698e-06,0,0,0,0,0,0,0,9.68113690560914e-07,2
"717",810,0,0,0,0,0,0,0,0,0,0,0,0
"718",811,0.000171733603018695,0,0,0,0,0,6.89013676921487e-06,0,0,0,1.7862373978791e-05,2
"719",812,0,0.000137153515930381,0,0,0,0,1.38395853660224e-05,0,0,0,1.50993101296403e-05,2
"720",813,0,0,2.48695591621943e-06,0,0,0,0,0,0,0,2.48695591621943e-07,1
"721",814,0,0,0,9.84048572637545e-06,0.000192610457910428,1.16669777860743e-05,6.93356260313674e-06,0,0,0,2.21051484026014e-05,4
"722",815,0,0,0,0,0,0,6.95705410500977e-06,0,0,0,6.95705410500977e-07,1
"723",816,0,0,0,0,0,0,0,0,0,0,0,0
"724",817,0,0,0,0,0,0,0,0,0,0,0,0
"725",818,0,0,0,0,6.7435999022178e-05,0,0,0,0,0,6.7435999022178e-06,1
"726",819,0,0,0,0,0,0,0,0,0,0,0,0
"727",820,0,0,2.55208160536141e-06,0,8.46503517222114e-06,0,0,0,0,0,1.10171167775826e-06,2
"728",821,0,0,0,0,0,0,0,0,0,0,0,0
"729",822,0,0,0,0,0,0,0,0,0,0,0,0
"730",823,0,0,0,0,0,0,0,0,0,0,0,0
"731",824,0,0,0,0,0,0,0,0,0,0,0,0
"732",825,0,0,0,0,0,0,0,0,0,0,0,0
"733",826,0,NA,NA,NA,0,NA,NA,NA,NA,NA,0,NA
"734",827,NA,NA,NA,NA,0,NA,NA,NA,NA,NA,0,NA
"735",828,NA,NA,NA,NA,NA,NA,NA,NA,NA,NA,NA,NA
"736",829,NA,NA,NA,NA,NA,NA,NA,NA,NA,NA,NA,NA
"737",830,NA,NA,NA,NA,NA,NA,NA,NA,NA,NA,NA,NA
"738",831,NA,NA,NA,NA,NA,NA,NA,NA,NA,NA,NA,NA
"739",832,NA,NA,NA,NA,NA,NA,NA,NA,NA,NA,NA,NA
"740",833,NA,NA,NA,NA,NA,NA,NA,NA,NA,NA,NA,NA
"741",834,NA,NA,NA,NA,NA,NA,NA,NA,NA,NA,NA,NA
