"","AA239pos","ref251.pos","freq","Type"
"95",32,95,0.0103972275,"nonsyn"
"96",32,96,0,"nonsyn"
"97",33,97,0.0055955235,"nonsyn"
"98",33,98,0.0165819738,"nonsyn"
"99",33,99,0,"nonsyn"
"100",34,100,0.0042249801,"nonsyn"
"101",34,101,0.005597015,"nonsyn"
"102",34,102,0,"nonsyn"
"103",35,103,0.0083783784,"nonsyn"
"104",35,104,0.0018883194,"nonsyn"
"105",35,105,0.0043219881,"nonsyn"
"106",36,106,0.0089285715,"nonsyn"
"107",36,107,0.0113636363,"nonsyn"
"108",36,108,0.0029761905,"nonsyn"
"109",37,109,0.0088324593,"nonsyn"
"110",37,110,0.0088154269,"nonsyn"
"111",37,111,0.0052312775,"nonsyn"
"112",38,112,0.0088864204,"nonsyn"
"113",38,113,0.0118948825,"nonsyn"
"114",38,114,0,"nonsyn"
"115",39,115,0.0303610503,"nonsyn"
"116",39,116,0.0067953248,"nonsyn"
"117",39,117,0,"nonsyn"
"118",40,118,0.0065789473,"nonsyn"
"119",40,119,0.0073972602,"nonsyn"
"120",40,120,0.0021893815,"nonsyn"
"121",41,121,0.0089213301,"nonsyn"
"122",41,122,0.0059750136,"nonsyn"
"123",41,123,0,"nonsyn"
"124",42,124,0.0066537288,"nonsyn"
"125",42,125,0.0160575858,"nonsyn"
"126",42,126,0,"nonsyn"
"127",43,127,0.0111594991,"nonsyn"
"128",43,128,0.0133333333,"nonsyn"
"129",43,129,0.0038147138,"nonsyn"
"130",44,130,0.0099474994,"nonsyn"
"131",44,131,0.0106966539,"nonsyn"
"132",44,132,0.0137741047,"nonsyn"
"133",45,133,0.0068984548,"nonsyn"
"134",45,134,0.0091336839,"nonsyn"
"135",45,135,0,"nonsyn"
"136",46,136,0.0158686731,"nonsyn"
"137",46,137,0.007921333,"nonsyn"
"138",46,138,0,"nonsyn"
"139",47,139,0.0080884335,"nonsyn"
"140",47,140,0.0176295091,"nonsyn"
"141",47,141,0.0037383178,"nonsyn"
"142",48,142,0.0144578314,"nonsyn"
"143",48,143,0.016826923,"nonsyn"
"144",48,144,0.0077271517,"nonsyn"
"145",49,145,0.0140616549,"nonsyn"
"146",49,146,0.0103778606,"nonsyn"
"147",49,147,0.0034666666,"nonsyn"
"148",50,148,0.0114789109,"nonsyn"
"149",50,149,0.0160513644,"nonsyn"
"150",50,150,0.0129905277,"nonsyn"
"151",51,151,0.0277329026,"nonsyn"
"152",51,152,0.0047758026,"nonsyn"
"153",51,153,0,"nonsyn"
"154",52,154,0.0101306318,"nonsyn"
"155",52,155,0.0045442395,"nonsyn"
"156",52,156,0.003440974,"nonsyn"
"157",53,157,0.0018513621,"nonsyn"
"158",53,158,0.005564388,"nonsyn"
"159",53,159,0,"nonsyn"
"160",54,160,0.0110215054,"nonsyn"
"161",54,161,0.0079554495,"nonsyn"
"162",54,162,0,"nonsyn"
"163",55,163,0.0104766894,"nonsyn"
"164",55,164,0.0062959077,"nonsyn"
"165",55,165,0,"nonsyn"
"166",56,166,0.0039515279,"nonsyn"
"167",56,167,0.0103889185,"nonsyn"
"168",56,168,0.0068134172,"nonsyn"
"169",57,169,0.0170827859,"nonsyn"
"170",57,170,0.0073317623,"nonsyn"
"171",57,171,0.001833901,"nonsyn"
"172",58,172,0.0055292259,"nonsyn"
"173",58,173,0.007364545,"nonsyn"
"174",58,174,0,"nonsyn"
"175",59,175,0.007003891,"nonsyn"
"176",59,176,0.0087741936,"nonsyn"
"177",59,177,0,"nonsyn"
"178",60,178,0.0079182631,"nonsyn"
"179",60,179,0.0163636364,"nonsyn"
"180",60,180,0.0055569588,"nonsyn"
"181",61,181,0.0109359105,"nonsyn"
"182",61,182,0.0142821348,"nonsyn"
"183",61,183,0.0095214232,"nonsyn"
"184",62,184,0.0090474994,"nonsyn"
"185",62,185,0.0838725734,"nonsyn"
"186",62,186,0,"nonsyn"
"187",63,187,0.0115432873,"nonsyn"
"188",63,188,0.010782347,"nonsyn"
"189",63,189,0.008080808,"nonsyn"
"190",64,190,0.0068772287,"nonsyn"
"191",64,191,0.0110552764,"nonsyn"
"192",64,192,0,"nonsyn"
"193",65,193,0.0083990837,"nonsyn"
"194",65,194,0.0012735609,"nonsyn"
"195",65,195,0,"nonsyn"
"196",66,196,0.0040363269,"nonsyn"
"197",66,197,0.0045743329,"nonsyn"
"198",66,198,0.0096251266,"nonsyn"
"199",67,199,0.0117737395,"nonsyn"
"200",67,200,0.0096178841,"nonsyn"
"201",67,201,0.0028089887,"nonsyn"
"202",68,202,0.0104087332,"nonsyn"
"203",68,203,0.0080604533,"nonsyn"
"204",68,204,0,"nonsyn"
"205",69,205,0.2291350531,"nonsyn"
"206",69,206,0.0081466395,"nonsyn"
"207",69,207,0,"nonsyn"
"208",70,208,0.0086978767,"nonsyn"
"209",70,209,0.0091347374,"nonsyn"
"210",70,210,0.0094488189,"nonsyn"
"211",71,211,0.0092299578,"nonsyn"
"212",71,212,0.0139822532,"nonsyn"
"213",71,213,0,"nonsyn"
"214",72,214,0.0173867229,"nonsyn"
"215",72,215,0.007888509,"nonsyn"
"216",72,216,0,"nonsyn"
"217",73,217,0.0060846561,"nonsyn"
"218",73,218,0.0082710779,"nonsyn"
"219",73,219,0.004235045,"nonsyn"
"220",74,220,0.0120514194,"nonsyn"
"221",74,221,0.0058262712,"nonsyn"
"222",74,222,0.0031965903,"nonsyn"
"223",75,223,0.010422234,"nonsyn"
"224",75,224,0.0072483222,"nonsyn"
"225",75,225,0.0032292788,"nonsyn"
"226",76,226,0.0072815535,"nonsyn"
"227",76,227,0.0147809729,"nonsyn"
"228",76,228,0.0126718792,"nonsyn"
"229",77,229,0.0088329764,"nonsyn"
"230",77,230,0.0061977903,"nonsyn"
"231",77,231,0,"nonsyn"
"232",78,232,0.0038199182,"nonsyn"
"233",78,233,0.0037674919,"nonsyn"
"234",78,234,0.0010618529,"nonsyn"
"235",79,235,0.045937334,"nonsyn"
"236",79,236,0.0240384615,"nonsyn"
"237",79,237,0.0500927643,"nonsyn"
"238",80,238,0.010458568,"nonsyn"
"239",80,239,0.0082777037,"nonsyn"
"240",80,240,0.0031855588,"nonsyn"
"241",81,241,0.0170439414,"nonsyn"
"242",81,242,0.0055836215,"nonsyn"
"243",81,243,0,"nonsyn"
"244",82,244,0.0056634304,"nonsyn"
"245",82,245,0.0128376571,"nonsyn"
"246",82,246,0,"nonsyn"
"247",83,247,0.0190246516,"nonsyn"
"248",83,248,0.0077333333,"nonsyn"
"249",83,249,0,"nonsyn"
"250",84,250,0.0084544254,"nonsyn"
"251",84,251,0.0073956682,"nonsyn"
"252",84,252,0.0057697351,"nonsyn"
"253",85,253,0.0128676471,"nonsyn"
"254",85,254,0.0154977673,"nonsyn"
"255",85,255,0.000516129,"nonsyn"
"256",86,256,0.0090090089,"nonsyn"
"257",86,257,0.0051321529,"nonsyn"
"258",86,258,0,"nonsyn"
"259",87,259,0.0091463415,"nonsyn"
"260",87,260,0.0050697084,"nonsyn"
"261",87,261,0.0032978184,"nonsyn"
"262",88,262,0.0067958722,"nonsyn"
"263",88,263,0.0170874777,"nonsyn"
"264",88,264,0.0030667007,"nonsyn"
"265",89,265,0.0061428205,"nonsyn"
"266",89,266,0.0096741344,"nonsyn"
"267",89,267,0.0071047958,"nonsyn"
"268",90,268,0.0124650217,"nonsyn"
"269",90,269,0.0194472877,"nonsyn"
"270",90,270,0,"nonsyn"
"271",91,271,0.0113372843,"nonsyn"
"272",91,272,0.0028431119,"nonsyn"
"273",91,273,0.0038930704,"nonsyn"
"274",92,274,0.0026055237,"nonsyn"
"275",92,275,0.0105708244,"nonsyn"
"276",92,276,0.0092715232,"nonsyn"
"277",93,277,0.0117801048,"nonsyn"
"278",93,278,0.018067557,"nonsyn"
"279",93,279,0,"nonsyn"
"280",94,280,0.0110171663,"nonsyn"
"281",94,281,0.0117647058,"nonsyn"
"282",94,282,0.005370844,"nonsyn"
"283",95,283,0.0055922725,"nonsyn"
"284",95,284,0.014245739,"nonsyn"
"285",95,285,0.0063580875,"nonsyn"
"286",96,286,0.0194805194,"nonsyn"
"287",96,287,0.0064283877,"nonsyn"
"288",96,288,0,"nonsyn"
"289",97,289,0.0199109249,"nonsyn"
"290",97,290,0.0071850141,"nonsyn"
"291",97,291,0,"nonsyn"
"292",98,292,0.0082977118,"nonsyn"
"293",98,293,0.0088116818,"nonsyn"
"294",98,294,0.0010111223,"nonsyn"
"295",99,295,0.0055443548,"nonsyn"
"296",99,296,0.0424055513,"nonsyn"
"297",99,297,0.0028190672,"nonsyn"
"298",100,298,0.0084702259,"nonsyn"
"299",100,299,0.0020860496,"nonsyn"
"300",100,300,0,"nonsyn"
"301",101,301,0.0083221476,"nonsyn"
"302",101,302,0.0079407093,"nonsyn"
"303",101,303,0.0172094255,"nonsyn"
"304",102,304,0.0073664824,"nonsyn"
"305",102,305,0.0124141574,"nonsyn"
"306",102,306,0,"nonsyn"
"307",103,307,0.0079218379,"nonsyn"
"308",103,308,0.006073409,"nonsyn"
"309",103,309,0.004172099,"nonsyn"
"310",104,310,0.0065172055,"nonsyn"
"311",104,311,0.0042530569,"nonsyn"
"312",104,312,0.0087976539,"nonsyn"
"313",105,313,0.0232306862,"nonsyn"
"314",105,314,0.0083378161,"nonsyn"
"315",105,315,0,"nonsyn"
"316",106,316,0.0042160738,"nonsyn"
"317",106,317,0.0086364826,"nonsyn"
"318",106,318,0,"nonsyn"
"319",107,319,0.0049673203,"nonsyn"
"320",107,320,0.0018348624,"nonsyn"
"321",107,321,0.0052896726,"nonsyn"
"322",108,322,0.0204907665,"nonsyn"
"323",108,323,0.0090022506,"nonsyn"
"324",108,324,0.0019965061,"nonsyn"
"325",109,325,0.0720424671,"nonsyn"
"326",109,326,0.0102015427,"nonsyn"
"327",109,327,0.0042853542,"nonsyn"
"328",110,328,0.0224159402,"nonsyn"
"329",110,329,0.003214639,"nonsyn"
"330",110,330,0,"nonsyn"
"331",111,331,0.0114416476,"nonsyn"
"332",111,332,0.0258131131,"nonsyn"
"333",111,333,0.0121071613,"nonsyn"
"334",112,334,0.0208440556,"nonsyn"
"335",112,335,0.0121824779,"nonsyn"
"336",112,336,0.0041332988,"nonsyn"
"337",113,337,0.018377527,"nonsyn"
"338",113,338,0.0107386066,"nonsyn"
"339",113,339,0.0020661157,"nonsyn"
"340",114,340,0.0087787246,"nonsyn"
"341",114,341,0.0095483871,"nonsyn"
"342",114,342,0.0059416171,"nonsyn"
"343",115,343,0.0041215869,"nonsyn"
"344",115,344,0.0084832905,"nonsyn"
"345",115,345,0.0020376974,"nonsyn"
"346",116,346,0.0112618377,"nonsyn"
"347",116,347,0.0066140932,"nonsyn"
"348",116,348,0.0242330498,"nonsyn"
"349",117,349,0.0063759245,"nonsyn"
"350",117,350,0.0128336755,"nonsyn"
"351",117,351,0.002600104,"nonsyn"
"352",118,352,0.0176899063,"nonsyn"
"353",118,353,0.0080729166,"nonsyn"
"354",118,354,0,"nonsyn"
"355",119,355,0.0058838578,"nonsyn"
"356",119,356,0.0120235354,"nonsyn"
"357",119,357,0.0071483278,"nonsyn"
"358",120,358,0.0040795513,"nonsyn"
"359",120,359,0.1540030597,"nonsyn"
"360",120,360,0.0038109756,"nonsyn"
"361",121,361,0.0104219624,"nonsyn"
"362",121,362,0.0040785114,"nonsyn"
"363",121,363,0.0022976768,"nonsyn"
"364",122,364,0.0034400635,"nonsyn"
"365",122,365,0.0061431624,"nonsyn"
"366",122,366,0,"nonsyn"
"367",123,367,0.0072211821,"nonsyn"
"368",123,368,0.0043057051,"nonsyn"
"369",123,369,0.0024,"nonsyn"
"370",124,370,0.0185676392,"nonsyn"
"371",124,371,0.0061333334,"nonsyn"
"372",124,372,0,"nonsyn"
"373",125,373,0.009919571,"nonsyn"
"374",125,374,0.0149973218,"nonsyn"
"375",125,375,0.0029177718,"nonsyn"
"376",126,376,0.0174556996,"nonsyn"
"377",126,377,0.0002646203,"nonsyn"
"378",126,378,0,"nonsyn"
"379",127,379,0.0503731343,"nonsyn"
"380",127,380,0.1141333333,"nonsyn"
"381",127,381,0,"nonsyn"
"382",128,382,0.0464247598,"nonsyn"
"383",128,383,0.0346666667,"nonsyn"
"384",128,384,0,"nonsyn"
"385",129,385,0.0750816104,"nonsyn"
"386",129,386,0.0138361368,"nonsyn"
"387",129,387,0,"nonsyn"
"388",130,388,0.0383369331,"nonsyn"
"389",130,389,0.0285947713,"nonsyn"
"390",130,390,0,"nonsyn"
"391",131,391,0.1214169822,"nonsyn"
"392",131,392,0.0214653691,"nonsyn"
"393",131,393,0,"nonsyn"
"394",132,394,0.5200348432,"nonsyn"
"395",132,395,0.006097561,"nonsyn"
"396",132,396,0,"nonsyn"
"397",NA,397,0.4124900557,"nonsyn"
"398",NA,398,0.0080775444,"nonsyn"
"399",NA,399,0,"nonsyn"
"400",NA,400,0.1873469387,"nonsyn"
"401",NA,401,0.0137352156,"nonsyn"
"402",NA,402,0,"nonsyn"
"403",NA,403,0.471246623,"nonsyn"
"404",NA,404,0.0149488591,"nonsyn"
"405",NA,405,0,"nonsyn"
"406",133,406,0.1361735495,"nonsyn"
"407",133,407,0.0446268274,"nonsyn"
"408",133,408,0,"nonsyn"
"409",134,409,0.0795574288,"nonsyn"
"410",134,410,0.0477557411,"nonsyn"
"411",134,411,0,"nonsyn"
"412",135,412,0.4479139334,"nonsyn"
"413",135,413,0.0179547229,"nonsyn"
"414",135,414,0,"nonsyn"
"415",136,415,0.1324152542,"nonsyn"
"416",136,416,0.0740349022,"nonsyn"
"417",136,417,0,"nonsyn"
"418",137,418,0.1035825546,"nonsyn"
"419",137,419,0.080465718,"nonsyn"
"420",137,420,0,"nonsyn"
"421",138,421,0.1688750325,"nonsyn"
"422",138,422,0.0305323591,"nonsyn"
"423",138,423,0,"nonsyn"
"424",139,424,0.5396065922,"nonsyn"
"425",139,425,0.0297311272,"nonsyn"
"426",139,426,0,"nonsyn"
"427",140,427,0.1051961284,"nonsyn"
"428",140,428,0.0315843097,"nonsyn"
"429",140,429,0,"nonsyn"
"430",141,430,0.0222728424,"nonsyn"
"431",141,431,0.128115653,"nonsyn"
"432",141,432,0.0029296875,"nonsyn"
"433",142,433,0.0646972656,"nonsyn"
"434",142,434,0.0365329513,"nonsyn"
"435",142,435,0.005733397,"nonsyn"
"436",143,436,0.0052206928,"nonsyn"
"437",143,437,0.0196219191,"nonsyn"
"438",143,438,0.0045607297,"nonsyn"
"439",144,439,0.0206482594,"nonsyn"
"440",144,440,0.0161913968,"nonsyn"
"441",144,441,0.0105465004,"nonsyn"
"442",145,442,0.0088242309,"nonsyn"
"443",145,443,0.0188995214,"nonsyn"
"444",145,444,0,"nonsyn"
"445",146,445,0.010289543,"nonsyn"
"446",146,446,0.0073915117,"nonsyn"
"447",146,447,0.0090735435,"nonsyn"
"448",147,448,0.0030959752,"nonsyn"
"449",147,449,0.014162266,"nonsyn"
"450",147,450,0.0026023184,"nonsyn"
"451",148,451,0.0186068702,"nonsyn"
"452",148,452,0.0071667463,"nonsyn"
"453",148,453,0,"nonsyn"
"454",149,454,0.0104986877,"nonsyn"
"455",149,455,0.0051997163,"nonsyn"
"456",149,456,0.0074783828,"nonsyn"
"457",150,457,0.0128026071,"nonsyn"
"458",150,458,0.006744186,"nonsyn"
"459",150,459,0,"nonsyn"
"460",151,460,0.0066498509,"nonsyn"
"461",151,461,0.0083919256,"nonsyn"
"462",151,462,0.0086383269,"nonsyn"
"463",152,463,0.0101902174,"nonsyn"
"464",152,464,0.0156960874,"nonsyn"
"465",152,465,0.0045955882,"nonsyn"
"466",153,466,0.0843235832,"nonsyn"
"467",153,467,0.0329818263,"nonsyn"
"468",153,468,0,"nonsyn"
"469",154,469,0.0104005311,"nonsyn"
"470",154,470,0.0107671602,"nonsyn"
"471",154,471,0.0795429083,"nonsyn"
"472",155,472,0.0386246931,"nonsyn"
"473",155,473,0.0100783875,"nonsyn"
"474",155,474,0.0063975292,"nonsyn"
"475",156,475,0.0056028687,"nonsyn"
"476",156,476,0.0140525838,"nonsyn"
"477",156,477,0.0074040835,"nonsyn"
"478",157,478,0.0054483542,"nonsyn"
"479",157,479,0.004497414,"nonsyn"
"480",157,480,0.0009111617,"nonsyn"
"481",158,481,0.0125085286,"nonsyn"
"482",158,482,0.0083653628,"nonsyn"
"483",158,483,0,"nonsyn"
"484",159,484,0.0028427728,"nonsyn"
"485",159,485,0.0034617049,"nonsyn"
"486",159,486,0,"nonsyn"
"487",160,487,0.0032244196,"nonsyn"
"488",160,488,0.0068303095,"nonsyn"
"489",160,489,0.003811137,"nonsyn"
"490",161,490,0.0030781859,"nonsyn"
"491",161,491,0.0163968026,"nonsyn"
"492",161,492,0.0038672909,"nonsyn"
"493",162,493,0.0040891433,"nonsyn"
"494",162,494,0.007284079,"nonsyn"
"495",162,495,0.0024875621,"nonsyn"
"496",163,496,0.0046814573,"nonsyn"
"497",163,497,0.0185034568,"nonsyn"
"498",163,498,0.0043746271,"nonsyn"
"499",164,499,0.0077844312,"nonsyn"
"500",164,500,0.0106677203,"nonsyn"
"501",164,501,0.0039100684,"nonsyn"
"502",165,502,0.0136328725,"nonsyn"
"503",165,503,0.0133766483,"nonsyn"
"504",165,504,0.0106040522,"nonsyn"
"505",166,505,0.017914999,"nonsyn"
"506",166,506,0.0163187856,"nonsyn"
"507",166,507,0.0020908573,"nonsyn"
"508",167,508,0.0173453997,"nonsyn"
"509",167,509,0.0051861456,"nonsyn"
"510",167,510,0,"nonsyn"
"511",168,511,0.0065031586,"nonsyn"
"512",168,512,0.0124747753,"nonsyn"
"513",168,513,0.0053269655,"nonsyn"
"514",169,514,0.0028964519,"nonsyn"
"515",169,515,0.0102702702,"nonsyn"
"516",169,516,0.0025130138,"nonsyn"
"517",170,517,0.0089573629,"nonsyn"
"518",170,518,0.0077617329,"nonsyn"
"519",170,519,0.0047906316,"nonsyn"
"520",171,520,0.0080328454,"nonsyn"
"521",171,521,0.0079295154,"nonsyn"
"522",171,522,0.0078781513,"nonsyn"
"523",172,523,0.0101790102,"nonsyn"
"524",172,524,0.0055652174,"nonsyn"
"525",172,525,0.0055623152,"nonsyn"
"526",173,526,0.0205610733,"nonsyn"
"527",173,527,0.0060922541,"nonsyn"
"528",173,528,0,"nonsyn"
"529",174,529,0.0055077453,"nonsyn"
"530",174,530,0.005119454,"nonsyn"
"531",174,531,0,"nonsyn"
"532",175,532,0.0053164977,"nonsyn"
"533",175,533,0.0021691974,"nonsyn"
"534",175,534,0.0178306092,"nonsyn"
"535",176,535,0.0100486223,"nonsyn"
"536",176,536,0.0245994497,"nonsyn"
"537",176,537,0.0045205037,"nonsyn"
"538",177,538,0.0110947952,"nonsyn"
"539",177,539,0.0235734027,"nonsyn"
"540",177,540,0.0050869708,"nonsyn"
"541",178,541,0.0060915377,"nonsyn"
"542",178,542,0.0178688525,"nonsyn"
"543",178,543,0.0029411765,"nonsyn"
"544",179,544,0.0064070971,"nonsyn"
"545",179,545,0.0139928409,"nonsyn"
"546",179,546,0.0016025641,"nonsyn"
"547",180,547,0.0364847715,"nonsyn"
"548",180,548,0.0125445254,"nonsyn"
"549",180,549,0,"nonsyn"
"550",181,550,0.0097538319,"nonsyn"
"551",181,551,0.0111731843,"nonsyn"
"552",181,552,0.0029439107,"nonsyn"
"553",182,553,0.0034119107,"nonsyn"
"554",182,554,0.0123999372,"nonsyn"
"555",182,555,0.0024867889,"nonsyn"
"556",183,556,0.0123495388,"nonsyn"
"557",183,557,0.0144536214,"nonsyn"
"558",183,558,0,"nonsyn"
"559",184,559,0.0044338876,"nonsyn"
"560",184,560,0.0074062401,"nonsyn"
"561",184,561,0.0047475867,"nonsyn"
"562",185,562,0.0026894479,"nonsyn"
"563",185,563,0.0069236822,"nonsyn"
"564",185,564,0.0036386648,"nonsyn"
"565",186,565,0.0095761382,"nonsyn"
"566",186,566,0.0034444967,"nonsyn"
"567",186,567,0,"nonsyn"
"568",187,568,0.0056791292,"nonsyn"
"569",187,569,0.0023674242,"nonsyn"
"570",187,570,0.0037694362,"nonsyn"
"571",188,571,0.0187149095,"nonsyn"
"572",188,572,0.0105312064,"nonsyn"
"573",188,573,0,"nonsyn"
"574",189,574,0.010761073,"nonsyn"
"575",189,575,0.0078220859,"nonsyn"
"576",189,576,0,"nonsyn"
"577",190,577,0.0108512915,"nonsyn"
"578",190,578,0.0071602682,"nonsyn"
"579",190,579,0,"nonsyn"
"580",191,580,0.0047553305,"nonsyn"
"581",191,581,0.0109737249,"nonsyn"
"582",191,582,0.0046439628,"nonsyn"
"583",192,583,0.0069348128,"nonsyn"
"584",192,584,0.0095267844,"nonsyn"
"585",192,585,0.0076323988,"nonsyn"
"586",193,586,0.0057731315,"nonsyn"
"587",193,587,0.0140493288,"nonsyn"
"588",193,588,0,"nonsyn"
"589",194,589,0.0050172468,"nonsyn"
"590",194,590,0.0101737361,"nonsyn"
"591",194,591,0.0106649937,"nonsyn"
"592",195,592,0.0043715847,"nonsyn"
"593",195,593,0.0079082028,"nonsyn"
"594",195,594,0.0031157501,"nonsyn"
"595",196,595,0.0043451273,"nonsyn"
"596",196,596,0.0076395385,"nonsyn"
"597",196,597,0.0032272937,"nonsyn"
"598",197,598,0.0053541379,"nonsyn"
"599",197,599,0.0050358614,"nonsyn"
"600",197,600,0,"nonsyn"
"601",198,601,0.0062604978,"nonsyn"
"602",198,602,0.0077767613,"nonsyn"
"603",198,603,0.0045717769,"nonsyn"
"604",199,604,0.0075384615,"nonsyn"
"605",199,605,0.0047648324,"nonsyn"
"606",199,606,0.0054045708,"nonsyn"
"607",200,607,0.0129283489,"nonsyn"
"608",200,608,0.0043330239,"nonsyn"
"609",200,609,0,"nonsyn"
"610",201,610,0.0076276464,"nonsyn"
"611",201,611,0.0123611329,"nonsyn"
"612",201,612,0.0035887034,"nonsyn"
"613",202,613,0.0031196381,"nonsyn"
"614",202,614,0.0109631949,"nonsyn"
"615",202,615,0.0040758739,"nonsyn"
"616",203,616,0.0058002822,"nonsyn"
"617",203,617,0.0081029552,"nonsyn"
"618",203,618,0.0029869517,"nonsyn"
"619",204,619,0.0098054975,"nonsyn"
"620",204,620,0.0057581573,"nonsyn"
"621",204,621,0.0095145945,"nonsyn"
"622",205,622,0.0038591413,"nonsyn"
"623",205,623,0.0079605159,"nonsyn"
"624",205,624,0.0063391442,"nonsyn"
"625",206,625,0.0070921986,"nonsyn"
"626",206,626,0.0059927457,"nonsyn"
"627",206,627,0.0038131554,"nonsyn"
"628",207,628,0.0072046109,"nonsyn"
"629",207,629,0.0092371397,"nonsyn"
"630",207,630,0,"nonsyn"
"631",208,631,0.0066582118,"nonsyn"
"632",208,632,0.0105397637,"nonsyn"
"633",208,633,0.0163566389,"nonsyn"
"634",209,634,0.0134674671,"nonsyn"
"635",209,635,0.0172413793,"nonsyn"
"636",209,636,0.0084870246,"nonsyn"
"637",210,637,0.0052108777,"nonsyn"
"638",210,638,0.0189487559,"nonsyn"
"639",210,639,0.00145255,"nonsyn"
"640",211,640,0.0078354554,"nonsyn"
"641",211,641,0.0099106417,"nonsyn"
"642",211,642,0.0042338381,"nonsyn"
"643",212,643,0.0069181354,"nonsyn"
"644",212,644,0.0083895378,"nonsyn"
"645",212,645,0.0065146579,"nonsyn"
"646",213,646,0.0288350634,"nonsyn"
"647",213,647,0.0068303789,"nonsyn"
"648",213,648,0,"nonsyn"
"649",214,649,0.0114829396,"nonsyn"
"650",214,650,0.0071637903,"nonsyn"
"651",214,651,0,"nonsyn"
"652",215,652,0.0977096721,"nonsyn"
"653",215,653,0.0112044818,"nonsyn"
"654",215,654,0.0018493611,"nonsyn"
"655",216,655,0.0049685327,"nonsyn"
"656",216,656,0.0126687781,"nonsyn"
"657",216,657,0.0005002501,"nonsyn"
"658",217,658,0.0033715441,"nonsyn"
"659",217,659,0.0087268994,"nonsyn"
"660",217,660,0.0086296169,"nonsyn"
"661",218,661,0.0072140158,"nonsyn"
"662",218,662,0.0183880392,"nonsyn"
"663",218,663,0.0069397427,"nonsyn"
"664",219,664,0.0375215146,"nonsyn"
"665",219,665,0.0068575348,"nonsyn"
"666",219,666,0,"nonsyn"
"667",220,667,0.0065698478,"nonsyn"
"668",220,668,0.0119413169,"nonsyn"
"669",220,669,0.0111626309,"nonsyn"
"670",221,670,0.0399513636,"nonsyn"
"671",221,671,0.0497121926,"nonsyn"
"672",221,672,0.0031430068,"nonsyn"
"673",222,673,0.0078836721,"nonsyn"
"674",222,674,0.0147809256,"nonsyn"
"675",222,675,0.0017286085,"nonsyn"
"676",223,676,0.0063716205,"nonsyn"
"677",223,677,0.0126649077,"nonsyn"
"678",223,678,0.0046648238,"nonsyn"
"679",224,679,0.0048951048,"nonsyn"
"680",224,680,0.0083044983,"nonsyn"
"681",224,681,0,"nonsyn"
"682",225,682,0.006592644,"nonsyn"
"683",225,683,0.0024067389,"nonsyn"
"684",225,684,0.0033240028,"nonsyn"
"685",226,685,0.0074074074,"nonsyn"
"686",226,686,0.0196529745,"nonsyn"
"687",226,687,0.0069605568,"nonsyn"
"688",227,688,0.0312163617,"nonsyn"
"689",227,689,0.0056169914,"nonsyn"
"690",227,690,0,"nonsyn"
"691",228,691,0.0112280702,"nonsyn"
"692",228,692,0.010387324,"nonsyn"
"693",228,693,0.0023041475,"nonsyn"
"694",229,694,0.0038664323,"nonsyn"
"695",229,695,0.0074730622,"nonsyn"
"696",229,696,0.0045201669,"nonsyn"
"697",230,697,0.0078192876,"nonsyn"
"698",230,698,0.0148532571,"nonsyn"
"699",230,699,0.0033916459,"nonsyn"
"700",231,700,0.0097279769,"nonsyn"
"701",231,701,0.0095152603,"nonsyn"
"702",231,702,0.0060790274,"nonsyn"
"703",232,703,0.0449155588,"nonsyn"
"704",232,704,0.0160244868,"nonsyn"
"705",232,705,0,"nonsyn"
"706",233,706,0.0073032681,"nonsyn"
"707",233,707,0.0125022649,"nonsyn"
"708",233,708,0.0097462302,"nonsyn"
"709",234,709,0.0110476893,"nonsyn"
"710",234,710,0.0120081285,"nonsyn"
"711",234,711,0,"nonsyn"
"712",235,712,0.0067840117,"nonsyn"
"713",235,713,0.009749816,"nonsyn"
"714",235,714,0,"nonsyn"
"715",236,715,0.0072048772,"nonsyn"
"716",236,716,0.005033557,"nonsyn"
"717",236,717,0,"nonsyn"
"718",237,718,0.0030869802,"nonsyn"
"719",237,719,0.004165912,"nonsyn"
"720",237,720,0,"nonsyn"
"721",238,721,0.0061292719,"nonsyn"
"722",238,722,0.0068328717,"nonsyn"
"723",238,723,0,"nonsyn"
"724",239,724,0.0047680176,"nonsyn"
"725",239,725,0.0046099945,"nonsyn"
"726",239,726,0,"nonsyn"
"727",240,727,0.001866368,"nonsyn"
"728",240,728,0.0065555348,"nonsyn"
"729",240,729,0.0049632353,"nonsyn"
"730",241,730,0.0048165988,"nonsyn"
"731",241,731,0.0051976982,"nonsyn"
"732",241,732,0,"nonsyn"
"733",242,733,0.0070908752,"nonsyn"
"734",242,734,0.0073732719,"nonsyn"
"735",242,735,0.0060840708,"nonsyn"
"736",243,736,0.0088740987,"nonsyn"
"737",243,737,0.0073367572,"nonsyn"
"738",243,738,0.0044526902,"nonsyn"
"739",244,739,0.0057599406,"nonsyn"
"740",244,740,0.0113193543,"nonsyn"
"741",244,741,0.0075771577,"nonsyn"
"742",245,742,0.0066042928,"nonsyn"
"743",245,743,0.019596968,"nonsyn"
"744",245,744,0.0101607242,"nonsyn"
"745",246,745,0.0404227702,"nonsyn"
"746",246,746,0.0097587922,"nonsyn"
"747",246,747,0,"nonsyn"
"748",247,748,0.010480665,"nonsyn"
"749",247,749,0.0126239856,"nonsyn"
"750",247,750,0.0035842294,"nonsyn"
"751",248,751,0.0057533262,"nonsyn"
"752",248,752,0.0121493657,"nonsyn"
"753",248,753,0,"nonsyn"
"754",249,754,0.0098601649,"nonsyn"
"755",249,755,0.0025031289,"nonsyn"
"756",249,756,0,"nonsyn"
"757",250,757,0.0051445804,"nonsyn"
"758",250,758,0.0048025614,"nonsyn"
"759",250,759,0,"nonsyn"
"760",251,760,0.0093457944,"nonsyn"
"761",251,761,0.0086486486,"nonsyn"
"762",251,762,0.0039847854,"nonsyn"
"763",252,763,0.0077421678,"nonsyn"
"764",252,764,0.0160244869,"nonsyn"
"765",252,765,0.0037459864,"nonsyn"
"766",253,766,0.0051878354,"nonsyn"
"767",253,767,0.0042864798,"nonsyn"
"768",253,768,0,"nonsyn"
"769",254,769,0.0050359712,"nonsyn"
"770",254,770,0.0153180754,"nonsyn"
"771",254,771,0.1043807464,"nonsyn"
"772",255,772,0.0145972248,"nonsyn"
"773",255,773,0.0064412238,"nonsyn"
"774",255,774,0.0074599709,"nonsyn"
"775",256,775,0.0073152889,"nonsyn"
"776",256,776,0.0087687249,"nonsyn"
"777",256,777,0,"nonsyn"
"778",257,778,0.0065621582,"nonsyn"
"779",257,779,0.0096874429,"nonsyn"
"780",257,780,0.0014641288,"nonsyn"
"781",258,781,0.0065753424,"nonsyn"
"782",258,782,0.0232731334,"nonsyn"
"783",258,783,0,"nonsyn"
"784",259,784,0.008409643,"nonsyn"
"785",259,785,0.026596741,"nonsyn"
"786",259,786,0,"nonsyn"
"787",260,787,0.0058139535,"nonsyn"
"788",260,788,0.0212443096,"nonsyn"
"789",260,789,0,"nonsyn"
"790",261,790,0.014841943,"nonsyn"
"791",261,791,0.0106931449,"nonsyn"
"792",261,792,0,"nonsyn"
"793",262,793,0.0059250765,"nonsyn"
"794",262,794,0.0028818444,"nonsyn"
"795",262,795,0,"nonsyn"
"796",263,796,0.0100794727,"nonsyn"
"797",263,797,0.011503217,"nonsyn"
"798",263,798,0.0017560976,"nonsyn"
"799",264,799,0.0218978102,"nonsyn"
"800",264,800,0.008136535,"nonsyn"
"801",264,801,0,"nonsyn"
"802",265,802,0.0094758064,"nonsyn"
"803",265,803,0.0046194015,"nonsyn"
"804",265,804,0.0016125781,"nonsyn"
"805",266,805,0.0111471423,"nonsyn"
"806",266,806,0.0094747683,"nonsyn"
"807",266,807,0.0093032871,"nonsyn"
"808",267,808,0.013393777,"nonsyn"
"809",267,809,0.0092745259,"nonsyn"
"810",267,810,0.0062021915,"nonsyn"
"811",268,811,0.0029172744,"nonsyn"
"812",268,812,0.0143672089,"nonsyn"
"813",268,813,0.0038151759,"nonsyn"
"814",269,814,0.0142522868,"nonsyn"
"815",269,815,0.0093756658,"nonsyn"
"816",269,816,0,"nonsyn"
"817",270,817,0.0079604131,"nonsyn"
"818",270,818,0.0102687349,"nonsyn"
"819",270,819,0.0032495667,"nonsyn"
"820",271,820,0.0290202924,"nonsyn"
"821",271,821,0.0067186823,"nonsyn"
"822",271,822,0,"nonsyn"
"823",272,823,0.0117544623,"nonsyn"
"824",272,824,0.0099567099,"nonsyn"
"825",272,825,0,"nonsyn"
"951",32,95,0,"syn"
"961",32,96,0.0167508641,"syn"
"971",33,97,0,"syn"
"981",33,98,0,"syn"
"991",33,99,0.0125333334,"syn"
"1001",34,100,0,"syn"
"1011",34,101,0,"syn"
"1021",34,102,0.0344735436,"syn"
"1031",35,103,0,"syn"
"1041",35,104,0,"syn"
"1051",35,105,0,"syn"
"1061",36,106,0.0024350649,"syn"
"1071",36,107,0,"syn"
"1081",36,108,0.0024350649,"syn"
"1091",37,109,0,"syn"
"1101",37,110,0,"syn"
"1111",37,111,0.0041299559,"syn"
"1121",38,112,0,"syn"
"1131",38,113,0,"syn"
"1141",38,114,0.0071724138,"syn"
"1151",39,115,0,"syn"
"1161",39,116,0,"syn"
"1171",39,117,0.0054525627,"syn"
"1181",40,118,0,"syn"
"1191",40,119,0,"syn"
"1201",40,120,0.0054734538,"syn"
"1211",41,121,0,"syn"
"1221",41,122,0,"syn"
"1231",41,123,0.0051940951,"syn"
"1241",42,124,0,"syn"
"1251",42,125,0,"syn"
"1261",42,126,0.0127578718,"syn"
"1271",43,127,0,"syn"
"1281",43,128,0,"syn"
"1291",43,129,0.0027247956,"syn"
"1301",44,130,0,"syn"
"1311",44,131,0,"syn"
"1321",44,132,0.0022038567,"syn"
"1331",45,133,0,"syn"
"1341",45,134,0,"syn"
"1351",45,135,0.0078519349,"syn"
"1361",46,136,0,"syn"
"1371",46,137,0,"syn"
"1381",46,138,0.0075451361,"syn"
"1391",47,139,0,"syn"
"1401",47,140,0,"syn"
"1411",47,141,0.0032042724,"syn"
"1421",48,142,0,"syn"
"1431",48,143,0,"syn"
"1441",48,144,0.003197442,"syn"
"1451",49,145,0.0029745809,"syn"
"1461",49,146,0,"syn"
"1471",49,147,0.0026666667,"syn"
"1481",50,148,0,"syn"
"1491",50,149,0,"syn"
"1501",50,150,0.0040595399,"syn"
"1511",51,151,0,"syn"
"1521",51,152,0,"syn"
"1531",51,153,0.0156914894,"syn"
"1541",52,154,0,"syn"
"1551",52,155,0,"syn"
"1561",52,156,0,"syn"
"1571",53,157,0,"syn"
"1581",53,158,0,"syn"
"1591",53,159,0.0104305964,"syn"
"1601",54,160,0,"syn"
"1611",54,161,0,"syn"
"1621",54,162,0.0064222639,"syn"
"1631",55,163,0,"syn"
"1641",55,164,0,"syn"
"1651",55,165,0.0147874307,"syn"
"1661",56,166,0,"syn"
"1671",56,167,0,"syn"
"1681",56,168,0.0036687631,"syn"
"1691",57,169,0,"syn"
"1701",57,170,0,"syn"
"1711",57,171,0.0034058161,"syn"
"1721",58,172,0.0023696682,"syn"
"1731",58,173,0,"syn"
"1741",58,174,0.0184356071,"syn"
"1751",59,175,0,"syn"
"1761",59,176,0,"syn"
"1771",59,177,0.0100489565,"syn"
"1781",60,178,0,"syn"
"1791",60,179,0,"syn"
"1801",60,180,0.0045466027,"syn"
"1811",61,181,0,"syn"
"1821",61,182,0,"syn"
"1831",61,183,0.0037584565,"syn"
"1841",62,184,0,"syn"
"1851",62,185,0,"syn"
"1861",62,186,0.1109706774,"syn"
"1871",63,187,0,"syn"
"1881",63,188,0,"syn"
"1891",63,189,0.0070707071,"syn"
"1901",64,190,0,"syn"
"1911",64,191,0,"syn"
"1921",64,192,0.0063163214,"syn"
"1931",65,193,0,"syn"
"1941",65,194,0,"syn"
"1951",65,195,0.017611026,"syn"
"1961",66,196,0,"syn"
"1971",66,197,0,"syn"
"1981",66,198,0.0017730496,"syn"
"1991",67,199,0.0038392629,"syn"
"2001",67,200,0,"syn"
"2011",67,201,0.0022982635,"syn"
"2021",68,202,0,"syn"
"2031",68,203,0,"syn"
"2041",68,204,0.0095118899,"syn"
"2051",69,205,0,"syn"
"2061",69,206,0,"syn"
"2071",69,207,0.0071519795,"syn"
"2081",70,208,0,"syn"
"2091",70,209,0,"syn"
"2101",70,210,0.0160104987,"syn"
"2111",71,211,0,"syn"
"2121",71,212,0,"syn"
"2131",71,213,0.0061994609,"syn"
"2141",72,214,0,"syn"
"2151",72,215,0,"syn"
"2161",72,216,0.0113696457,"syn"
"2171",73,217,0,"syn"
"2181",73,218,0,"syn"
"2191",73,219,0.0060878772,"syn"
"2201",74,220,0,"syn"
"2211",74,221,0,"syn"
"2221",74,222,0.0167820991,"syn"
"2231",75,223,0,"syn"
"2241",75,224,0,"syn"
"2251",75,225,0.0048439182,"syn"
"2261",76,226,0,"syn"
"2271",76,227,0,"syn"
"2281",76,228,0.0013480723,"syn"
"2291",77,229,0,"syn"
"2301",77,230,0,"syn"
"2311",77,231,0.0368963646,"syn"
"2321",78,232,0,"syn"
"2331",78,233,0,"syn"
"2341",78,234,0,"syn"
"2351",79,235,0,"syn"
"2361",79,236,0,"syn"
"2371",79,237,0.0113967665,"syn"
"2381",80,238,0,"syn"
"2391",80,239,0,"syn"
"2401",80,240,0.0037164853,"syn"
"2411",81,241,0,"syn"
"2421",81,242,0,"syn"
"2431",81,243,0.0073230269,"syn"
"2441",82,244,0,"syn"
"2451",82,245,0,"syn"
"2461",82,246,0.0117867667,"syn"
"2471",83,247,0,"syn"
"2481",83,248,0,"syn"
"2491",83,249,0.007959671,"syn"
"2501",84,250,0,"syn"
"2511",84,251,0,"syn"
"2521",84,252,0.0062942565,"syn"
"2531",85,253,0,"syn"
"2541",85,254,0,"syn"
"2551",85,255,0.0025806452,"syn"
"2561",86,256,0,"syn"
"2571",86,257,0,"syn"
"2581",86,258,0.0069089048,"syn"
"2591",87,259,0,"syn"
"2601",87,260,0,"syn"
"2611",87,261,0.0048198884,"syn"
"2621",88,262,0,"syn"
"2631",88,263,0,"syn"
"2641",88,264,0.0074111935,"syn"
"2651",89,265,0,"syn"
"2661",89,266,0,"syn"
"2671",89,267,0.0187769602,"syn"
"2681",90,268,0,"syn"
"2691",90,269,0,"syn"
"2701",90,270,0.0117737394,"syn"
"2711",91,271,0,"syn"
"2721",91,272,0,"syn"
"2731",91,273,0,"syn"
"2741",92,274,0,"syn"
"2751",92,275,0,"syn"
"2761",92,276,0.0098013245,"syn"
"2771",93,277,0,"syn"
"2781",93,278,0,"syn"
"2791",93,279,0.0071794871,"syn"
"2801",94,280,0,"syn"
"2811",94,281,0,"syn"
"2821",94,282,0.0066496164,"syn"
"2831",95,283,0,"syn"
"2841",95,284,0,"syn"
"2851",95,285,0.007121058,"syn"
"2861",96,286,0,"syn"
"2871",96,287,0,"syn"
"2881",96,288,0.020338983,"syn"
"2891",97,289,0,"syn"
"2901",97,290,0,"syn"
"2911",97,291,0.0069695406,"syn"
"2921",98,292,0,"syn"
"2931",98,293,0,"syn"
"2941",98,294,0.0025278058,"syn"
"2951",99,295,0,"syn"
"2961",99,296,0,"syn"
"2971",99,297,0.0033316248,"syn"
"2981",100,298,0,"syn"
"2991",100,299,0,"syn"
"3001",100,300,0.0112772095,"syn"
"3011",101,301,0,"syn"
"3021",101,302,0,"syn"
"3031",101,303,0.0034418851,"syn"
"3041",102,304,0,"syn"
"3051",102,305,0,"syn"
"3061",102,306,0.0053361793,"syn"
"3071",103,307,0,"syn"
"3081",103,308,0,"syn"
"3091",103,309,0.0534550196,"syn"
"3101",104,310,0.003649635,"syn"
"3111",104,311,0,"syn"
"3121",104,312,0.0170621168,"syn"
"3131",105,313,0,"syn"
"3141",105,314,0,"syn"
"3151",105,315,0.0069593148,"syn"
"3161",106,316,0,"syn"
"3171",106,317,0,"syn"
"3181",106,318,0.0110497238,"syn"
"3191",107,319,0.0036601307,"syn"
"3201",107,320,0,"syn"
"3211",107,321,0.00302267,"syn"
"3221",108,322,0,"syn"
"3231",108,323,0,"syn"
"3241",108,324,0.0022460694,"syn"
"3251",109,325,0,"syn"
"3261",109,326,0,"syn"
"3271",109,327,0.0042853542,"syn"
"3281",110,328,0,"syn"
"3291",110,329,0,"syn"
"3301",110,330,0.0129969419,"syn"
"3311",111,331,0,"syn"
"3321",111,332,0,"syn"
"3331",111,333,0,"syn"
"3341",112,334,0.0015440041,"syn"
"3351",112,335,0,"syn"
"3361",112,336,0.0072332731,"syn"
"3371",113,337,0,"syn"
"3381",113,338,0,"syn"
"3391",113,339,0.0018078512,"syn"
"3401",114,340,0,"syn"
"3411",114,341,0,"syn"
"3421",114,342,0.0064582795,"syn"
"3431",115,343,0,"syn"
"3441",115,344,0,"syn"
"3451",115,345,0.0114620479,"syn"
"3461",116,346,0,"syn"
"3471",116,347,0,"syn"
"3481",116,348,0.0061871616,"syn"
"3491",117,349,0,"syn"
"3501",117,350,0,"syn"
"3511",117,351,0.0135205408,"syn"
"3521",118,352,0,"syn"
"3531",118,353,0,"syn"
"3541",118,354,0.0068223564,"syn"
"3551",119,355,0,"syn"
"3561",119,356,0,"syn"
"3571",119,357,0.0099565994,"syn"
"3581",120,358,0,"syn"
"3591",120,359,0,"syn"
"3601",120,360,0.0053353659,"syn"
"3611",121,361,0,"syn"
"3621",121,362,0,"syn"
"3631",121,363,0,"syn"
"3641",122,364,0,"syn"
"3651",122,365,0,"syn"
"3661",122,366,0.0184147318,"syn"
"3671",123,367,0.0040117679,"syn"
"3681",123,368,0,"syn"
"3691",123,369,0.0176,"syn"
"3701",124,370,0,"syn"
"3711",124,371,0,"syn"
"3721",124,372,0.007785235,"syn"
"3731",125,373,0,"syn"
"3741",125,374,0,"syn"
"3751",125,375,0.0037135279,"syn"
"3761",126,376,0,"syn"
"3771",126,377,0,"syn"
"3781",126,378,0.0105848107,"syn"
"3791",127,379,0,"syn"
"3801",127,380,0,"syn"
"3811",127,381,0.0082578583,"syn"
"3821",128,382,0,"syn"
"3831",128,383,0,"syn"
"3841",128,384,0.0068380744,"syn"
"3851",129,385,0,"syn"
"3861",129,386,0,"syn"
"3871",129,387,0.0100652884,"syn"
"3881",130,388,0,"syn"
"3891",130,389,0,"syn"
"3901",130,390,0.006284153,"syn"
"3911",131,391,0,"syn"
"3921",131,392,0,"syn"
"3931",131,393,0.0097365406,"syn"
"3941",132,394,0,"syn"
"3951",132,395,0,"syn"
"3961",132,396,0.021553477,"syn"
"3971",NA,397,0,"syn"
"3981",NA,398,0,"syn"
"3991",NA,399,0.00723182,"syn"
"4001",NA,400,0,"syn"
"4011",NA,401,0,"syn"
"4021",NA,402,0.0230149597,"syn"
"4031",NA,403,0,"syn"
"4041",NA,404,0,"syn"
"4051",NA,405,0.0103011094,"syn"
"4061",133,406,0,"syn"
"4071",133,407,0,"syn"
"4081",133,408,0.080104712,"syn"
"4091",134,409,0,"syn"
"4101",134,410,0,"syn"
"4111",134,411,0.0455497382,"syn"
"4121",135,412,0,"syn"
"4131",135,413,0,"syn"
"4141",135,414,0.0153806048,"syn"
"4151",136,415,0,"syn"
"4161",136,416,0,"syn"
"4171",136,417,0.1680021368,"syn"
"4181",137,418,0,"syn"
"4191",137,419,0,"syn"
"4201",137,420,0.1006485084,"syn"
"4211",138,421,0,"syn"
"4221",138,422,0,"syn"
"4231",138,423,0.027632951,"syn"
"4241",139,424,0,"syn"
"4251",139,425,0,"syn"
"4261",139,426,0.0270409477,"syn"
"4271",140,427,0,"syn"
"4281",140,428,0,"syn"
"4291",140,429,0.0254041571,"syn"
"4301",141,430,0,"syn"
"4311",141,431,0,"syn"
"4321",141,432,0.0063476562,"syn"
"4331",142,433,0,"syn"
"4341",142,434,0,"syn"
"4351",142,435,0.0093167702,"syn"
"4361",143,436,0,"syn"
"4371",143,437,0,"syn"
"4381",143,438,0.0050408065,"syn"
"4391",144,439,0,"syn"
"4401",144,440,0,"syn"
"4411",144,441,0,"syn"
"4421",145,442,0,"syn"
"4431",145,443,0,"syn"
"4441",145,444,0.0104413859,"syn"
"4451",146,445,0,"syn"
"4461",146,446,0,"syn"
"4471",146,447,0.0054918816,"syn"
"4481",147,448,0,"syn"
"4491",147,449,0,"syn"
"4501",147,450,0.0070972321,"syn"
"4511",148,451,0,"syn"
"4521",148,452,0,"syn"
"4531",148,453,0.0120307989,"syn"
"4541",149,454,0,"syn"
"4551",149,455,0,"syn"
"4561",149,456,0.0102827763,"syn"
"4571",150,457,0,"syn"
"4581",150,458,0,"syn"
"4591",150,459,0.0119788067,"syn"
"4601",151,460,0,"syn"
"4611",151,461,0,"syn"
"4621",151,462,0.0056831098,"syn"
"4631",152,463,0,"syn"
"4641",152,464,0,"syn"
"4651",152,465,0.0018382352,"syn"
"4661",153,466,0,"syn"
"4671",153,467,0,"syn"
"4681",153,468,0.0253050159,"syn"
"4691",154,469,0,"syn"
"4701",154,470,0,"syn"
"4711",154,471,0.0078422586,"syn"
"4721",155,472,0,"syn"
"4731",155,473,0,"syn"
"4741",155,474,0.0041914847,"syn"
"4751",156,475,0,"syn"
"4761",156,476,0,"syn"
"4771",156,477,0.0042629571,"syn"
"4781",157,478,0,"syn"
"4791",157,479,0,"syn"
"4801",157,480,0.0020501139,"syn"
"4811",158,481,0,"syn"
"4821",158,482,0,"syn"
"4831",158,483,0.0186788154,"syn"
"4841",159,484,0,"syn"
"4851",159,485,0,"syn"
"4861",159,486,0.0038601759,"syn"
"4871",160,487,0.005588994,"syn"
"4881",160,488,0,"syn"
"4891",160,489,0.003811137,"syn"
"4901",161,490,0,"syn"
"4911",161,491,0,"syn"
"4921",161,492,0.0042743741,"syn"
"4931",162,493,0,"syn"
"4941",162,494,0,"syn"
"4951",162,495,0.0105721393,"syn"
"4961",163,496,0,"syn"
"4971",163,497,0,"syn"
"4981",163,498,0.0047723205,"syn"
"4991",164,499,0,"syn"
"5001",164,500,0,"syn"
"5011",164,501,0.011143695,"syn"
"5021",165,502,0,"syn"
"5031",165,503,0,"syn"
"5041",165,504,0,"syn"
"5051",166,505,0,"syn"
"5061",166,506,0,"syn"
"5071",166,507,0.0036114808,"syn"
"5081",167,508,0,"syn"
"5091",167,509,0,"syn"
"5101",167,510,0.0055248619,"syn"
"5111",168,511,0,"syn"
"5121",168,512,0,"syn"
"5131",168,513,0.0064290963,"syn"
"5141",169,514,0,"syn"
"5151",169,515,0,"syn"
"5161",169,516,0.0032310178,"syn"
"5171",170,517,0,"syn"
"5181",170,518,0,"syn"
"5191",170,519,0.0042583392,"syn"
"5201",171,520,0,"syn"
"5211",171,521,0,"syn"
"5221",171,522,0.0057773109,"syn"
"5231",172,523,0,"syn"
"5241",172,524,0,"syn"
"5251",172,525,0,"syn"
"5261",173,526,0,"syn"
"5271",173,527,0,"syn"
"5281",173,528,0.0089238846,"syn"
"5291",174,529,0,"syn"
"5301",174,530,0,"syn"
"5311",174,531,0.0048196776,"syn"
"5321",175,532,0.0038212328,"syn"
"5331",175,533,0,"syn"
"5341",175,534,0.00280667,"syn"
"5351",176,535,0,"syn"
"5361",176,536,0,"syn"
"5371",176,537,0.0037132709,"syn"
"5381",177,538,0.0021210638,"syn"
"5391",177,539,0,"syn"
"5401",177,540,0.0193633082,"syn"
"5411",178,541,0,"syn"
"5421",178,542,0,"syn"
"5431",178,543,0.0135620915,"syn"
"5441",179,544,0,"syn"
"5451",179,545,0,"syn"
"5461",179,546,0.0030448718,"syn"
"5471",180,547,0,"syn"
"5481",180,548,0,"syn"
"5491",180,549,0.0067145533,"syn"
"5501",181,550,0,"syn"
"5511",181,551,0,"syn"
"5521",181,552,0.2190889371,"syn"
"5531",182,553,0,"syn"
"5541",182,554,0,"syn"
"5551",182,555,0.0041964563,"syn"
"5561",183,556,0,"syn"
"5571",183,557,0,"syn"
"5581",183,558,0.0032797126,"syn"
"5591",184,559,0,"syn"
"5601",184,560,0,"syn"
"5611",184,561,0.0047475866,"syn"
"5621",185,562,0,"syn"
"5631",185,563,0,"syn"
"5641",185,564,0.0098085746,"syn"
"5651",186,565,0,"syn"
"5661",186,566,0,"syn"
"5671",186,567,0.0138670028,"syn"
"5681",187,568,0,"syn"
"5691",187,569,0,"syn"
"5701",187,570,0,"syn"
"5711",188,571,0,"syn"
"5721",188,572,0,"syn"
"5731",188,573,0.0040098705,"syn"
"5741",189,574,0,"syn"
"5751",189,575,0,"syn"
"5761",189,576,0.0201958385,"syn"
"5771",190,577,0,"syn"
"5781",190,578,0,"syn"
"5791",190,579,0.006626599,"syn"
"5801",191,580,0,"syn"
"5811",191,581,0,"syn"
"5821",191,582,0.0078947368,"syn"
"5831",192,583,0.0047773155,"syn"
"5841",192,584,0,"syn"
"5851",192,585,0.0021806854,"syn"
"5861",193,586,0,"syn"
"5871",193,587,0,"syn"
"5881",193,588,0.0109992254,"syn"
"5891",194,589,0,"syn"
"5901",194,590,0,"syn"
"5911",194,591,0.0047051443,"syn"
"5921",195,592,0,"syn"
"5931",195,593,0,"syn"
"5941",195,594,0.0121514255,"syn"
"5951",196,595,0,"syn"
"5961",196,596,0,"syn"
"5971",196,597,0.0069156293,"syn"
"5981",197,598,0,"syn"
"5991",197,599,0,"syn"
"6001",197,600,0.0119987849,"syn"
"6011",198,601,0,"syn"
"6021",198,602,0,"syn"
"6031",198,603,0.0054861323,"syn"
"6041",199,604,0,"syn"
"6051",199,605,0,"syn"
"6061",199,606,0.0015441631,"syn"
"6071",200,607,0,"syn"
"6081",200,608,0,"syn"
"6091",200,609,0.0079113925,"syn"
"6101",201,610,0,"syn"
"6111",201,611,0,"syn"
"6121",201,612,0.0024964893,"syn"
"6131",202,613,0,"syn"
"6141",202,614,0,"syn"
"6151",202,615,0.0023514657,"syn"
"6161",203,616,0,"syn"
"6171",203,617,0,"syn"
"6181",203,618,0.0045590316,"syn"
"6191",204,619,0,"syn"
"6201",204,620,0,"syn"
"6211",204,621,0.0349943557,"syn"
"6221",205,622,0.0012863804,"syn"
"6231",205,623,0,"syn"
"6241",205,624,0.006022187,"syn"
"6251",206,625,0,"syn"
"6261",206,626,0,"syn"
"6271",206,627,0.1072449952,"syn"
"6281",207,628,0,"syn"
"6291",207,629,0,"syn"
"6301",207,630,0.004443034,"syn"
"6311",208,631,0,"syn"
"6321",208,632,0,"syn"
"6331",208,633,0,"syn"
"6341",209,634,0,"syn"
"6351",209,635,0,"syn"
"6361",209,636,0.0039170883,"syn"
"6371",210,637,0,"syn"
"6381",210,638,0,"syn"
"6391",210,639,0.0019367334,"syn"
"6401",211,640,0,"syn"
"6411",211,641,0,"syn"
"6421",211,642,0.0034196385,"syn"
"6431",212,643,0,"syn"
"6441",212,644,0,"syn"
"6451",212,645,0.0045602606,"syn"
"6461",213,646,0,"syn"
"6471",213,647,0,"syn"
"6481",213,648,0.0217067109,"syn"
"6491",214,649,0,"syn"
"6501",214,650,0,"syn"
"6511",214,651,0.0083170255,"syn"
"6521",215,652,0,"syn"
"6531",215,653,0,"syn"
"6541",215,654,0.0048755884,"syn"
"6551",216,655,0,"syn"
"6561",216,656,0,"syn"
"6571",216,657,0.0115057529,"syn"
"6581",217,658,0,"syn"
"6591",217,659,0,"syn"
"6601",217,660,0.0041422161,"syn"
"6611",218,661,0,"syn"
"6621",218,662,0,"syn"
"6631",218,663,0.0042315504,"syn"
"6641",219,664,0,"syn"
"6651",219,665,0,"syn"
"6661",219,666,0.0098005502,"syn"
"6671",220,667,0,"syn"
"6681",220,668,0,"syn"
"6691",220,669,0.003949854,"syn"
"6701",221,670,0,"syn"
"6711",221,671,0,"syn"
"6721",221,672,0.0022699494,"syn"
"6731",222,673,0,"syn"
"6741",222,674,0,"syn"
"6751",222,675,0.067761452,"syn"
"6761",223,676,0,"syn"
"6771",223,677,0,"syn"
"6781",223,678,0.0131306151,"syn"
"6791",224,679,0,"syn"
"6801",224,680,0,"syn"
"6811",224,681,0.0034746352,"syn"
"6821",225,682,0,"syn"
"6831",225,683,0,"syn"
"6841",225,684,0,"syn"
"6851",226,685,0,"syn"
"6861",226,686,0,"syn"
"6871",226,687,0.0014278065,"syn"
"6881",227,688,0,"syn"
"6891",227,689,0,"syn"
"6901",227,690,0.0068819481,"syn"
"6911",228,691,0,"syn"
"6921",228,692,0,"syn"
"6931",228,693,0.0037220844,"syn"
"6941",229,694,0.0031634446,"syn"
"6951",229,695,0,"syn"
"6961",229,696,0.0066063978,"syn"
"6971",230,697,0,"syn"
"6981",230,698,0,"syn"
"6991",230,699,0.0051767226,"syn"
"7001",231,700,0.0030625113,"syn"
"7011",231,701,0,"syn"
"7021",231,702,0.0080457715,"syn"
"7031",232,703,0,"syn"
"7041",232,704,0,"syn"
"7051",232,705,0.0045053163,"syn"
"7061",233,706,0,"syn"
"7071",233,707,0,"syn"
"7081",233,708,0.0034939316,"syn"
"7091",234,709,0,"syn"
"7101",234,710,0,"syn"
"7111",234,711,0.0222596333,"syn"
"7121",235,712,0,"syn"
"7131",235,713,0,"syn"
"7141",235,714,0.0097408565,"syn"
"7151",236,715,0,"syn"
"7161",236,716,0,"syn"
"7171",236,717,0.010286554,"syn"
"7181",237,718,0,"syn"
"7191",237,719,0,"syn"
"7201",237,720,0.0120284309,"syn"
"7211",238,721,0,"syn"
"7221",238,722,0,"syn"
"7231",238,723,0.0049742078,"syn"
"7241",239,724,0,"syn"
"7251",239,725,0,"syn"
"7261",239,726,0.0121178224,"syn"
"7271",240,727,0.0078387458,"syn"
"7281",240,728,0,"syn"
"7291",240,729,0.0036764706,"syn"
"7301",241,730,0,"syn"
"7311",241,731,0,"syn"
"7321",241,732,0.0063138347,"syn"
"7331",242,733,0.0020526218,"syn"
"7341",242,734,0,"syn"
"7351",242,735,0.0079277286,"syn"
"7361",243,736,0,"syn"
"7371",243,737,0,"syn"
"7381",243,738,0.0051948052,"syn"
"7391",244,739,0,"syn"
"7401",244,740,0,"syn"
"7411",244,741,0.0049898355,"syn"
"7421",245,742,0,"syn"
"7431",245,743,0,"syn"
"7441",245,744,0.0053574728,"syn"
"7451",246,745,0,"syn"
"7461",246,746,0,"syn"
"7471",246,747,0.0105974786,"syn"
"7481",247,748,0,"syn"
"7491",247,749,0,"syn"
"7501",247,750,0.0034050179,"syn"
"7511",248,751,0,"syn"
"7521",248,752,0,"syn"
"7531",248,753,0.3899247042,"syn"
"7541",249,754,0,"syn"
"7551",249,755,0,"syn"
"7561",249,756,0.0068567304,"syn"
"7571",250,757,0,"syn"
"7581",250,758,0,"syn"
"7591",250,759,0.0047872341,"syn"
"7601",251,760,0,"syn"
"7611",251,761,0,"syn"
"7621",251,762,0.0032602789,"syn"
"7631",252,763,0,"syn"
"7641",252,764,0,"syn"
"7651",252,765,0,"syn"
"7661",253,766,0,"syn"
"7671",253,767,0,"syn"
"7681",253,768,0.0043446777,"syn"
"7691",254,769,0,"syn"
"7701",254,770,0,"syn"
"7711",254,771,0.0043266631,"syn"
"7721",255,772,0,"syn"
"7731",255,773,0,"syn"
"7741",255,774,0.0085516739,"syn"
"7751",256,775,0,"syn"
"7761",256,776,0,"syn"
"7771",256,777,0.005849022,"syn"
"7781",257,778,0,"syn"
"7791",257,779,0,"syn"
"7801",257,780,0.0020131772,"syn"
"7811",258,781,0,"syn"
"7821",258,782,0,"syn"
"7831",258,783,0.0139508929,"syn"
"7841",259,784,0,"syn"
"7851",259,785,0,"syn"
"7861",259,786,0.0124999999,"syn"
"7871",260,787,0,"syn"
"7881",260,788,0,"syn"
"7891",260,789,0.008943863,"syn"
"7901",261,790,0,"syn"
"7911",261,791,0,"syn"
"7921",261,792,0.0141653905,"syn"
"7931",262,793,0,"syn"
"7941",262,794,0,"syn"
"7951",262,795,0.0115740741,"syn"
"7961",263,796,0,"syn"
"7971",263,797,0,"syn"
"7981",263,798,0.0017560976,"syn"
"7991",264,799,0,"syn"
"8001",264,800,0,"syn"
"8011",264,801,0.0078423487,"syn"
"8021",265,802,0.0028225806,"syn"
"8031",265,803,0,"syn"
"8041",265,804,0.0020157226,"syn"
"8051",266,805,0,"syn"
"8061",266,806,0,"syn"
"8071",266,807,0,"syn"
"8081",267,808,0,"syn"
"8091",267,809,0,"syn"
"8101",267,810,0,"syn"
"8111",268,811,0,"syn"
"8121",268,812,0,"syn"
"8131",268,813,0.0235269182,"syn"
"8141",269,814,0,"syn"
"8151",269,815,0,"syn"
"8161",269,816,0.0139425139,"syn"
"8171",270,817,0,"syn"
"8181",270,818,0,"syn"
"8191",270,819,0.0071490468,"syn"
"8201",271,820,0,"syn"
"8211",271,821,0,"syn"
"8221",271,822,0.0115267508,"syn"
"8231",272,823,0,"syn"
"8241",272,824,0,"syn"
"8251",272,825,0.0081282953,"syn"
